# callgrind format
version: 1
creator: callgrind-3.22.0
pid: 1239514
cmd:  ./miniRT-prof maps/rt/emissive_test.rt
part: 1


desc: I1 cache: 
desc: D1 cache: 
desc: LL cache: 

desc: Timerange: Basic block 0 - 2966406614
desc: Trigger: Program termination

positions: line
events: Ir
summary: 20226685019


ob=(12) /usr/lib/x86_64-linux-gnu/libXext.so.6.4.0
fl=(202) ???
fn=(2066) 0x0000000000007270
0 187
cfn=(2070) XextFindDisplay
calls=17 0 
0 444
0 91
cfn=(2076) XextAddDisplay
calls=1 0 
0 22244

fn=(2574) XShmCreateImage
0 54
cob=(4) ???
cfi=(177) ???
cfn=(2576) 0x0000000004950430
calls=3 0 
0 1584
0 60
cob=(4)
cfi=(177)
cfn=(2580) 0x00000000049504a0
calls=3 0 
0 952
0 63
cob=(4)
cfi=(177)
cfn=(2592) 0x00000000049503d0
calls=3 0 
0 983
0 42
cob=(4)
cfi=(177)
cfn=(2586) 0x0000000004950470
calls=3 0 
0 968
0 15

fn=(3318) 0x00000000000048d0
0 12
cob=(4)
cfi=(177)
cfn=(3320) 0x0000000004950330
calls=3 0 
0 1110
0 9

fn=(3444) 0x00000000000047f0
0 5

fn=(2610) XShmAttach
0 30
cfn=(2066)
calls=3 0 
0 111
0 30
cob=(11) /usr/lib/x86_64-linux-gnu/libX11.so.6.4.0
cfi=(190) ???
cfn=(1696) 0x00000000000277b0
calls=3 0 
0 288
0 12
cob=(4)
cfi=(177)
cfn=(2150) 0x0000000004950490
calls=3 0 
0 93
0 21
cob=(11)
cfi=(190)
cfn=(1818) _XAllocID
calls=3 0 
0 27
0 36
cob=(11)
cfi=(190)
cfn=(1876) 0x0000000000027170
calls=3 0 
0 117
0 30

fn=(2076)
0 17
cob=(4)
cfi=(177)
cfn=(2078) 0x00000000049504b0
calls=1 0 
0 1127
0 11
cob=(4)
cfi=(177)
cfn=(2084) 0x0000000004950590
calls=1 0 
0 5048
0 12
cob=(4)
cfi=(177)
cfn=(2088) 0x0000000004950360
calls=1 0 
0 1006
0 5
cob=(4)
cfi=(177)
cfn=(2092) 0x0000000004950340
calls=1 0 
0 1017
0 5
cob=(4)
cfi=(177)
cfn=(2098) 0x0000000004950440
calls=1 0 
0 915
0 27
cob=(4)
cfi=(177)
cfn=(2116) 0x0000000004950550
calls=1 0 
0 176
0 10
cob=(4)
cfi=(177)
cfn=(2174) 0x0000000004950520
calls=1 0 
0 1011
0 7
cob=(11)
cfi=(190)
cfn=(894) 0x00000000000270f0
calls=1 0 
0 42
0 13
cob=(11)
cfi=(190)
cfn=(902) 0x0000000000027160
calls=1 0 
0 28
0 13
cfn=(2102) 0x0000000000006490
calls=1 0 
0 6331
0 6
cfn=(2134) 0x0000000000004a10
calls=1 0 
0 5355
0 6
cob=(4)
cfi=(177)
cfn=(2078)
calls=1 0 
0 47
0 9

fn=(2077) XextAddDisplay'2
0 17
cob=(4)
cfi=(177)
cfn=(2078)
calls=1 0 
0 47
0 11
cob=(4)
cfi=(177)
cfn=(2084)
calls=1 0 
0 4505
0 9
cob=(4)
cfi=(177)
cfn=(2098)
calls=1 0 
0 22
0 27
cob=(4)
cfi=(177)
cfn=(2116)
calls=1 0 
0 1035
0 13
cob=(11)
cfi=(190)
cfn=(894)
calls=1 0 
0 42
0 13
cob=(11)
cfi=(190)
cfn=(902)
calls=1 0 
0 28
0 9

fn=(2106) XextCreateExtension
0 5
cob=(4)
cfi=(177)
cfn=(2078)
calls=1 0 
0 47
0 7

fn=(3066) XShmPutImage
0 160
cfn=(2066)
calls=10 0 
0 370
0 130
cob=(11)
cfi=(190)
cfn=(1696)
calls=10 0 
0 950
0 60
cob=(4)
cfi=(177)
cfn=(2150)
calls=10 0 
0 310
0 400
cob=(11)
cfi=(190)
cfn=(1876)
calls=10 0 
0 420
0 120

fn=(2064) XShmQueryVersion
0 17
cfn=(2066)
calls=1 0 
0 22374
0 10
cob=(11)
cfi=(190)
cfn=(1696)
calls=1 0 
0 96
0 4
cob=(4)
cfi=(177)
cfn=(2150)
calls=1 0 
0 31
0 9
cob=(4)
cfi=(177)
cfn=(2156) 0x0000000004950390
calls=1 0 
0 3512
0 15
cob=(11)
cfi=(190)
cfn=(1876)
calls=1 0 
0 39
0 15

fn=(2134)
0 15
cob=(11)
cfi=(190)
cfn=(1696)
calls=1 0 
0 96
0 12
cob=(11)
cfi=(190)
cfn=(1876)
calls=1 0 
0 39
0 13
cob=(4)
cfi=(177)
cfn=(2078)
calls=1 0 
0 189
0 7
cob=(4)
cfi=(177)
cfn=(2150)
calls=1 0 
0 807
0 10
cob=(4)
cfi=(177)
cfn=(2156)
calls=1 0 
0 4112
0 4
cob=(4)
cfi=(177)
cfn=(2078)
calls=1 0 
0 44
0 7

fn=(720) 0x00000000000048a0
0 12

fn=(3434) 0x0000000000004860
0 9
cob=(4)
cfi=(177)
cfn=(3440) 0x0000000004950310
calls=1 0 
0 80
0 1
cfn=(3444)
calls=1 0 
0 5
0 3

fn=(2070)
0 262
cob=(11)
cfi=(190)
cfn=(894)
calls=2 0 
0 84
0 134
cob=(11)
cfi=(190)
cfn=(902)
calls=2 0 
0 56
0 16

fn=(2102)
0 10
cfn=(2070)
calls=1 0 
0 108
0 9
cfn=(2106)
calls=1 0 
0 59
0 11
cfn=(2077)
calls=1 0 
0 5778
0 9
cob=(4)
cfi=(177)
cfn=(2088)
calls=1 0 
0 171
0 4
cob=(4)
cfi=(177)
cfn=(2092)
calls=1 0 
0 171
0 1

fn=(3312) XShmDetach
0 30
cfn=(2066)
calls=3 0 
0 111
0 30
cob=(11)
cfi=(190)
cfn=(1696)
calls=3 0 
0 285
0 12
cob=(4)
cfi=(177)
cfn=(2150)
calls=3 0 
0 93
0 33
cob=(11)
cfi=(190)
cfn=(1876)
calls=3 0 
0 126
0 30

ob=(8) /usr/lib/x86_64-linux-gnu/libXdmcp.so.6.0.0
fl=(187) ???
fn=(632) 0x0000000000002250
0 12

fn=(3520) 0x00000000000021a0
0 5

fn=(3510) 0x0000000000002210
0 9
cob=(4)
cfi=(177)
cfn=(3516) 0x0000000004ce20e0
calls=1 0 
0 80
0 1
cfn=(3520)
calls=1 0 
0 5
0 3

ob=(1) /usr/lib/x86_64-linux-gnu/ld-linux-x86-64.so.2
fl=(140) ./misc/../sysdeps/unix/syscall-template.S
fn=(436) mprotect
117 65
+5 13

fn=(574) munmap
117 5
+5 1

fl=(67) ./elf/./elf/dl-cache.c
fn=(572) _dl_unload_cache
525 1
+1 4
-1 1
+3 1
-3 1
+3 1
cfi=(140)
cfn=(574)
calls=1 117 
* 6
+7 1
-6 1
+4 1
+2 1

fn=(222) _dl_cache_libcmp
357 91
+1 91
+32 91
-33 91
+1 204
+2 490
+2 490
-2 980
+20 952
+2 952
-12 398
+2 398
+14 398
+1 398
-29 796
+32 30
-28 28
+6 11
+2 11
-2 11
+1 11
-1 11
+1 11
-1 11
+2 34
+1 3
-1 4
+2 11
-3 11
+3 34
+1 3
-1 4
+2 22
+9 234
-5 6

fn=(214) _dl_load_cache_lookup
403 100
+2 20
+3 30
+69 27
+5 10
205 10
482 20
+3 30
fi=(69) ./elf/../sysdeps/x86/dl-procinfo.h
39 20
+3 30
cfi=(32) ./string/../sysdeps/x86_64/multiarch/../multiarch/strcmp-sse2.S
cfn=(94) strcmp
calls=10 +56 
* 250
* 40
fe=(67)
208 60
cfi=(11) ./elf/./elf/dl-tunables.c
cfn=(28) __tunable_get_val
calls=10 387 
* 230
* 10
+12 10
-10 10
-2 10
+12 20
-7 50
+9 50
+1 10
-32 20
+36 10
-4 10
+4 20
-5 355
+1 71
-32 142
+36 71
-4 71
+4 142
+4 243
cfn=(222)
calls=81 357 
* 6605
+1 162
346 71
+3 34
220 68
347 37
220 94
+2 100
+20 20
+3 20
+2 40
cfn=(222)
calls=10 357 
* 716
* 20
-7 20
-30 30
+1 10
fi=(481) ./elf/../sysdeps/x86/dl-isa-level.h
28 20
fe=(67)
210 20
fi=(481)
28 10
fe=(67)
210 10
+1 10
-1 30
+76 30
fi=(481)
28 30
fe=(67)
259 20
+10 30
+1 40
+16 10
fi=(68) ./elf/../sysdeps/generic/dl-cache.h
125 10
fe=(67)
286 30
+9 20
+3 20
+3 10
+1 30
+28 20
500 20
+12 20
cfi=(22) ./string/../sysdeps/x86_64/multiarch/../multiarch/strlen-sse2.S
cfn=(62) strlen
calls=10 57 
* 350
+1 10
-1 10
+1 120
+1 10
-1 10
+1 10
-1 10
+1 10
cfi=(29) ./string/../sysdeps/x86_64/multiarch/memmove-vec-unaligned-erms.S
cfn=(82) memcpy
calls=10 210 
* 166
* 10
+1 10
cfi=(44) ./string/./string/strdup.c
cfn=(138) strdup
calls=10 40 
* 1006
+1 80
411 4
cfi=(52) ./elf/./elf/dl-misc.c
cfn=(216) _dl_sysdep_read_whole_file
calls=1 36 
* 103
* 1
+8 5
+1 8
+3 3
+1 1
-1 3
fi=(68)
194 1
+1 5
fe=(67)
431 1
+1 2

fl=(38) ./elf/../sysdeps/x86_64/dl-hwcaps-subdirs.c
fn=(110) _dl_hwcaps_subdirs_active
29 1
fi=(19) ./elf/../sysdeps/x86/get-isa-level.h
+2 1
fe=(38)
+7 1
fi=(19)
-8 4
fe=(38)
+22 1
fi=(19)
-20 3
+4 1
fe=(38)
+2 1
fi=(19)
-2 2
+3 4
+1 4
+5 1
fe=(38)
-7 1
fi=(19)
+7 3
fe=(38)
-2 1
fi=(19)
+5 2
+3 5
+2 4
+1 2
+1 2
+3 1
fe=(38)
-10 1
fi=(19)
+10 3
fe=(38)

fl=(15) ./elf/../sysdeps/x86/dl-get-cpu-features.c
fn=(550) __x86_cpu_features
71 1
-32 3
+32 2

fn=(34) _dl_x86_init_cpu_features
37 1
+2 3
+2 1
cfi=(16) ./elf/../sysdeps/x86/cpu-features.c
cfn=(36) init_cpu_features.constprop.0
calls=1 682 
* 7344

fl=(46) ./elf/../elf/dl-tls.c
fn=(226) _dl_assign_tls_modid
125 1
+16 1
-13 1
-3 3
+3 1
+55 1
-2 1
+5 1
+1 2

fn=(438) _dl_add_to_slotinfo
1017 16
+9 2
-9 2
+6 2
+4 2
+4 6
+34 4
+3 4
+1 6
+3 12

fn=(146) _dl_count_modids
192 1
+2 2
+1 1
+15 2

fn=(248) _dl_tls_static_surplus_init
97 2
+3 1
-3 3
+3 1
-3 1
+3 1
-3 1
+3 1
-3 1
+3 1
cfi=(11)
cfn=(28)
calls=1 387 
* 23
* 1
+1 4
cfi=(11)
cfn=(28)
calls=1 387 
* 23
+1 1
+2 1
-3 1
+1 2
+2 3
+3 1
+2 1
-26 3
+28 3
+1 6

fn=(250) _dl_determine_tlsoffset
216 9
+6 4
+3 2
+36 3
+2 1
-2 1
-2 1
-40 1
-1 1
-1 1
+46 2
+23 6
+3 2
-3 10
+2 4
+6 2
-33 4
+20 2
-20 10
+2 4
+3 2
-1 2
+5 4
-5 2
+1 2
-1 2
+3 4
+2 6
+32 2
-1 1
+53 1
-52 5
+2 2
+51 8

fn=(528) _dl_allocate_tls_init
523 407
+1 74
+4 37
+6 37
-6 37
+6 37
cob=(2) /usr/lib/x86_64-linux-gnu/libc.so.6
cfi=(236) ./nptl/./nptl/pthread_mutex_lock.c
cfn=(900) pthread_mutex_lock@@GLIBC_2.2.5
calls=36 77 
* 1584
cfi=(24) ./elf/../sysdeps/nptl/dl-tls_init_tp.c
cfn=(86) rtld_mutex_dummy
calls=1 42 
* 3
+3 111
+12 37
-18 37
+42 111
-19 444
+9 222
+1 148
+6 222
+3 74
-2 74
+2 74
-2 74
+2 296
+4 74
-4 74
+4 74
-1 148
+4 148
+1 296
+2 148
+1 148
+17 74
-8 74
+8 74
+2 296
cfi=(29)
cfn=(126) mempcpy
calls=74 197 
* 962
* 444
cfi=(43) ./string/../sysdeps/x86_64/multiarch/../multiarch/memset-vec-unaligned-erms.S
cfn=(130) memset
calls=74 132 
* 1591
-49 74
+55 74
-55 296
+6 259
+55 74
cob=(2)
cfi=(237) ./nptl/./nptl/pthread_mutex_unlock.c
cfn=(908) pthread_mutex_unlock@@GLIBC_2.2.5
calls=36 367 
* 1332
cfi=(24)
cfn=(86)
calls=1 42 
* 3
+3 74
+3 333

fn=(2962) _dl_deallocate_tls
636 720
+1 80
+3 320
+1 240
fi=(28) ./elf/../include/rtld-malloc.h
50 160
cob=(2)
cfi=(193) ./malloc/./malloc/malloc.c
cfn=(1014) free
calls=80 3359 
* 320
fe=(46)
641 3600
fi=(28)
50 2400
cob=(2)
cfi=(193)
cfn=(1014)
calls=1200 3359 
* 4800
fe=(46)
640 2560
+4 160
+1 80
fi=(28)
50 80
cob=(2)
cfi=(193)
cfn=(1014)
calls=80 3359 
* 15325
fe=(46)
647 160
+2 480

fn=(252) _dl_allocate_tls_storage
417 7
+2 1
+11 1
+1 1
fi=(28)
56 1
cfi=(27) ./elf/./elf/dl-minimal-malloc.c
cfn=(78) __minimal_malloc
calls=1 -20 
* 86
fe=(46)
432 2
+8 3
fi=(28)
44 1
fe=(46)
440 2
+5 1
-5 1
+1 1
+4 304
+19 1
-99 1
+4 1
+1 1
fi=(28)
44 1
cfi=(27)
cfn=(74) __minimal_calloc
calls=1 +36 
* 41
fe=(46)
371 2
+3 1
+6 2
+90 7

fn=(2794) _dl_allocate_tls
626 910
+1 182
365 91
fi=(28)
44 91
fe=(46)
369 91
+1 91
fi=(28)
44 91
cob=(2)
cfi=(193)
cfn=(916) calloc
calls=91 3699 
* 27614
fe=(46)
371 182
+9 91
-6 91
+6 182
534 182
cob=(2)
cfi=(236)
cfn=(900)
calls=91 77 
* 4004
+3 273
+12 91
+24 91
-42 91
-1 182
+24 728
+9 546
+1 364
+6 546
+3 182
-2 182
+6 182
-6 182
+2 182
+4 182
-4 546
+3 364
+4 364
+1 728
+2 364
+1 182
+19 728
-19 182
+19 182
-10 182
+10 364
cfi=(29)
cfn=(126)
calls=182 197 
* 2366
* 1092
cfi=(43)
cfn=(130)
calls=182 132 
* 3913
-49 182
+55 546
-55 728
+6 546
+55 182
cob=(2)
cfi=(237)
cfn=(908)
calls=91 367 
* 3367
+3 91
+2 91
+10 728

fl=(7) ./elf/./elf/dl-minimal.c
fn=(542) lookup_malloc_symbol
61 8
+3 4
-3 12
+3 4
-3 12
+3 4
-3 4
+2 4
+1 16
cfi=(78) ./elf/./elf/dl-lookup.c
cfn=(270) _dl_lookup_symbol_x
calls=4 772 
* 2891
+4 28
+1 28
+2 4
fi=(168) ./elf/./dl-sym-post.h
-30 8
+12 12
fe=(7)
+19 24

fn=(538) __rtld_malloc_init_real
76 2
+10 1
fi=(167) ./elf/../sysdeps/generic/dl-hash.h
-41 1
-1 1
fe=(7)
+32 8
+11 1
-1 1
fi=(167)
-43 1
+5 3
+14 4
-17 3
+3 15
+14 20
-17 15
fe=(7)
+46 2
fi=(167)
-24 1
fe=(7)
+22 1
+2 2
fi=(167)
-19 1
fe=(7)
+19 1
cfn=(542)
calls=1 -30 
* 753
+1 3
-1 1
+1 1
cfn=(542)
calls=1 -31 
* 735
+1 3
-1 1
+1 1
cfn=(542)
calls=1 -32 
* 820
+1 3
-1 1
+1 1
cfn=(542)
calls=1 -33 
* 755
+5 1
+1 1
+1 1
+1 1
+1 8

fn=(12) __rtld_malloc_init_stubs
42 1
+1 2
+1 2
+1 2
+1 2
+1 1

fn=(134) strsep
239 2
+3 4
+2 2
+1 4
+4 3
-2 2
+4 28
+5 84
-2 56
+13 1
+4 4
-22 14
+15 14
-15 30

fl=(39) ./elf/./elf/dl-hwcaps_split.c
fn=(120) _dl_hwcaps_split
25 5
+1 3
+21 1
-20 1
+20 3

fn=(114) _dl_hwcaps_split_masked
51 110
-25 44
+36 5
-7 5
+7 35
-26 24
+5 27
cfi=(41) ./string/../sysdeps/x86_64/multiarch/../multiarch/strchr-sse2.S
cfn=(118) index
calls=9 -9 
* 216
* 9
+1 18
+3 6
+11 12
+1 18
+1 12
-2 6
+1 9
+1 6
-28 24
+4 48
+1 12
-1 30
+24 6
+9 12
-5 6
-2 6
+2 42
-19 6
cfi=(22)
cfn=(62)
calls=3 +14 
* 51
* 6

fl=(41)
fn=(118)
32 44
+1 44
+1 44
+1 44
+1 44
+1 44
+1 44
+1 44
+1 44
+1 44
+1 44
+1 44
+1 44
+1 44
+1 44
+1 44
+1 44
+1 44
+1 41
+4 41
+1 41
+1 41
+1 41
+2 41
+4 3
+1 3
+1 3
+1 3
+1 3
+1 3
+1 3
+1 3
+1 3
+1 3
+1 3
+1 3
+1 3
+1 3
+1 3
+1 3
+1 3
+1 3
+1 3
+1 3
+1 3
+1 3
+1 3
+1 3
+52 3
+4 3
+1 3
+1 3
+1 3
+2 3

fl=(73) ./elf/./elf/dl-version.c
fn=(240) _dl_check_all_versions
392 7
+4 5
-2 1
+4 78
cfn=(242) _dl_check_map_versions
calls=13 155 
* 31951
-2 13
+2 39
-1 13
-1 26
+5 7

fn=(242)
155 130
+15 39
+2 65
+2 13
+1 13
+2 26
+3 22
-16 22
+20 11
-4 11
-24 11
+28 77
+16 22
36 11
200 11
36 77
200 8
36 4
200 4
36 28
+1 99
-1 198
+2 342
cfi=(52)
cfn=(168) _dl_name_match_p
calls=114 +30 
* 11384
* 243
208 45
+5 15
fi=(482) ./elf/../sysdeps/generic/_itoa.h
76 45
fe=(73)
213 30
+4 30
+1 30
-1 30
+4 15
-3 15
+3 15
-3 45
-1 104
+1 104
-1 104
+4 52
-3 52
+3 52
-3 206
56 268
+8 201
+6 201
+16 67
+1 134
+2 67
+5 469
+14 1826
+12 2538
+4 846
-30 1692
231 268
+3 201
+5 52
-24 52
110 67
+3 335
cfi=(32)
cfn=(94)
calls=67 -15 
* 2776
* 201
224 201
+1 3
cfi=(32)
cfn=(94)
calls=1 98 
* 71
* 2
+3 32
+15 45
+5 4
-50 4
+59 55
+3 12
+3 42
+3 24
+4 6
-7 24
+3 18
+4 86
-7 344
+3 264
+8 18
+6 24
fi=(28)
44 12
fe=(73)
280 24
fi=(28)
44 12
cfi=(27)
cfn=(74)
calls=12 +36 
* 547
fe=(73)
281 24
-2 12
fi=(28)
44 12
fe=(73)
281 12
+13 12
-3 12
+3 48
+2 24
+3 44
+4 45
+7 67
+1 67
-1 201
+1 67
+1 67
-2 67
+2 134
+1 201
+3 201
+5 52
-15 52
+2 52
-2 52
+2 52
-2 52
+2 104
-2 15
+2 15
-2 15
+2 15
-2 15
+2 30
+16 45
+5 4
-28 4
+33 22
+3 12
+4 92
+6 92
+1 92
+1 92
-1 276
+1 92
-1 92
+1 92
+1 92
+3 276
+4 92
-14 196
+10 18
+12 12
+1 22
+1 22
+1 4
+19 117
164 2
-8 2
257 5
+17 18
+60 2
-40 2
+76 4
+2 4
+4 2
-4 120
+1 60
+2 1
+1 2
-1 1
+1 1
cfi=(32)
cfn=(244) strncmp
calls=1 98 
* 32
* 2

fl=(65) ./io/../sysdeps/unix/sysv/linux/stat64.c
fn=(210) stat
28 6
+1 12
cfi=(66) ./io/../sysdeps/unix/sysv/linux/fstatat64.c
cfn=(212) fstatat
calls=3 146 
* 28

fl=(57) ./misc/../sysdeps/unix/sysv/linux/mmap64.c
fn=(182) mmap
47 51
+3 102
-3 306
+6 102
+5 306
+2 204
-7 102

fl=(11)
fn=(22) __GI___tunables_init
261 8
+22 1
-22 1
128 1
283 1
-22 1
+6 4
42 220
+6 43
-3 43
+3 3632
+4 86
+4 86
fi=(12) ./elf/./elf/dl-tunables.h
160 43
fe=(11)
56 86
fi=(12)
161 22
-1 109
+1 151
-1 86
fe=(11)
281 7052
+6 12771
fi=(12)
160 430
+1 860
-1 25
+1 100
-1 125
fe=(11)
304 8

fn=(58) __GI___tunable_set_val
153 15
-81 40
+81 15
-81 10
+10 5
fi=(483) ./elf/./dl-tunable-types.h
+2 5
fe=(11)
+9 40
+1 25
fi=(12)
+47 10
fe=(11)
-26 25
+1 5
+1 5
+1 5
+39 15
fi=(12)
-15 10
fe=(11)
-45 10
+3 5
fi=(12)
+51 5
fe=(11)
-51 5
+4 10
+7 10
+1 10
-12 25

fn=(28)
387 46
+3 92
-3 46
+3 368
+9 43
-9 86
+19 31
+7 276
+2 46
-19 15
+1 15
+9 6

fl=(55) ./io/../sysdeps/unix/sysv/linux/fstat64.c
fn=(178) fstat
30 12
+9 48
+33 12

fl=(70) ./io/../sysdeps/unix/sysv/linux/pread64_nocancel.c
fn=(224) __pread64_nocancel
25 4
+1 8
+1 2

fl=(78)
fn=(270)
772 3252
+3 542
-3 1626
+3 542
-3 2168
fi=(79) ./elf/../sysdeps/generic/dl-new-hash.h
74 542
+3 1084
-8 542
+1 1084
+10 542
+1 1084
-1 2839
+1 5678
+20 3167
-2 3167
+6 3167
-3 6334
+2 3167
-30 3167
+3 6334
fe=(78)
774 542
+1 542
+3 542
-4 542
+1 542
+7 1852
+5 542
-2 542
+2 542
-2 542
+6 7758
+1 7588
cfn=(274) do_lookup_x
calls=542 347 
* 301544
* 1626
+28 542
-23 1626
+23 542
-23 1084
+24 3032
+7 508
-7 508
+35 2032
+34 2032
-20 1524
+3 1016
-57 542
+76 4878
fi=(79)
87 214
+1 214
+1 428
+1 214
fe=(78)
871 2
-72 204
+18 102
+11 136

fn=(276) check_match
70 8100
+3 3218
+13 529
-13 529
+13 529
-13 529
+13 1587
+3 2690
cfi=(32)
cfn=(94)
calls=408 +9 
* 19676
* 816
+4 529
+1 1058
+2 810
+19 810
+1 3240
+2 42
+43 508
+1 4320
-18 248
+2 248
+1 124
-1 248
+1 372
-1 248
-68 42
+39 1152
cfi=(32)
cfn=(94)
calls=384 -19 
* 12035
* 768
-44 44
+5 22

fn=(274)
347 4878
+1 542
-1 2168
+6 542
-6 542
+65 542
-58 542
+11 542
+50 542
-3 1084
+3 1084
-50 542
+50 2168
-19 11601
+8 3867
-4 3867
+1 3867
+3 15468
+1 7734
+3 3867
-3 3867
+4 7734
+4 7734
-2 3867
+5 15468
+3 27069
+99 10083
358 7738
+3 7738
+4 7766
+21 7734
+4 7734
+71 4064
fi=(4) ./elf/../sysdeps/generic/ldsodefs.h
139 1016
+1 1524
fe=(78)
476 1016
fi=(80) ./elf/../sysdeps/generic/dl-protected.h
29 2032
fe=(78)
483 3584
+16 1016
+1 508
+22 508
-21 508
+21 3556
-99 2064
-1 1376
+2 1376
+2 646
+6 2584
-6 646
+6 4522
+7 2682
-10 7010
+2 540
+1 1620
-1 540
+1 1080
-1 540
+1 540
+1 540
-1 540
+1 540
-1 3780
cfn=(276)
calls=540 70 
* 65071
+4 1620
+3 64
+31 1104
+52 34
-1 34
+1 238
-35 360

fl=(26) ./elf/./elf/dl-object.c
fn=(84) _dl_add_to_namespace_list
31 48
+2 12
-2 24
+2 12
-2 36
+2 12
cfi=(24)
cfn=(86)
calls=12 +9 
* 36
+2 107
+3 308
+2 11
+2 11
+4 11
+4 11
-4 22
+1 22
+1 22
+3 55
-1 11
cfi=(24)
cfn=(86)
calls=11 -8 
* 33
-4 1
+4 1
-4 2
+1 2
+1 2
+3 5
-1 1
cfi=(24)
cfn=(86)
calls=1 -8 
* 3
-5 2

fn=(72) _dl_new_object
59 180
+3 24
+18 22
+3 11
cfi=(22)
cfn=(62)
calls=11 -26 
* 205
+4 11
-4 11
+4 11
+5 11
-9 33
fi=(28)
-39 22
cfi=(27)
cfn=(74)
calls=11 +36 
* 552
fe=(26)
+39 1
fi=(28)
-39 2
cfi=(27)
cfn=(74)
calls=1 +36 
* 47
* 12
fe=(26)
+51 24
+5 12
+4 12
-6 12
+2 12
+4 12
-5 12
+4 12
+1 12
-1 12
+1 24
cfi=(29)
cfn=(82)
calls=12 210 
* 143
* 12
+15 12
-15 12
+2 12
+13 24
+6 1
+2 7
+3 2
-3 77
+3 22
+2 12
+4 12
+3 28
+2 12
-2 8
+2 8
-2 16
+16 24
-5 12
+5 12
-6 12
+6 12
-6 12
+6 24
+2 22
+3 22
-3 22
+7 92
+4 33
+8 1
+13 1
-10 2
+10 14
-10 22
+10 33
+2 11
cfi=(22)
cfn=(62)
calls=11 57 
* 385
+21 11
-21 33
+17 11
-13 33
+50 33
cfi=(29)
cfn=(126)
calls=11 -48 
* 207
* 11
+5 22
+1 22
-1 292
+1 292
+4 22
+1 11
+3 11
+4 108
131 24
-8 11
-4 22
+34 1
+7 4
+8 44
fi=(28)
56 22
cfi=(27)
cfn=(78)
calls=11 -20 
* 330
* 11
fe=(26)
200 22
-1 22
64 2
+2 3
+1 2
+4 6
+6 2

fl=(53) ./io/../sysdeps/unix/sysv/linux/open64_nocancel.c
fn=(172) __open_nocancel
28 48
+3 24
-3 48
+3 144
+8 168
+2 24
-2 36
+2 24

fl=(51) ./setjmp/../sysdeps/x86_64/setjmp.S
fn=(162) __sigsetjmp
31 23
+2 23
+9 23
+1 46
+1 23
+4 23
+1 23
+1 23
+1 23
+1 23
+2 46
+2 23
+1 23
+1 23
+2 46
+2 23
+8 23
+3 23
+1 23
+7 23
+1 23

fl=(54) ./io/../sysdeps/unix/sysv/linux/read_nocancel.c
fn=(174) __read_nocancel
25 11
+1 44
+1 11

fl=(42) ./string/../sysdeps/x86_64/multiarch/../multiarch/memcmp-sse2.S
fn=(122) bcmp
59 1
+12 1
+1 1
+22 1
+1 1
+45 1
+1 1
+2 1
+1 1
+2 1
+1 1
+2 1
+1 1
+47 1
+1 1
+1 1
+1 1
+1 1
+1 1

fl=(58) ./misc/../sysdeps/unix/sysv/linux/setvmaname.c
fn=(184) __set_vma_name
33 4
+2 15
-2 4
+7 1
-7 2
+7 1
-7 2
+7 1
-7 1
+7 1
cfi=(11)
cfn=(28)
calls=1 387 
* 24
* 3
+7 1
+2 6

fl=(165) ./elf/./elf/dl-find_object.c
fn=(534) _dlfo_process_initial
474 2
+3 2
-3 6
+1 2
+3 4
+26 14
+1 6
+1 26
-1 52
+3 100
+3 96
-7 10
+27 2
-2 2
+2 6
-18 72
+3 24
-1 24
cfi=(166) ./elf/./dl-find_object.h
cfn=(532) _dl_find_object_from_map
calls=12 95 
* 711
+2 48

fn=(536) _dlfo_sort_mappings
536 1
+1 2
+3 4
+4 1
+1 1
-1 1
+1 2
-1 10
+1 10
-1 10
+1 42
+1 330
+3 6
-1 6
-3 198
+8 33
+1 22
-1 11
-13 22
+14 33
+1 22
-15 22
+17 1

fn=(530) _dl_find_object_init
561 2
+3 1
-3 3
+5 2
+13 1
cfn=(534)
calls=1 474 
* 225
+1 1
-1 1
+1 1
fi=(28)
56 1
cfi=(27)
cfn=(78)
calls=1 -20 
* 30
fe=(165)
580 1
fi=(28)
56 1
fe=(165)
582 2
+3 2
+5 1
+1 1
cfn=(534)
calls=1 474 
* 984
+3 3
+10 4
-37 2
cfi=(166)
cfn=(532)
calls=1 95 
* 73
* 1
+29 2
cfn=(536)
calls=1 -60 
* 790
+3 6
+2 1

fl=(76) ./elf/../sysdeps/x86_64/dl-cet.c
fn=(260) _dl_cet_check
361 8
-76 1
-10 2
+2 2
-1 1
+6 1
+3 1
+8 1
-11 1
+1 1
-1 1
+1 1
-1 1
+1 1
+10 4
+3 1
+4 2
+2 2
-1 1
+2 2
+2 2
-1 2
+4 1
+2 1
+3 2
145 2
+12 2
+16 1
+6 1
363 6

fn=(580) _dl_cet_setup_features
331 1
+3 2
+16 1

fl=(192) ./elf/./elf/dl-runtime.c
fn=(680) _dl_fixup
46 924
+2 420
+1 84
+6 84
fi=(484) ./elf/../sysdeps/x86_64/dl-runtime.h
-27 84
fe=(192)
+21 84
+5 84
+1 84
-6 84
+6 168
+1 84
+2 84
-2 84
+2 84
-2 420
+7 168
+4 168
+4 84
-2 84
+2 168
+4 252
+1 336
+1 252
-8 25
+16 25
-1 25
+1 109
-1 59
+1 118
+2 1
+1 1
+7 10
cfi=(78)
cfn=(270)
calls=1 772 
* 696
* 830
cfi=(78)
cfn=(270)
calls=83 772 
* 64816
* 84
+4 420
+10 840
+15 336
+9 252
+26 252
fi=(6) ./elf/../sysdeps/x86_64/dl-machine.h
+75 84
fe=(192)
-71 672
-63 4
fi=(241) ./elf/../sysdeps/x86_64/dl-irel.h
-68 11
cob=(2)
cfi=(86) ./string/../sysdeps/x86_64/multiarch/strcmp.c
cfn=(290) strcmp
calls=2 +47 
* 38
cob=(2)
cfi=(104) ./debug/../sysdeps/x86_64/multiarch/memset_chk.c
cfn=(332) __memset_chk
calls=1 -3 
* 24
cob=(2)
cfi=(133) ./string/../sysdeps/x86_64/multiarch/memmove.c
cfn=(414) memmove
calls=1 -3 
* 22
cob=(2)
cfi=(98) ./string/../sysdeps/x86_64/multiarch/memcmpeq.c
cfn=(320) memcpy@@GLIBC_2.14
calls=2 -3 
* 44
cob=(2)
cfi=(127) ./string/../sysdeps/x86_64/multiarch/strlen.c
cfn=(394) strlen
calls=3 -3 
* 75
cob=(2)
cfi=(94) ./debug/../sysdeps/x86_64/multiarch/memcpy_chk.c
cfn=(308) __memcpy_chk
calls=1 -3 
* 22
cob=(2)
cfi=(106) ./string/../sysdeps/x86_64/multiarch/strrchr.c
cfn=(336) rindex
calls=1 -4 
* 25
fe=(192)
+93 22

fl=(44)
fn=(138)
40 72
+1 12
cfi=(22)
cfn=(62)
calls=12 +16 
* 402
* 12
fi=(485) ./string/../include/rtld-malloc.h
+15 24
cfi=(27)
cfn=(78)
calls=12 -20 
* 360
fe=(44)
-12 24
+3 36
+1 36
-1 12
cfi=(29)
cfn=(82)
calls=12 210 
* 196

fl=(474) ./elf/./elf/dl-fini.c
fn=(3350) _dl_fini
26 5
+17 1
-17 6
+20 13
+3 2
cob=(2)
cfi=(236)
cfn=(900)
calls=1 +28 
* 44
+2 1
+3 2
+2 5
+7 3
-2 1
+2 1
cfi=(48) ./elf/./elf/dl-audit.c
cfn=(570) _dl_audit_activity_nsid
calls=1 -22 
* 11
+5 15
+5 1
-5 1
+5 3
+2 26
+2 26
+2 26
+1 13
+1 13
+4 13
-12 39
+14 6
+1 4
+6 6
cfi=(13) ./elf/./elf/dl-sort-maps.c
cfn=(232) _dl_sort_maps
calls=1 298 
* 980
+9 2
cob=(2)
cfi=(237)
cfn=(908)
calls=1 367 
* 37
+5 6
+2 1
+2 2
-2 12
+2 24
+2 52
cfi=(475) ./elf/./elf/dl-call_fini.c
cfn=(3352) _dl_call_fini
calls=13 -90 
* 1976
+3 26
cfi=(48)
cfn=(3378) _dl_audit_objclose
calls=13 -20 
* 65
-9 26
+14 13
-14 39
+18 3
cfi=(48)
cfn=(570)
calls=1 -85 
* 11
* 2
+6 4
+2 1
-2 2
+6 2
+7 8
-77 2

fl=(29)
fn=(126)
197 304
+1 304
+1 304
+1 304
+17 304
+1 304
+2 141
+1 141
+1 141
+2 133
+1 133
+1 133
+2 133
+80 163
+1 163
+2 138
+4 138
+1 138
+1 138
+8 138
+39 25
+1 25
+1 25
+1 25
+1 25
+7 8
+1 8
+1 8
+1 8
+1 8
+1 8
+1 8
+11 8
+1 8
+2 8
+1 8
+1 8

fn=(82)
210 63
+1 63
+6 63
+1 63
+2 46
+1 46
+1 46
+2 26
+1 26
+1 26
+2 26
+80 17
+1 17
+2 1
+4 1
+1 1
+1 1
+1 1
+1 1
+4 1
+2 1
+39 16
+1 16
+1 16
+1 16
+1 16
+7 17
+1 17
+1 17
+1 17
+1 17
+1 17
+1 17
+11 20
+1 20
+2 20
+1 20
+1 20
+2 3
+1 3
+1 3
+1 3
+1 3
+1 3
+1 3
+1 3
+1 3
+1 3
+1 3
+1 3
+1 3
+1 3
+1 3

fl=(77) ./elf/./elf/dl-reloc.c
fn=(262) _dl_relocate_object
207 154
+1 28
+12 13
+4 52
-4 13
+6 39
+3 13
-1 13
+1 26
+22 65
+4 16
+7 24
fi=(6)
81 44
+6 24
+4 18
+17 6
-11 6
+11 12
+21 12
+5 24
-2 12
fi=(4)
-53 6
fe=(77)
301 12
fi=(4)
79 12
fe=(77)
301 12
fi=(4)
79 7
fe=(77)
301 14
fi=(4)
79 14
fe=(77)
301 9912
fi=(4)
79 2
fe=(77)
301 2
fi=(4)
79 4
fe=(77)
301 590
-80 26
fi=(6)
393 26
fe=(77)
190 13
+31 13
-31 13
fi=(6)
393 39
fi=(5) ./elf/./elf/do-rel.h
49 13
fe=(77)
301 13
fi=(5)
50 13
+30 13
-31 26
+4 13
-3 13
+3 13
-3 13
+3 39
+27 26
-31 13
fe=(77)
301 13
fi=(5)
50 13
+30 13
-31 26
+4 13
-3 13
+3 13
-3 13
+3 39
+27 26
-7 6
-1 6
+11 48
fi=(6)
514 564
+4 564
+3 846
+1 282
fi=(5)
83 846
+2 1128
+11 36
fe=(77)
301 78
fi=(5)
51 13
fi=(4)
+28 65
fi=(6)
730 26
+4 12
fe=(77)
304 65
+24 13
+3 26
+17 39
+2 112
-98 26
+3 10
+7 5
-9 5
+9 10
fi=(6)
81 10
fi=(5)
+33 60
+9 46
+1 10
fi=(6)
498 10
fi=(5)
124 10
fi=(6)
498 20
fi=(5)
124 1936
fi=(6)
498 1936
fi=(5)
124 1936
fi=(6)
498 3872
+5 3892
+1 1946
fi=(5)
123 1946
fi=(6)
504 1946
-5 1946
fi=(5)
123 3892
+3 60
+3 72
+2 66
fe=(77)
+59 24
fi=(5)
73 12
fe=(77)
190 12
fi=(5)
72 12
fe=(77)
190 108
fi=(5)
-57 24
+1 12
+1 12
-2 12
+2 12
+3 12
-5 12
+2 12
-2 12
+1 24
+2 12
-2 12
+2 36
+2 24
-5 1114
+1 557
+1 557
-2 557
+2 557
+3 557
-5 557
+2 557
-2 557
+1 1114
+2 557
-2 557
+2 1671
+2 1114
+9 501
fi=(6)
267 1002
+7 1002
+4 1002
fe=(77)
170 2004
fi=(4)
-30 1458
fe=(77)
+31 972
+3 972
+8 896
-8 4014
+12 888
-3 444
+1 444
+2 1784
-3 4
+1 4
+2 464
+1 448
-1 448
+2 896
-1 1792
+3 2688
cfi=(78)
cfn=(270)
calls=448 772 
* 323152
+3 448
+1 896
-4 448
+4 2240
fi=(6)
+93 1914
+3 456
-3 1383
+3 471
-3 471
+5 998
+25 3006
423 156
fi=(5)
150 156
fi=(6)
423 860
fi=(5)
150 1330
-19 2312
+33 48
+1 72
+1 252
+3 136
+4 68
-1 68
-3 68
+2 136
+2 68
-2 136
fe=(77)
-1 272
fi=(6)
287 68
+3 68
-3 68
+4 136
476 136
+2 68
cfi=(15)
cfn=(550)
calls=1 71 
* 6
cob=(3) /usr/lib/x86_64-linux-gnu/libm.so.6
cfi=(162) ./math/../sysdeps/x86_64/fpu/multiarch/s_sincos.c
cfn=(518) sincos
calls=1 26 
* 8
cob=(3)
cfi=(146) ./math/../sysdeps/x86_64/fpu/multiarch/s_sin.c
cfn=(514) sin
calls=1 27 
* 9
cob=(3)
cfi=(161) ./math/../sysdeps/x86_64/fpu/multiarch/e_atan2.c
cfn=(510) __atan2_finite@GLIBC_2.15
calls=1 26 
* 9
cob=(3)
cfi=(160) ./math/../sysdeps/x86_64/fpu/multiarch/e_exp2f.c
cfn=(506) exp2f@@GLIBC_2.27
calls=1 27 
* 9
cob=(3)
cfi=(159) ./math/../sysdeps/x86_64/fpu/multiarch/s_expm1.c
cfn=(502) expm1
calls=1 26 
* 9
cob=(3)
cfi=(156) ./math/../sysdeps/x86_64/fpu/multiarch/e_asin.c
cfn=(498) __asin_finite@GLIBC_2.15
calls=1 27 
* 8
cob=(3)
cfi=(158) ./math/../sysdeps/x86_64/fpu/multiarch/s_fma.c
cfn=(496) fma
calls=1 49 
* 6
cob=(3)
cfi=(157) ./math/../sysdeps/x86_64/fpu/multiarch/s_sinf.c
cfn=(492) sinf
calls=1 26 
* 9
cob=(3)
cfi=(156)
cfn=(488) __acos_finite@GLIBC_2.15
calls=1 35 
* 8
cob=(3)
cfi=(155) ./math/../sysdeps/x86_64/fpu/multiarch/e_log.c
cfn=(484) __log_finite@GLIBC_2.15
calls=1 27 
* 9
cob=(3)
cfi=(154) ./math/../sysdeps/x86_64/fpu/multiarch/s_log1p.c
cfn=(480) __log1p
calls=1 26 
* 9
cob=(3)
cfi=(153) ./math/../sysdeps/x86_64/fpu/multiarch/e_log2f.c
cfn=(476) log2f@@GLIBC_2.27
calls=1 27 
* 9
cob=(3)
cfi=(151) ./math/../sysdeps/x86_64/fpu/multiarch/e_pow.c
cfn=(472) __pow_finite@GLIBC_2.15
calls=1 27 
* 8
cob=(3)
cfi=(150) ./math/../sysdeps/x86_64/fpu/multiarch/e_powf.c
cfn=(468) powf@@GLIBC_2.27
calls=1 30 
* 9
cob=(3)
cfi=(149) ./math/../sysdeps/x86_64/fpu/multiarch/s_sincosf.c
cfn=(464) sincosf
calls=1 26 
* 9
cob=(3)
cfi=(148) ./math/../sysdeps/x86_64/fpu/multiarch/e_log2.c
cfn=(460) log2@@GLIBC_2.29
calls=1 27 
* 9
cob=(3)
cfi=(147) ./math/../sysdeps/x86_64/fpu/multiarch/e_logf.c
cfn=(456) logf@@GLIBC_2.27
calls=1 27 
* 9
cob=(3)
cfi=(146)
cfn=(452) cos
calls=1 34 
* 9
cob=(3)
cfi=(145) ./math/../sysdeps/x86_64/fpu/multiarch/e_expf.c
cfn=(448) expf@@GLIBC_2.27
calls=1 27 
* 9
cob=(3)
cfi=(143) ./math/../sysdeps/x86_64/fpu/multiarch/e_exp.c
cfn=(444) __exp_finite@GLIBC_2.15
calls=1 27 
* 9
cob=(3)
cfi=(141) ./math/../sysdeps/x86_64/fpu/multiarch/s_cosf.c
cfn=(440) cosf
calls=1 26 
* 9
cob=(2)
cfi=(139) ./string/../sysdeps/x86_64/multiarch/strncase.c
cfn=(432) strncasecmp
calls=1 31 
* 21
cob=(2)
cfi=(138) ./string/../sysdeps/x86_64/multiarch/mempcpy.c
cfn=(428) mempcpy
calls=1 33 
* 22
cob=(2)
cfi=(137) ./wcsmbs/../sysdeps/x86_64/multiarch/wcpcpy.c
cfn=(424) wcpncpy
calls=1 31 
* 18
cob=(2)
cfi=(136) ./string/../sysdeps/x86_64/multiarch/strspn.c
cfn=(422) strspn
calls=1 29 
* 7
cob=(2)
cfi=(134) ./string/../sysdeps/x86_64/multiarch/memchr.c
cfn=(418) memchr
calls=1 29 
* 23
cob=(2)
cfi=(133)
cfn=(414)
calls=1 29 
* 22
cob=(2)
cfi=(132) ./string/../sysdeps/x86_64/multiarch/stpcpy.c
cfn=(410) stpcpy
calls=1 33 
* 17
cob=(2)
cfi=(131) ./debug/../sysdeps/x86_64/multiarch/memmove_chk.c
cfn=(406) __memmove_chk
calls=1 29 
* 22
cob=(2)
cfi=(129) ./wcsmbs/../sysdeps/x86_64/multiarch/wmemcmp.c
cfn=(402) wmemcmp
calls=1 29 
* 24
cob=(2)
cfi=(128) ./string/../sysdeps/x86_64/multiarch/strncpy.c
cfn=(398) strncpy
calls=1 29 
* 19
cob=(2)
cfi=(127)
cfn=(394)
calls=1 29 
* 25
cob=(2)
cfi=(100) ./wcsmbs/../sysdeps/x86_64/multiarch/wcscat.c
cfn=(390) wcscat
calls=1 31 
* 18
cob=(2)
cfi=(126) ./string/../sysdeps/x86_64/multiarch/strcasecmp_l.c
cfn=(386) strcasecmp_l
calls=1 31 
* 21
cob=(2)
cfi=(125) ./string/../sysdeps/x86_64/multiarch/strcpy.c
cfn=(382) strcpy
calls=1 29 
* 17
cob=(2)
cfi=(123) ./wcsmbs/../sysdeps/x86_64/multiarch/wmemset.c
cfn=(378) wmemset
calls=2 31 
* 20
cob=(2)
cfi=(121) ./string/../sysdeps/x86_64/multiarch/memcmp.c
cfn=(374) bcmp
calls=1 29 
* 24
cob=(2)
cfi=(120) ./string/../sysdeps/x86_64/multiarch/strchrnul.c
cfn=(370) strchrnul
calls=1 31 
* 25
cob=(2)
cfi=(119) ./string/../sysdeps/x86_64/multiarch/strncase_l.c
cfn=(366) strncasecmp_l
calls=1 31 
* 21
cob=(2)
cfi=(117) ./string/../sysdeps/x86_64/multiarch/strcat.c
cfn=(362) strcat
calls=1 29 
* 17
cob=(2)
cfi=(116) ./wcsmbs/../sysdeps/x86_64/multiarch/wcscpy.c
cfn=(360) wcscpy
calls=1 60 
* 16
cob=(2)
cfi=(115) ./string/../sysdeps/x86_64/multiarch/strcspn.c
cfn=(358) strcspn
calls=1 29 
* 7
cob=(2)
cfi=(113) ./string/../sysdeps/x86_64/multiarch/strcasecmp.c
cfn=(354) strcasecmp
calls=1 31 
* 21
cob=(2)
cfi=(112) ./string/../sysdeps/x86_64/multiarch/strncmp.c
cfn=(352) strncmp
calls=1 67 
* 21
cob=(2)
cfi=(110) ./wcsmbs/../sysdeps/x86_64/multiarch/wmemchr.c
cfn=(348) wmemchr
calls=2 31 
* 46
cob=(2)
cfi=(108) ./string/../sysdeps/x86_64/multiarch/stpncpy.c
cfn=(344) stpncpy
calls=1 31 
* 19
cob=(2)
cfi=(107) ./wcsmbs/../sysdeps/x86_64/multiarch/wcscmp.c
cfn=(340) wcscmp
calls=1 30 
* 25
cob=(2)
cfi=(106)
cfn=(336)
calls=1 28 
* 25
cob=(2)
cfi=(104)
cfn=(332)
calls=1 29 
* 24
cob=(2)
cfi=(103) ./string/../sysdeps/x86_64/multiarch/strchr.c
cfn=(330) index
calls=1 65 
* 19
cob=(2)
cfi=(100)
cfn=(324) wcschr
calls=2 31 
* 50
cob=(2)
cfi=(98)
cfn=(320)
calls=1 29 
* 22
cob=(2)
cfi=(96) ./wcsmbs/../sysdeps/x86_64/multiarch/wcsncpy.c
cfn=(316) wcsncpy
calls=1 31 
* 18
cob=(2)
cfi=(95) ./string/../sysdeps/x86_64/multiarch/memrchr.c
cfn=(312) memrchr
calls=1 29 
* 25
cob=(2)
cfi=(94)
cfn=(308)
calls=1 29 
* 22
cob=(2)
cfi=(92) ./debug/../sysdeps/x86_64/multiarch/mempcpy_chk.c
cfn=(304) __mempcpy_chk
calls=1 29 
* 22
cob=(2)
cfi=(91) ./wcsmbs/../sysdeps/x86_64/multiarch/wcslen.c
cfn=(300) wcslen
calls=1 29 
* 19
cob=(2)
cfi=(89) ./string/../sysdeps/x86_64/multiarch/memset.c
cfn=(296) memset
calls=1 29 
* 24
cob=(2)
cfi=(87) ./wcsmbs/../sysdeps/x86_64/multiarch/wcsnlen.c
cfn=(292) wcsnlen
calls=1 30 
* 19
cob=(2)
cfi=(86)
cfn=(290)
calls=1 79 
* 19
cob=(2)
cfi=(85) ./string/../sysdeps/x86_64/multiarch/strpbrk.c
cfn=(288) strpbrk
calls=1 29 
* 7
cob=(2)
cfi=(83) ./string/../sysdeps/x86_64/multiarch/strnlen.c
cfn=(284) strnlen
calls=2 31 
* 50
cob=(2)
cfi=(81) ./string/../sysdeps/x86/cacheinfo.c
cfn=(280) __x86_cacheinfo
calls=1 86 
* 28
fi=(5)
165 68
fi=(6)
479 68
fi=(5)
165 145
-14 795
fi=(6)
460 6
+5 4
-1 6
+1 4
-1 2
cfi=(29)
cfn=(82)
calls=2 210 
* 22
+2 10
+1 4
-67 51
+2 68
+4 17
+9 17
-9 34
+9 17
fi=(5)
150 34
fi=(6)
320 265
+3 265
-36 75
fi=(5)
141 68
+1 68
-1 204
+2 68
fi=(6)
287 340
fe=(77)
175 342
+3 38
-1 38
+19 38
-18 76
fi=(6)
295 56
+1 84
+11 56
+7 28
cob=(3)
cfi=(157)
cfn=(492)
calls=1 26 
* 9
cob=(3)
cfi=(162)
cfn=(518)
calls=1 26 
* 8
cob=(3)
cfi=(146)
cfn=(452)
calls=1 34 
* 9
cob=(2)
cfi=(164) ./time/../sysdeps/unix/sysv/linux/gettimeofday.c
cfn=(526) gettimeofday
calls=1 42 
* 7
cob=(2)
cfi=(113)
cfn=(354)
calls=1 31 
* 21
cob=(3)
cfi=(163) ./math/../sysdeps/x86_64/fpu/multiarch/s_tan.c
cfn=(522) tan
calls=1 26 
* 9
cob=(3)
cfi=(150)
cfn=(468)
calls=1 30 
* 9
cob=(3)
cfi=(149)
cfn=(464)
calls=1 26 
* 9
cob=(2)
cfi=(104)
cfn=(332)
calls=2 29 
* 48
cob=(2)
cfi=(100)
cfn=(324)
calls=1 31 
* 25
cob=(2)
cfi=(133)
cfn=(414)
calls=1 29 
* 22
cob=(2)
cfi=(94)
cfn=(308)
calls=2 29 
* 44
cob=(2)
cfi=(86)
cfn=(290)
calls=2 79 
* 38
cob=(2)
cfi=(121)
cfn=(374)
calls=1 29 
* 24
cob=(2)
cfi=(89)
cfn=(296)
calls=2 29 
* 48
cob=(2)
cfi=(91)
cfn=(300)
calls=1 29 
* 19
cob=(2)
cfi=(103)
cfn=(330)
calls=1 65 
* 19
cob=(2)
cfi=(127)
cfn=(394)
calls=2 29 
* 50
cob=(2)
cfi=(112)
cfn=(352)
calls=2 67 
* 42
cob=(2)
cfi=(98)
cfn=(320)
calls=3 29 
* 66
* 112
fe=(77)
-13 18
+55 65
+3 13
-3 13
+3 13
+4 26
+1 52
cfi=(140)
cfn=(436)
calls=13 117 
* 78
* 26
-63 15
fi=(5)
180 7
fe=(77)
+10 2
fi=(5)
73 1
fe=(77)
190 3
fi=(6)
436 7
fi=(5)
182 2
+1 2
-1 1
+3 1
-3 4
+3 2
-3 10
+1 10
-1 5
+3 5
-3 20
+3 10
+8 6
fi=(6)
+74 12
+7 12
+4 12
fe=(77)
170 24
fi=(4)
-30 18
fe=(77)
+31 12
+3 12
+8 12
-8 54
+12 12
-3 6
+1 6
+2 36
+4 24
-4 6
+4 18
cfi=(78)
cfn=(270)
calls=6 772 
* 5099
+3 6
+1 12
-4 6
+4 30
fi=(6)
+93 20
+3 2
-3 6
+3 2
-3 2
+5 4
+25 36
423 6
fi=(5)
196 18
-16 24
+31 7
fe=(77)
-33 38
-3 114

fl=(8) ./elf/./elf/dl-setup_hash.c
fn=(14) _dl_setup_hash
25 13
+3 13
-3 13
+3 26
+3 39
+1 26
+2 13
-1 13
+3 39
+1 13
+1 26
+7 13
-5 13
-2 13
+3 26
+2 13
+2 26
+5 13

fl=(166)
fn=(532)
95 26
+1 26
+1 13
+6 65
+1 356
+1 246
+2 39
+5 13

fl=(50) ./elf/./elf/dl-catch.c
fn=(160) _dl_catch_exception
204 138
58 23
204 46
+3 46
+22 23
-1 23
+1 23
58 46
235 69
cfi=(51)
cfn=(162)
calls=23 31 
* 552
* 69
+2 69
cfi=(64) ./elf/./elf/dl-deps.c
cfn=(206) openaux
calls=22 61 
* 64883
cfi=(2) ./elf/./elf/rtld.c
cfn=(164) map_doit
calls=1 641 
* 2662
69 23
+1 23
-1 23
+1 23
239 92
-25 23
+34 69
59 46
+11 69

fn=(158) _dl_catch_error
254 6
+2 1
-2 6
+2 1
cfn=(160)
calls=1 -52 
* 2728
+1 2
+1 1
+1 1
-1 1
+1 1
+2 6

fn=(236) _dl_receive_error
186 2
58 1
186 4
+2 1
-2 1
58 1
+1 1
+11 1
192 1
+2 1
cfi=(2)
cfn=(238) version_check_doit
calls=1 674 
* 32155
69 2
+1 1
198 1
-1 1
+1 3

fl=(49) ./string/../string/strcspn.c
fn=(156) strcspn
32 6
+1 3
+1 2
+5 6
+1 4
+1 4
+1 4
+2 1
+3 3
+1 2
-1 6
+1 4
+3 4
+1 4
+1 4
+1 4
+2 3
+6 1
-1 1
+1 1
+2 2
-1 2
+2 1
+2 6
-5 12
-1 12
+1 12
+2 24
-1 24
+2 12
+2 72
+2 1
+1 4
+1 3

fl=(52)
fn=(168)
68 1918
+1 548
cfi=(32)
cfn=(94)
calls=274 +29 
* 9052
* 548
+3 274
+2 548
+6 274
-6 548
+1 903
cfi=(32)
cfn=(94)
calls=301 +23 
* 11038
* 602
+8 27
-13 27
+13 328
-1 247
+1 741

fn=(216)
36 2
+3 1
-3 7
+3 1
-3 2
+3 1
cfi=(53)
cfn=(172)
calls=1 -11 
* 20
+1 2
+23 8
-21 4
cfi=(55)
cfn=(178)
calls=1 -12 
* 6
* 2
+2 2
+3 2
+13 2
cfi=(62) ./io/../sysdeps/unix/sysv/linux/close_nocancel.c
cfn=(194) __GI___close_nocancel
calls=1 -35 
* 6
* 1
-11 6
cfi=(57)
cfn=(182)
calls=1 -2 
* 26
* 2

fl=(170) ./elf/./elf/dl-lookup-direct.c
fn=(548) _dl_lookup_direct
74 30
+2 3
-2 6
+4 3
-4 3
+2 3
+2 9
+37 3
-37 9
+1 6
+2 12
+3 25
+2 6
-54 3
+54 3
-54 3
+54 3
-54 9
+1 9
+2 6
+1 6
+12 9
+3 3
+2 6
-2 3
+2 9
cfi=(32)
cfn=(94)
calls=3 +45 
* 209
* 6
+4 6
+1 3
-1 3
+1 18
+1 9
cfi=(32)
cfn=(94)
calls=3 +39 
* 198
* 6
+57 27
-23 6

fl=(37) ./elf/./elf/dl-hwcaps.c
fn=(108) _dl_important_hwcaps
172 6
+3 1
-3 3
+3 1
-3 5
+2 1
cfi=(38)
cfn=(110)
calls=1 29 
* 49
+1 1
fi=(40) ./elf/./dl-hwcaps.h
43 1
fe=(37)
174 1
fi=(40)
45 2
+32 1
+1 1
+1 1
fe=(37)
-27 2
cfi=(39)
cfn=(114)
calls=1 -1 
* 23
* 2
fi=(40)
-9 1
+2 1
-2 1
+34 2
+1 2
+1 1
fe=(37)
-24 2
-1 2
+1 2
+1 2
+1 2
-5 4
cfi=(39)
cfn=(114)
calls=2 -1 
* 130
* 2
cfi=(39)
cfn=(114)
calls=1 -1 
* 125
* 6
+48 4
fi=(28)
-44 2
cfi=(27)
cfn=(78)
calls=1 -20 
* 30
fe=(37)
+46 2
-2 1
+2 1
+3 1
+3 1
fi=(40)
-65 1
+2 1
fe=(37)
+67 1
fi=(40)
-66 1
fe=(37)
+66 2
cfi=(39)
cfn=(120)
calls=1 -87 
* 13
* 2
fi=(40)
-69 1
+2 1
-2 1
+34 2
+1 2
+1 1
fe=(37)
+48 10
+1 4
+1 2
+1 2
-1 2
-4 4
cfi=(39)
cfn=(114)
calls=2 -74 
* 130
* 2
cfi=(39)
cfn=(114)
calls=1 -74 
* 125
* 6
+8 3
+9 5
+3 8
-2 6
+14 1
+4 1
+1 1
+1 1
-20 3
+19 1
+1 1
-20 2
+8 2
+4 2
-4 3
+4 2
cfi=(42)
cfn=(122)
calls=1 -96 
* 19
+1 3
-14 8
+47 1
-4 2
+4 2
-3 1
+7 1
-7 2
+7 1
fi=(28)
56 1
cfi=(27)
cfn=(78)
calls=1 -20 
* 30
* 1
fe=(37)
194 2
+8 1
fi=(40)
43 1
fe=(37)
201 1
80 1
fi=(40)
-35 1
fe=(37)
+35 1
202 1
fi=(40)
77 1
+1 1
fe=(37)
202 3
fi=(40)
79 1
fe=(37)
-2 2
cfi=(39)
cfn=(114)
calls=1 -26 
* 23
* 2
fi=(40)
-34 1
+2 1
fe=(37)
+35 2
fi=(40)
-37 1
+34 2
+1 2
+1 3
fe=(37)
+1 4
+7 2
-7 8
cfi=(29)
cfn=(126)
calls=2 197 
* 26
+4 2
+2 2
+2 2
-2 4
-9 4
cfi=(39)
cfn=(114)
calls=2 -26 
* 130
* 2
cfi=(39)
cfn=(114)
calls=1 -26 
* 125
* 6
213 2
-5 1
+1 1
-1 1
+5 1
+3 9

fl=(64)
fn=(206)
61 132
+7 22
-4 66
+1 22
-1 154
cfi=(30) ./elf/./elf/dl-load.c
cfn=(166) _dl_map_object
calls=22 1967 
* 64399
* 22
+5 66

fn=(202) _dl_map_object_deps
143 4
+1 2
-1 1
+1 1
-1 2
+1 1
-1 1
+1 1
-1 4
+1 3
-1 1
+1 7
-8 1
+8 2
-8 1
-6 1
-2 1
+16 1
-8 1
-7 1
+1 1
+6 1
+24 4
-28 3
-2 1
+31 1
-33 2
+2 2
+30 2
-30 1
-1 4
+7 4
+24 3
+28 3
-6 1
+46 1
fi=(72) ./elf/../include/scratch_buffer.h
77 1
fe=(64)
+87 1
fi=(72)
-87 1
+1 1
fe=(64)
184 1
+44 4
-31 1
-4 1
+4 14
-4 12
+4 24
+11 30
-18 2
+18 4
417 26
+2 11
+3 11
-3 33
+3 11
-3 11
fi=(28)
56 11
cfi=(27)
cfn=(78)
calls=11 -20 
* 385
fe=(64)
423 33
fi=(28)
56 11
fe=(64)
423 11
+6 11
+1 55
cfi=(29)
cfn=(82)
calls=11 210 
* 121
+1 55
cfi=(29)
cfn=(82)
calls=11 210 
* 121
+3 11
+1 22
+4 39
188 24
442 36
-1 13
+1 26
183 6
+27 44
+7 11
+4 11
-6 11
+1 11
+1 11
+1 22
+3 33
-2 11
-29 55
+32 606
+6 88
cfi=(30)
cfn=(204) _dl_dst_count
calls=22 +10 
* 1082
* 66
+4 44
-2 22
+2 44
cfi=(50)
cfn=(160)
calls=22 -28 
* 66335
+1 44
+9 22
+2 44
+5 55
+6 11
+2 11
-8 22
+3 11
+1 11
+1 11
+1 11
+4 11
-3 11
+3 33
+4 66
+1 51
-43 1245
+7 44
+38 843
fi=(72)
85 3
fe=(64)
448 5
+1 1
+3 4
+11 5
fi=(28)
56 1
cfi=(27)
cfn=(78)
calls=1 -20 
* 30
fe=(64)
465 3
fi=(28)
56 1
fe=(64)
465 1
+5 2
+1 1
-1 3
+4 3
-2 2
+13 12
+5 12
-16 36
+11 12
-7 12
+7 12
-2 24
-5 1
+7 1
-2 2
+2 1
-11 1
+11 1
+5 1
-16 3
+21 3
+37 2
+15 2
-14 2
+20 1
-1 4
+1 4
-1 5
cfi=(13)
cfn=(232)
calls=1 298 
* 857
+5 1
+2 1
+1 1
+1 2
-2 1
+2 1
+7 3
+3 2
+3 8
198 88
+3 11
fi=(72)
-70 44
cfi=(71) ./malloc/./malloc/scratch_buffer_set_array_size.c
cfn=(228) __libc_scratch_buffer_set_array_size
calls=11 30 
* 275
fe=(64)
+70 33
+4 22
547 4
cfi=(29)
cfn=(82)
calls=1 210 
* 27
* 3
-53 2
144 2

fl=(43)
fn=(130)
132 271
+1 1355
+5 271
+1 271
+3 262
+1 262
+2 1
+1 1
+1 1
+34 128
+1 128
+2 128
+60 261
+1 261
+12 261
+3 261
+1 261
+12 133
+1 133
+13 133
+1 133
+2 133
+3 5
+3 10
+3 5
+1 5
+1 5
+1 5
+1 5
+1 5
+1 5
-6 128
+1 128
+1 128
+1 128
+1 128
+1 128
+1 128
+3 133
+1 133
+1 133
+1 133
+5 133
+34 9
+2 9
+1 9
+39 9
+1 9
+2 9

fl=(45) ./elf/./elf/dl-debug.c
fn=(196) _dl_debug_update
38 12
+3 12
-1 24
+4 24
+4 12

fn=(144) _dl_debug_initialize
56 3
+3 2
+4 1
+22 1
+10 1
-32 2
+1 1
+21 2
+5 2
+1 1
+4 1
-4 1
-1 1
+2 1
+3 1
+4 2
+8 2
-50 1
+4 2
+35 6

fn=(150) _dl_debug_state
116 2
+1 2

fl=(20) ./elf/../sysdeps/x86/dl-cacheinfo.h
fn=(52) intel_check_word.constprop.0
123 48
-4 72
+10 24
-10 96
+10 48
-10 24
+10 24
-10 24
+10 24
+2 48
+71 48
fi=(21) ./elf/../bits/stdlib-bsearch.h
32 24
fe=(20)
202 120
-71 96
+2 60
+2 120
+8 120
+51 96
+22 48
fi=(21)
28 48
-1 96
+2 216
+2 168
+1 84
fe=(20)
+78 168
+3 324
fi=(21)
-78 264
-6 528
+2 480
+1 240
fe=(20)
+78 480
+15 12
246 144
fi=(21)
37 120
fe=(20)
155 36
+3 36
-6 12
+3 39
+9 18
+23 21
-32 63
+3 63
+4 58
+2 116
+3 84
+1 48
+1 48
+1 30
+2 11
+2 22
+6 14
+3 8
+1 12
-20 15
+12 4
+2 4
+1 4
-2 4
-1 4
+2 8
-2 4
+3 4
-2 12
+2 12
+11 2
-9 12

fn=(56) get_common_cache_info.constprop.0
571 11
+17 1
+1 1
+9 1
-12 1
+2 1
+2 1
+8 1
-11 1
+3 1
+11 2
-5 3
+17 1
+5 3
+4 2
770 5
+1 5
+4 2
+8 1
-1 1
+1 1
+1 1
+1 7
627 5
+3 6
-32 5
+75 4
+8 5
+2 2
-2 1
+6 3
+3 1
+1 5
-4 4
+21 2
-21 4
+2 1
+2 4
-4 1
+6 4
+3 2
+5 1
+2 2
+1 1
+1 1
-2 2
+1 1
-19 4
+46 2
+1 1
+1 2
+1 1
+25 3
630 3
+10 6
+14 2
+4 1
+3 1
+1 1
-4 2
+3 3
+6 4
-37 12
+7 6
-7 3
+7 2
+3 20
+5 2
+4 1
+1 1
-1 2
+1 1
+61 2
+7 1
+2 2
-16 1
+22 1
-6 2
+1 1
+5 1
-30 5

fn=(50) handle_intel.constprop.0
255 24
-5 12
+17 12
-17 96
+11 12
+1 12
+5 36
+4 24
+34 96
-29 12
+3 24
-3 12
+3 36
cfn=(52)
calls=12 123 
* 4092
+2 24
+3 60
cfn=(52)
calls=12 123 
* 1272
+2 24

fl=(30)
fn=(136) expand_dynamic_string_token
385 18
241 4
385 2
241 2
cfi=(41)
cfn=(118)
calls=2 32 
* 72
+3 4
410 2
-11 2
+11 12
-11 2
cfi=(44)
cfn=(138)
calls=2 40 
* 180

fn=(132) fillin_rpath.isra.0
468 9
+4 1
-4 8
+6 3
cfi=(7)
cfn=(134)
calls=1 239 
* 240
* 3
cfi=(7)
cfn=(134)
calls=1 239 
* 8
* 6
+7 2
+2 3
cfn=(136)
calls=1 -98 
* 125
* 1
+4 2
+5 2
cfi=(22)
cfn=(62)
calls=1 57 
* 17
* 1
+1 2
+7 5
+9 15
+1 8
fi=(28)
50 2
cfi=(27)
cfn=(142) __minimal_free
calls=1 +47 
* 5
+1 1
fe=(30)
528 4
+4 4
fi=(28)
56 1
cfi=(27)
cfn=(78)
calls=1 -20 
* 30
* 1
fe=(30)
534 2
+5 1
+1 2
-1 1
-1 1
+2 1
cfi=(29)
cfn=(126)
calls=1 197 
* 13
+3 1
-3 1
+1 1
+2 1
+6 1
+1 1
-1 3
+1 5
+1 1
-1 1
+1 1
-1 3
+1 1
-1 2
+1 1
+2 2
+1 3
+1 1
+6 2
+1 1
+3 3
-60 2
-22 2
+88 1
+3 8
-24 2

fn=(208) open_path
1812 80
+1 10
-1 30
+1 10
+6 20
+5 170
+67 20
-74 10
+7 30
+57 10
-65 10
+65 10
+10 20
-64 20
+8 60
+7 20
-11 10
+12 10
-1 40
cfi=(29)
cfn=(126)
calls=10 197 
* 130
+1 100
+50 18
-2 36
-48 110
+3 60
+5 84
cfi=(29)
cfn=(126)
calls=12 197 
* 156
* 48
cfi=(29)
cfn=(126)
calls=12 197 
* 156
+3 24
+6 36
+3 84
cfn=(170) open_verify.constprop.0
calls=12 1572 
* 672
* 12
+2 36
+2 6
+93 90
-88 6
+1 21
+6 3
+2 6
-2 6
+2 3
cfi=(65)
cfn=(210)
calls=3 28 
* 46
* 3
+3 3
-3 6
+1 2
+9 8
+2 1
-2 2
+2 12
+44 80
+6 20
-2 10
+2 20
+3 30
1822 20
+2 20

fn=(176) _dl_map_object_from_fd
944 110
+15 11
-15 22
+15 11
-15 22
+15 22
+77 44
+10 22
+7 77
cfi=(26)
cfn=(72)
calls=11 59 
* 3936
* 11
+1 22
+11 11
+5 11
-4 11
-1 11
+2 11
+2 11
-2 11
+2 22
+1 33
+1 20
+19 20
-2 10
+2 102
-2 1
+2 109
+10 11
-10 11
+10 33
+27 11
-33 11
-3 11
+2 11
-1 11
+35 11
+9 11
-50 11
+41 11
+9 11
-36 11
+63 55
-62 428
+26 308
+8 88
+1 44
-1 44
+1 176
+1 44
-1 44
+1 44
+2 44
-2 44
+2 44
+2 44
-4 44
+1 44
+3 44
-4 44
+4 220
+2 88
+13 88
+1 165
+5 33
+1 297
-28 66
-35 99
+62 11
+1 99
-28 22
-35 240
+1 649
1213 11
1100 11
1213 22
1100 33
1218 77
+10 33
+1 11
-1 11
+1 11
-1 33
+1 33
-1 33
+1 33
-1 99
1066 22
1235 22
+10 44
+7 44
fi=(59) ./elf/./dl-map-segments.h
28 11
fe=(30)
1252 33
fi=(59)
28 22
+1 88
cfi=(57)
cfn=(182)
calls=11 +18 
* 308
+73 22
-1 11
-72 11
+73 11
+3 22
+1 11
+2 11
-3 11
+1 11
+2 11
+17 11
-44 11
fi=(60) ./elf/./dl-load.h
+10 88
fi=(59)
+58 176
+6 11
+2 11
-2 11
+1 11
+2 22
-1 22
+3 22
+5 22
+3 33
+8 66
cfi=(43)
cfn=(130)
calls=11 -44 
* 1154
* 11
+6 22
+12 44
-59 264
+2 132
+2 264
cfi=(57)
cfn=(182)
calls=33 -92 
* 693
* 66
fe=(30)
1264 11
fi=(56) ./elf/../sysdeps/posix/dl-fileid.h
37 22
cfi=(55)
cfn=(178)
calls=11 -7 
* 66
* 22
fe=(30)
989 22
fi=(56)
40 33
fe=(30)
989 11
fi=(56)
40 11
fe=(30)
989 275
+1 154
fi=(56)
49 264
fe=(30)
1519 99
1074 13
+1 2
-1 1
+1 1
-1 1
+1 1
cfi=(70)
cfn=(224)
calls=1 25 
* 7
* 2
+46 2
+1 1
-15 22
+7 11
+2 11
-2 11
+1 11
+1 11
-1 22
+1 88
+60 3
+5 1
-1 2
+5 1
-5 2
-66 1
+71 4
+1 1
+3 1
-3 1
+8 4
+15 22
+1 11
1008 22
1268 44
+1 33
fi=(61) ./elf/./elf/get-dynamic-info.h
39 22
+6 11
-2 11
+11 11
+1 11
-10 22
+8 6
+15 6
-23 24
+23 284
-23 1136
+4 580
+3 71
-1 142
+3 260
+1 216
+1 55
+16 44
+12 35
+1 44
+1 44
+1 44
+1 35
+1 43
+1 43
+1 44
+12 11
+7 11
-7 77
+7 23
+5 20
+7 20
+1 33
+6 33
+1 6
+17 33
+5 8
+2 8
+2 8
+2 8
+4 33
+2 15
+1 10
+9 10
+6 10
+4 22
fe=(30)
1275 22
+1 22
+2 22
+10 33
+19 33
+2 66
+52 33
+1 2
+6 99
+1 204
+6 44
cfn=(88) _dl_process_pt_gnu_property
calls=11 868 
* 756
-7 259
+1 124
+6 124
-6 248
fi=(31) ./elf/../sysdeps/x86/dl-prop.h
149 44
fe=(30)
1380 22
cfi=(62)
cfn=(194)
calls=11 25 
* 66
* 22
+13 22
+2 44
+2 22
+16 22
cfi=(8)
cfn=(14)
calls=11 25 
* 297
+4 22
+1 22
+17 22
+1 1
+3 1
+5 1
-5 1
+5 1
-5 10
+5 10
-5 10
+5 10
+5 22
+12 88
+10 22
+1 4
+5 2
cfi=(46)
cfn=(226)
calls=1 125 
* 12
+7 33
cfi=(26)
cfn=(84)
calls=11 31 
* 781
+3 22
+4 22
cfi=(45)
cfn=(196)
calls=11 38 
* 77
* 11
+1 33
+22 77
+1 33
cfi=(48)
cfn=(198) _dl_audit_objopen
calls=11 77 
* 55
* 11
fi=(60)
92 40
+2 10
-1 10
+1 10
-1 10
+1 10
-1 10
+1 10
-1 20
+3 40
fi=(61)
-37 44
+3 44
+2 44
181 12
-22 8
fe=(30)
1510 22
1074 2
fi=(59)
186 16
cfi=(57)
cfn=(182)
calls=2 47 
* 42
+3 4
fe=(30)
1462 18
+2 5
-1 25
+1 5
-1 5
+1 5
-1 5
cfi=(32)
cfn=(94)
calls=5 98 
* 165
* 10
+2 5
1275 12

fn=(106) _dl_init_paths
706 11
+14 1
-14 2
+14 2
cfi=(37)
cfn=(108)
calls=1 172 
* 1244
fi=(28)
56 1
fe=(30)
720 1
fi=(28)
56 1
cfi=(27)
cfn=(78)
calls=1 -20 
* 30
fe=(30)
725 1
+2 3
+8 2
-1 3
+5 3
fi=(28)
56 1
cfi=(27)
cfn=(78)
calls=1 -20 
* 30
fe=(30)
739 1
+2 4
+7 1
+8 1
+2 1
+12 2
-23 1
+9 1
+11 1
-4 1
-5 1
+3 2
+7 2
+2 2
-11 1
+11 3
-8 1
+4 1
+1 3
+1 16
cfi=(43)
cfn=(130)
calls=4 132 
* 56
+2 15
-14 3
+10 3
+4 9
-12 3
-2 3
+2 3
+4 3
-3 3
+3 3
+1 3
-2 3
+5 9
+1 6
+3 1
+15 1
-8 1
+5 1
-6 1
+9 2
+2 4
+2 3
+36 5
+2 2
cfi=(22)
cfn=(62)
calls=1 57 
* 17
* 9
-19 1
-2 1
+2 2
+19 9
cfi=(29)
cfn=(82)
calls=1 210 
* 11
* 1
+5 4
-1 2
+2 1
+1 2
-2 4
+1 13
+1 26
-2 52
+5 1
fi=(28)
56 1
cfi=(27)
cfn=(78)
calls=1 -20 
* 30
fe=(30)
836 1
fi=(28)
56 1
fe=(30)
838 2
+6 6
cfn=(132)
calls=1 468 
* 581
+3 3
+6 1
+4 8
-35 2
+5 2

fn=(88)
868 12
+8 12
-8 24
+8 12
-6 12
+12 24
-13 12
+13 12
-13 12
+13 24
+3 36
+1 24
+1 24
+3 36
+1 36
+4 12
+1 24
+22 12
+2 12
-2 24
+2 36
-20 30
+1 15
+3 30
+3 15
+1 60
fi=(31)
95 60
+7 30
+16 15
-3 30
254 24
+1 12
+2 48
+3 12
-8 6
+5 3
-4 3
+4 9
+3 3
-2 9
fe=(30)

fn=(166)
1967 276
+8 46
+1 92
+3 697
+5 1120
+2 480
cfi=(52)
cfn=(168)
calls=160 68 
* 16239
* 320
+4 296
+1 444
+4 105
-1 525
+1 105
+1 105
-1 105
+1 210
cfi=(32)
cfn=(94)
calls=105 98 
* 3994
* 210
2270 218
2011 33
-1 22
+9 11
-50 11
+50 22
+17 22
-2 11
+2 11
cfi=(41)
cfn=(118)
calls=11 32 
* 264
* 22
2202 2
-1 3
cfn=(136)
calls=1 385 
* 175
+6 1
-7 1
+1 1
+2 2
+4 7
cfn=(170)
calls=1 1572 
* 106
+3 2
-3 1
+3 1
+12 4
+45 1
+1 5
-1 1
+1 8
cfn=(176)
calls=1 944 
* 1940
-1 10
+1 50
-1 10
+1 80
cfn=(176)
calls=10 944 
* 20728
* 33
2040 20
cfi=(22)
cfn=(62)
calls=10 57 
* 170
* 20
+2 20
+7 40
+51 130
cfn=(208)
calls=10 1812 
* 2776
+6 10
-6 10
+6 20
2222 40
+46 20
682 10
2107 10
682 20
+3 8
2135 20
cfi=(67)
cfn=(214)
calls=10 403 
* 12638
* 10
+2 20
+4 20
+31 10
-23 20
+23 70
cfn=(170)
calls=10 1572 
* 1094
+4 20
-4 10
+4 10
+1 10
+17 20
2074 50
682 10
2075 10
682 30
2099 20
+1 20
-47 10
+1 10
696 50
2058 66
682 22
2059 22
682 44
+3 8
+3 12
+3 4
+1 4
2073 50
+1 20
688 12
2115 6
+14 12
+2 30
-47 20
691 4
2115 4
+14 8

fn=(170)
1572 230
+32 23
-32 46
+32 46
+19 92
cfi=(53)
cfn=(172)
calls=23 28 
* 496
* 23
+2 46
+8 11
+1 22
+5 11
-5 11
+5 55
cfi=(54)
cfn=(174)
calls=11 25 
* 66
+2 22
+2 22
+2 22
+6 22
+17 143
+81 22
+5 22
+6 44
+6 22
+6 11
+1 11
-1 33
+1 33
+26 207
-22 13
+1 2
-1 1
+1 1
cfi=(70)
cfn=(224)
calls=1 25 
* 7
* 2
1668 6
-59 24
1777 2

fn=(204)
238 44
+3 22
-3 110
+7 22
-7 44
+3 22
cfi=(41)
cfn=(118)
calls=22 32 
* 576
+3 44
+20 198

fl=(16)
fn=(36)
682 1
+17 1
-17 7
+3 1
+1 1
+1 1
+3 1
+9 2
+3 6
1001 3
+1 2
+3 2
+1 2
+6 1
+1 1
+1 1
+1 1
fi=(20)
792 1
+1 1
+2 1
+14 2
+85 1
+1 1
+15 1
-5 1
+5 1
-10 1
-6 1
+2 1
+14 1
-15 1
+2 1
-1 1
+2 1
-1 1
+2 1
-1 1
+1 1
+2 1
+1 1
+1 1
+1 1
+35 2
-15 3
+8 2
+27 6
+9 2
+19 2
+8 6
cfi=(11)
cfn=(28)
calls=1 387 
* 23
* 1
+2 2
+3 4
cfi=(11)
cfn=(28)
calls=1 387 
* 23
* 1
+2 2
+3 4
cfi=(11)
cfn=(28)
calls=1 387 
* 23
* 1
+1 5
+16 2
-12 5
cfi=(11)
cfn=(28)
calls=1 387 
* 23
* 1
+1 3
+6 3
+3 1
-3 2
cfi=(11)
cfn=(28)
calls=1 387 
* 23
* 1
+3 5
-3 1
+3 5
cfi=(11)
cfn=(58)
calls=1 153 
* 62
+1 10
cfi=(11)
cfn=(58)
calls=1 153 
* 62
+1 11
cfi=(11)
cfn=(58)
calls=1 153 
* 62
+3 10
cfi=(11)
cfn=(58)
calls=1 153 
* 62
+2 10
cfi=(11)
cfn=(58)
calls=1 153 
* 62
+13 1
+2 1
fe=(16)
-23 1
fi=(20)
+21 1
+3 1
fe=(16)
-24 1
fi=(20)
+26 1
-5 1
+2 1
-2 1
+3 1
fe=(16)
-24 1
fi=(20)
+25 1
+3 1
-1 1
fe=(16)
-27 1
cfi=(11)
cfn=(28)
calls=1 387 
* 22
+3 4
cfi=(11)
cfn=(28)
calls=1 387 
* 24
+6 3
+54 1
-1 1
+1 1
+45 4
cfi=(11)
cfn=(28)
calls=1 387 
* 22
+2 4
cfi=(11)
cfn=(28)
calls=1 387 
* 22
+6 4
cfi=(11)
cfn=(28)
calls=1 387 
* 24
+7 8
fi=(20)
974 12
fe=(16)
+68 1
-1 2
+1 3
+44 3
+27 2
-10 2
+1 2
+2 3
+1 2
+2 3
+1 2
fi=(20)
811 2
cfn=(50)
calls=1 255 
* 455
+1 1
-1 1
+1 1
cfn=(50)
calls=1 255 
* 503
+1 1
-1 1
+1 1
cfn=(50)
calls=1 255 
* 530
+4 1
-4 1
+1 2
+3 1
cfn=(50)
calls=1 255 
* 476
+2 1
-2 1
+2 1
cfn=(50)
calls=1 255 
* 468
+3 1
-3 1
+1 2
+2 1
cfn=(50)
calls=1 255 
* 446
+2 1
-2 1
+2 1
cfn=(50)
calls=1 255 
* 447
+3 1
-2 1
-1 1
+3 1
cfn=(50)
calls=1 255 
* 494
+2 1
-2 1
+2 1
cfn=(50)
calls=1 255 
* 495
+1 1
+2 1
-3 1
+1 1
+2 1
cfn=(50)
calls=1 255 
* 521
+2 1
-2 1
+2 1
cfn=(50)
calls=1 255 
* 522
+2 1
-2 1
+2 1
cfn=(50)
calls=1 255 
* 523
+2 4
-2 1
+2 1
cfn=(56)
calls=1 571 
* 223
+93 1
-6 3
+6 1
-6 2
+6 2
-6 2
+6 2
-1 2
fe=(16)
708 6
cfn=(38) get_common_indices.constprop.0
calls=1 398 
* 74
376 3
+1 2
+1 6
+5 2
713 1
cfn=(42) update_active.constprop.0
calls=1 72 
* 222
+2 1
+2 1
1015 1
715 2
878 2
+7 2
+2 2
+4 2
+6 2
+2 1
706 2
-3 1
384 6
+5 2
+1 7
717 1
fi=(20)
987 1
-48 1
fe=(16)
717 1
fi=(20)
987 2
fe=(16)
717 6
+4 7
+78 1
-25 3
+92 2
+3 2
fi=(20)
+38 1
fe=(16)
-37 1
-89 2
+51 2

fn=(38)
398 3
+4 4
+3 3
+5 2
-5 1
+5 1
-5 1
+4 1
+1 1
+1 4
+1 4
+1 3
+1 2
+7 2
+2 5
+5 1
-5 1
+5 1
-5 1
+5 1
-5 2
+5 1
+7 1
-7 4
+7 1
+1 3
+6 1
-6 4
+6 1
fi=(17) ./elf/../sysdeps/unix/sysv/linux/x86/dl-minsigstacksize.h
24 2
+3 2
+1 2
+37 3
+7 1
+2 1
fe=(16)
457 3

fn=(42)
72 8
+4 1
+10 1
+9 1
+9 1
-19 1
-1 1
+29 1
-4 1
-24 1
+9 1
+9 1
+9 1
-28 2
+25 1
-15 1
-9 1
+9 1
+9 1
+9 1
-3 1
+7 1
-13 1
+9 1
+4 2
-22 1
+22 2
-13 1
+6 1
+3 1
+5 1
+12 1
-8 1
-4 1
+7 1
-3 4
+1 1
+2 1
-2 2
+1 3
+5 1
+2 1
-2 4
+1 1
+1 1
-1 2
+1 1
-1 1
+3 2
+1 4
+14 2
356 2
+4 3
fi=(18) ./elf/../sysdeps/unix/sysv/linux/x86/dl-hwcap2.h
25 2
fi=(19)
+5 1
-2 1
+2 3
fe=(16)
369 1
+1 8
151 2
+1 2
-1 5
+1 2
+2 3
+90 1
+1 1
-1 2
+17 4
+16 2
+5 1
-1 2
+4 4
+4 2
+4 3
+1 2
+3 1
-1 1
+9 1
-5 1
+2 1
-2 1
+5 1
+51 1
fi=(19)
31 1
fe=(16)
356 2
fi=(19)
32 3
+4 3
fe=(16)
158 4
+3 1
+3 2
+14 1
+2 1
+10 3
-12 1
+12 1
-12 1
+2 2
-2 1
+2 1
+8 1
-8 1
+6 3
+2 1
-2 1
+2 3
+7 5
fi=(19)
39 2
+1 4
-2 1
+7 4
+2 1
+1 2
+3 5
+2 4
+1 2
+1 2
+3 1
-1 1
+1 3
fe=(16)
171 1
-5 2
+4 1

fl=(171) ./elf/./elf/dl-call-libc-early-init.c
fn=(552) _dl_call_libc_early_init
27 1
+2 2
-2 1
+6 3
-6 3
+6 1
-6 2
+6 1
cfi=(170)
cfn=(548)
calls=1 +41 
* 225
+4 2
+2 3
+2 1
-1 1
-1 1
+2 2
-1 1
cob=(2)
cfi=(172) ./elf/./elf/libc_early_init.c
cfn=(554) __libc_early_init
calls=1 -7 
* 353

fl=(14) ./elf/../sysdeps/unix/sysv/linux/brk.c
fn=(30) brk
36 1
fi=(486) ./elf/../sysdeps/unix/sysv/linux/brk_call.h
-12 2
fe=(14)
+13 1
+1 2
+6 1
+1 1

fl=(179) ./elf/./elf/dl-init.c
fn=(586) call_init.part.0
26 156
+17 13
+3 13
-3 26
+3 26
+5 24
+8 36
+1 60
cob=(4)
cfi=(177)
cfn=(736) 0x0000000004857000
calls=1 -60 
* 7
cob=(4)
cfi=(177)
cfn=(726) 0x0000000004932000
calls=1 -60 
* 7
cob=(4)
cfi=(177)
cfn=(716) 0x0000000004950000
calls=1 -60 
* 7
cob=(4)
cfi=(177)
cfn=(658) 0x0000000004979000
calls=1 -60 
* 7
cob=(4)
cfi=(177)
cfn=(648) 0x0000000004cbc000
calls=1 -60 
* 7
cob=(4)
cfi=(177)
cfn=(638) 0x0000000004cdb000
calls=1 -60 
* 7
cob=(4)
cfi=(177)
cfn=(628) 0x0000000004ce2000
calls=1 -60 
* 7
cob=(4)
cfi=(177)
cfn=(618) 0x0000000004cec000
calls=1 -60 
* 7
cob=(4)
cfi=(177)
cfn=(608) 0x0000000004d00000
calls=1 -60 
* 7
cob=(4)
cfi=(177)
cfn=(588) 0x000000000483d000
calls=1 -60 
* 7
+3 12
+1 24
+6 22
+2 22
-2 11
+3 68
+1 8
cob=(11)
cfi=(190)
cfn=(668) 0x000000000001a7b0
calls=1 -74 
* 4303
cob=(2)
cfi=(184) ./libio/./libio/vtables.c
cfn=(606) check_stdfiles_vtables
calls=1 545 
* 12
* 44
cob=(3)
cfi=(204) ???
cfn=(740) 0x00000000000104e0
calls=1 -74 
* 12
cob=(13) /usr/lib/x86_64-linux-gnu/libz.so.1.3
cfi=(203) ???
cfn=(730) 0x0000000000002310
calls=1 -74 
* 12
cob=(12)
cfi=(202)
cfn=(720)
calls=1 -74 
* 12
cob=(11)
cfi=(190)
cfn=(662) 0x000000000001a870
calls=1 -74 
* 12
cob=(10) /usr/lib/x86_64-linux-gnu/libxcb.so.1.1.0
cfi=(189) ???
cfn=(652) 0x000000000000b720
calls=1 -74 
* 12
cob=(9) /usr/lib/x86_64-linux-gnu/libXau.so.6.0.0
cfi=(188) ???
cfn=(642) 0x0000000000001410
calls=1 -74 
* 12
cob=(8)
cfi=(187)
cfn=(632)
calls=1 -74 
* 12
cob=(7) /usr/lib/x86_64-linux-gnu/libbsd.so.0.12.1
cfi=(186) ???
cfn=(622) 0x0000000000004ea0
calls=1 -74 
* 12
cob=(6) /usr/lib/x86_64-linux-gnu/libmd.so.0.1.0
cfi=(185) ???
cfn=(612) 0x0000000000002210
calls=1 -74 
* 12
cob=(2)
cfi=(181) ./csu/./csu/init-first.c
cfn=(598) _init_first
calls=1 -28 
* 72
cob=(5) /usr/libexec/valgrind/vgpreload_core-amd64-linux.so
cfi=(180) ???
cfn=(592) 0x0000000000001110
calls=1 -74 
* 12
-1 39
+3 104
-29 2

fn=(584) _dl_init
81 13
+1 1
+1 1
+3 3
+8 2
+25 1
+1 8
+1 26
-92 26
+6 39
+2 62
+83 24
cfn=(586)
calls=12 -94 
* 5210
* 24
+7 8
-98 2
+60 2
-54 3
+2 7
cfn=(586)
calls=1 -11 
* 77
* 2

fl=(169) ./elf/../sysdeps/nptl/dl-mutex.c
fn=(546) __rtld_mutex_init
30 2
+10 3
-10 3
+10 1
-10 1
+10 1
-10 1
+7 1
+3 2
cfi=(170)
cfn=(548)
calls=1 +34 
* 233
+4 2
+1 8
+2 3
-2 1
+2 3
cfi=(170)
cfn=(548)
calls=1 +27 
* 223
+4 2
+1 7
+1 6

fl=(32)
fn=(244)
98 1
+27 1
+1 1
+1 1
+1 1
+1 1
+2 1
+1 1
+2 1
+1 1
+21 1
+1 1
+1 1
+1 1
+1 1
+1 1
+1 1
+1 1
+17 1
+1 1
+1 1
+1 1
+1 1
+1 1
+1 1
2104 1
+3 1
+1 1
+2 1
+1 1
+8 1
+1 1

fn=(94)
98 1562
+33 1562
+1 1562
+2 1562
+1 1562
+21 1562
+1 1562
+1 1204
+1 1204
+1 973
+1 973
+1 973
+1 973
+17 973
+1 973
+1 973
+1 973
+1 973
+1 973
+1 973
+5 54
+1 162
+9 54
+1 54
+1 54
+1 54
+1 54
+1 54
+1 54
+1 54
-7 589
+1 589
+1 589
+1 589
+1 589
+1 589
+1 589
+1 589
+1 595
+1 324
+1 324
+1 324
+2 324
+1 324
+1 324
+1 324
+1 324
+1 324
-5 271
+1 271
+1 271
+1 271
+1 271
+1 271
+10 48
+1 48
+1 48
+2 48
+6 48
+1 48
+1 48
+1 48
+1 48
+5 48
+2 11
+1 11
+1 22
+8 11
+1 11
+3 11
+1 11
+1 11
+1 11
+1 11
+1 11
+31 8
+1 8
+1 8
+1 8
+1 8
+2 8
+1 8
+1 8
+1 8
+1 8
+1 8
+1 8
+1 8
+3 8
+1 8
+1 8
+6 8
+1 8
+1 16
+4 8
+1 8
+3 8
+1 8
+1 8
+2 8
+1 8
+1 8
+4 8
+1 8
+1 8
+1 8
+1 8
+1 8
+75 3
+1 3
+1 3
+1 3
+1 3
+2 3
+1 3
+1 3
+1 3
+1 3
+1 3
+1 3
+1 3
+3 3
+1 3
+1 3
+6 3
+1 3
+1 6
+4 3
+1 3
+3 3
+1 3
+1 3
+2 3
+1 3
+1 3
+4 3
+1 3
+1 3
+1 3
+1 3
+1 3
+69 22
+1 22
+1 22
+1 22
+1 22
+2 22
+1 22
+1 22
+1 22
+1 22
+1 22
+1 22
+1 8
+4 8
+1 8
+1 8
+6 8
+1 8
+1 16
+4 8
+1 8
+3 8
+1 8
+1 8
+2 8
+1 8
+1 8
+4 8
+1 8
+1 8
+1 8
+1 8
+1 8
+69 9
+1 9
+1 9
+1 9
+1 9
+2 9
+1 9
+1 9
+1 9
+1 9
+1 9
+1 9
+1 6
+4 6
+1 6
+1 6
+6 6
+1 6
+1 12
+4 6
+1 6
+3 6
+1 6
+1 6
+2 6
+1 6
+1 6
+4 6
+1 6
+1 6
+1 6
+1 6
+1 6
+69 10
+1 10
+1 10
+1 10
+1 10
+2 10
+1 10
+1 10
+1 10
+1 10
+1 10
+1 10
+1 8
+4 8
+1 8
+1 8
+6 8
+1 8
+1 16
+4 8
+1 8
+3 8
+1 8
+1 8
+2 8
+1 8
+1 8
+4 8
+1 8
+1 8
+1 8
+1 8
+1 8
+69 13
+1 13
+1 13
+1 13
+1 13
+2 13
+1 13
+1 13
+1 13
+1 13
+1 13
+1 13
+1 7
+4 7
+1 7
+1 7
+6 7
+1 7
+1 14
+4 7
+1 7
+3 7
+1 7
+1 7
+2 7
+1 7
+1 7
+4 7
+1 7
+1 7
+1 7
+1 7
+1 7
+7 1
+1 1
+2 1
+1 1
+2 1
+1 1
+1 1
+2 1
+1 1
+1 1
+4 1
+1 1
+1 1
+1 1
+1 1
+1 1
+41 38
+1 38
+1 38
+1 38
+1 38
+2 38
+1 38
+1 38
+1 38
+1 38
+1 38
+1 38
+1 35
+4 35
+1 35
+1 35
+6 35
+1 35
+1 70
+4 35
+1 35
+3 35
+1 35
+1 35
+2 35
+1 35
+1 35
+4 35
+1 35
+1 35
+1 35
+1 35
+1 35
+69 62
+1 62
+1 62
+1 62
+1 62
+2 62
+1 62
+1 62
+1 62
+1 62
+1 62
+1 62
+1 17
+4 17
+1 17
+1 17
+6 17
+1 17
+1 34
+4 17
+1 17
+3 17
+1 17
+1 17
+2 17
+1 17
+1 17
+4 17
+1 17
+1 17
+1 17
+1 17
+1 17
+7 2
+1 2
+2 2
+1 2
+2 2
+1 2
+1 2
+2 2
+1 2
+1 2
+4 2
+1 2
+1 2
+1 2
+1 2
+1 2
+41 52
+1 52
+1 52
+1 52
+1 52
+2 52
+1 52
+1 52
+1 52
+1 52
+1 52
+1 52
+1 23
+4 23
+1 23
+1 23
+6 23
+1 23
+1 46
+4 23
+1 23
+3 23
+1 23
+1 23
+2 23
+1 23
+1 23
+4 23
+1 23
+1 23
+1 23
+1 23
+1 23
+69 38
+1 38
+1 38
+1 38
+1 38
+2 38
+1 38
+1 38
+1 38
+1 38
+1 38
+1 38
+1 21
+4 21
+1 21
+1 21
+6 21
+1 21
+1 42
+4 21
+1 21
+3 21
+1 21
+1 21
+2 21
+1 21
+1 21
+4 21
+1 21
+1 21
+1 21
+1 21
+1 21
+69 77
+1 77
+1 77
+1 77
+1 77
+2 77
+1 77
+1 77
+1 77
+1 77
+1 77
+1 77
+1 40
+4 40
+1 40
+1 40
+6 40
+1 40
+1 80
+4 40
+1 40
+3 40
+1 40
+1 40
+2 40
+1 40
+1 40
+4 40
+1 40
+1 40
+1 40
+1 40
+1 40
+69 100
+1 100
+1 100
+1 100
+1 100
+2 100
+1 100
+1 100
+1 100
+1 100
+1 100
+1 100
+1 29
+4 29
+1 29
+1 29
+6 29
+1 29
+1 58
+4 29
+1 29
+3 29
+1 29
+1 29
+2 29
+1 29
+1 29
+4 29
+1 29
+1 29
+1 29
+1 29
+1 29
+7 2
+1 2
+2 2
+1 2
+2 2
+1 2
+1 2
+2 2
+1 2
+1 2
+4 2
+1 2
+1 2
+1 2
+1 2
+1 2
+41 61
+1 61
+1 61
+1 61
+1 61
+2 61
+1 61
+1 61
+1 61
+1 61
+1 61
+1 61
+1 24
+4 24
+1 24
+1 24
+6 24
+1 24
+1 48
+4 24
+1 24
+3 24
+1 24
+1 24
+2 24
+1 24
+1 24
+4 24
+1 24
+1 24
+1 24
+1 24
+1 24
+7 1
+1 1
+2 1
+1 1
+2 1
+1 1
+1 1
+2 1
+1 1
+1 1
+4 1
+1 1
+1 1
+1 1
+1 1
+1 1
+41 55
+1 55
+1 55
+1 55
+1 55
+2 55
+1 55
+1 55
+1 55
+1 55
+1 55
+1 55
+1 23
+4 23
+1 23
+1 23
+6 23
+1 23
+1 46
+4 23
+1 23
+3 23
+1 23
+1 23
+2 23
+1 23
+1 23
+4 23
+1 23
+1 23
+1 23
+1 23
+1 23
+69 47
+1 47
+1 47
+1 47
+1 47
+2 47
+1 47
+1 47
+1 47
+1 47
+1 47
+1 47
+2 10
+4 10
+1 10
+1 10
+6 10
+1 10
+2 20
+4 10
+1 10
+3 10
+1 10
+1 10
+2 10
+1 10
+1 10
+4 10
+1 10
+1 10
+1 10
+1 10
+1 10
+7 2
+1 2
+2 2
+1 2
+2 2
+1 2
+1 2
+2 2
+1 2
+1 2
+4 2
+1 2
+1 2
+1 2
+1 2
+1 2
+43 273
+2 273
+1 273
+1 273
+1 273
-3 370
+1 370
+1 370
+1 370
+1 648
+5 324
+6 324
+1 324
+8 324
+1 324
-16 1238
+6 1238
+1 1238
+8 1238
+1 1238

fl=(13)
fn=(26) _dl_sort_maps_init
289 2
+1 2
-1 2
+1 2
cfi=(11)
cfn=(28)
calls=1 +97 
* 24
+2 3
-1 1
+2 2

fn=(232)
298 24
+8 2
-8 2
+8 4
+4 16
-99 2
-28 2
-2 2
+1 4
+29 2
-28 8
+1 2
-1 2
+1 2
-1 4
+1 24
-1 24
+1 24
-1 48
+28 30
+8 6
-3 2
+2 2
+1 4
-3 2
+5 80
+2 26
-83 118
cfn=(234) dfs_traversal.part.0
calls=22 -5 
* 1213
+86 74
+18 8
+32 8
+7 2
+27 2
-47 6
cfi=(29)
cfn=(82)
calls=2 -53 
* 54
* 2

fn=(234)
135 198
+10 22
-2 22
+2 44
+2 84
-7 130
+7 252
+9 40
+15 66
+1 22
+1 138
cfn=(235) dfs_traversal.part.0'2
calls=2 -38 
* 147
-26 10
+9 38

fn=(235)
135 36
+10 4
-2 4
+2 8
+2 8
-7 8
+7 8
+9 4
+15 12
+1 4
+1 30
cfn=(235)
calls=2 -38 
* 53
-26 10
+9 11

fl=(25) ./elf/./elf/dl-environ.c
fn=(70) _dl_next_ld_env_entry
28 3
+1 3
+3 51
+13 41
-13 82
+2 86
+1 18
+5 2
-3 2
+3 2
+2 2

fl=(63) ./io/../sysdeps/unix/sysv/linux/access.c
fn=(200) access
25 1
+2 7
+4 1

fl=(22)
fn=(62)
57 60
+44 60
+1 60
+1 60
+1 60
+1 60
+1 60
+1 60
+2 60
+2 60
+31 60
+1 60
+1 60
+1 60
+1 60
+1 27
+2 27
+4 33
+1 33
+1 33
+1 33
+1 33
+1 33
+1 33
+1 33
+1 33
+1 33
+1 33
+1 33
+5 264

fl=(62)
fn=(194)
25 12
+1 48
+1 12

fl=(23) ./elf/../misc/sbrk.c
fn=(64) sbrk
37 4
+3 1
-3 2
+21 2
+4 2
+16 5

fl=(66)
fn=(212)
146 6
-55 6
+70 7
+1 1
-2 4
+1 4

fl=(9) ./elf/../sysdeps/unix/sysv/linux/dl-sysdep.c
fn=(18) _dl_sysdep_parse_arguments
78 1
+2 1
-2 6
+1 1
+1 1
-1 1
+2 2
+2 1
-2 1
+2 2
-1 1
+1 2
-1 42
+1 84
+7 56
fi=(10) ./elf/../sysdeps/unix/sysv/linux/dl-parse_auxv.h
-49 1
fe=(9)
+45 1
fi=(10)
-54 1
fe=(9)
+54 1
fi=(10)
-54 1
+1 1
+1 1
+7 3
+1 40
+1 20
-2 20
+2 20
-2 61
fe=(9)
+52 3
+1 1
+1 2
fi=(10)
-49 1
+1 1
fe=(9)
+46 1
fi=(10)
-45 1
+3 1
+1 1
+1 1
+1 1
+2 1
-5 1
-4 1
+1 1
+4 1
+1 1
+3 1
-7 1
-4 1
+1 1
+8 1
fe=(9)
+40 1
-1 1
+2 1
+1 6

fn=(16) _dl_sysdep_start
102 5
+4 1
-4 1
+1 1
+3 1
cfn=(18)
calls=1 -28 
* 407
+4 2
cfi=(11)
cfn=(22)
calls=1 261 
* 25995
+3 1
cfi=(13)
cfn=(26)
calls=1 289 
* 38
+2 2
cfi=(14)
cfn=(30)
calls=1 -79 
* 8
fi=(6)
220 1
cfi=(15)
cfn=(34)
calls=1 37 
* 7349
fe=(9)
-98 3
+1 1
cfi=(22)
cfn=(62)
calls=1 -66 
* 17
* 1
+2 2
cfi=(23)
cfn=(64)
calls=1 -88 
* 16
* 3
+12 3
+3 5
cfi=(2)
cfn=(66) dl_main
calls=1 1346 
* 553337
+3 4

fn=(568) _dl_sysdep_start_cleanup
147 1
+1 1

fl=(24)
fn=(256) __tls_init_tp
68 2
fi=(487) ./elf/../include/list.h
-24 1
fe=(24)
+24 3
fi=(487)
-25 1
fe=(24)
+26 1
+3 1
fi=(487)
-29 1
+1 1
+1 1
+2 1
fe=(24)
+28 4
+1 2
+1 1
+5 2
+5 1
+6 1
-3 1
+3 1
-6 3
+6 1
+12 4
cfi=(11)
cfn=(28)
calls=1 387 
* 24
fi=(75) ./elf/../sysdeps/unix/sysv/linux/rseq-internal.h
-73 3
+8 1
fe=(24)
+81 3
+7 2
+1 3
fi=(75)
-95 7
+3 2
fe=(24)

fn=(68) __tls_pre_init_tp
53 3
+3 8
+5 1
-5 1
+5 1
+1 1
-6 1
+8 1

fn=(86)
42 26
+2 52

fl=(1) ???
fn=(0) 0x000000000001f540
0 2
cfi=(2)
cfn=(2) _dl_start
calls=1 517 
0 587877
0 8
cfi=(76)
cfn=(580)
calls=1 331 
0 4
0 10
cfi=(179)
cfn=(584)
calls=1 81 
0 5541
0 3
cob=(14) /home/abdoali/42cursus/cercle-5/miniRT/miniRT-prof
cfi=(205) ???
cfn=(748) (below main)
calls=1 0 
0 683799958

fl=(48)
fn=(152) _dl_audit_activity_map
29 2
+2 1
-2 5
+1 1
+1 2
+6 6

fn=(768) _dl_audit_preinit
118 1
+1 4

fn=(570)
41 3
+4 12
+1 3
+1 15

fn=(198)
77 11
+1 44

fn=(3378)
97 13
+1 52

fl=(2)
fn=(154) handle_preload_list
869 11
+5 1
-5 2
+5 2
-4 3
+7 3
cfi=(49)
cfn=(156)
calls=1 32 
* 254
* 1
+1 3
+9 1
183 1
889 2
183 2
891 2
-80 1
+5 1
-6 1
-4 1
+10 2
-6 1
+4 1
+2 2
-5 1
+1 1
+4 1
cfi=(50)
cfn=(158)
calls=1 254 
* 2754
+1 3
+8 3
+67 1
-18 2
+21 9
-15 4
cfi=(29)
cfn=(82)
calls=1 210 
* 19
+1 2

fn=(246) init_tls
734 1
+6 1
-6 3
+2 2
+4 2
+11 1
fi=(28)
44 1
fe=(2)
746 1
+4 1
fi=(28)
44 1
cfi=(27)
cfn=(74)
calls=1 +36 
* 41
fe=(2)
761 1
-12 1
+6 1
-9 1
+11 1
+4 1
+2 3
-1 2
+3 26
+4 2
+2 2
-2 4
-5 2
-1 4
+10 3
+3 2
cfi=(46)
cfn=(248)
calls=1 97 
* 86
+3 1
cfi=(46)
cfn=(250)
calls=1 216 
* 113
+7 1
cfi=(46)
cfn=(252)
calls=1 417 
* 470
* 1
+1 2
+6 1
fi=(74) ./elf/../sysdeps/generic/dl-call_tls_init_tp.h
31 2
fe=(2)
793 1
fi=(74)
31 6
+2 1
cfi=(24)
cfn=(256)
calls=1 +35 
* 79
fe=(2)
800 1
-3 1
+3 4
-36 11
-1 23

fn=(2)
517 16
85 1
547 4
85 1
543 1
fi=(6)
55 1
fe=(2)
+30 1
546 1
85 1
fi=(3) ./elf/./get-dynamic-info.h
-40 1
fe=(2)
546 1
fi=(3)
45 2
+23 18
-23 72
+4 36
+3 5
-1 10
+3 20
+1 16
+1 5
fi=(4)
+23 1
fi=(3)
+31 1
-38 3
+12 4
+1 3
+1 4
+1 4
+1 5
+1 3
+1 4
+1 4
+12 7
+7 2
-51 4
+64 3
+6 3
+1 3
+3 2
+1 3
+5 5
+3 5
fe=(2)
563 154
fi=(4)
79 1
fe=(2)
563 1
fi=(4)
79 2
fe=(2)
563 27
fi=(6)
287 3
fi=(5)
49 1
fe=(2)
563 1
fi=(5)
50 1
-1 2
+4 1
-3 1
+3 4
+3 2
-7 1
fe=(2)
563 1
fi=(5)
50 1
-1 2
+4 1
-3 1
+3 4
+3 2
+7 3
+2 3
-2 6
fi=(6)
278 3
fi=(5)
64 6
fi=(6)
278 6
+9 24
+3 6
+1 6
+26 8
+6 2
fi=(5)
61 13
fe=(2)
563 6
fi=(5)
51 1
fi=(4)
+28 2
fi=(3)
-17 4
+2 4
fe=(2)
565 1
+13 1
cfi=(7)
cfn=(12)
calls=1 42 
* 10
458 2
85 1
476 2
85 3
476 1
cfi=(8)
cfn=(14)
calls=1 25 
* 27
+2 1
+16 2
-17 1
+11 1
-10 1
+16 1
cfi=(9)
cfn=(16)
calls=1 102 
* 587204
* 1
+2 2
+89 9
fi=(3)
103 3
fe=(2)

fn=(164)
641 2
+2 1
-2 4
+2 1
+1 2
-1 2
+1 3
cfi=(30)
cfn=(166)
calls=1 1967 
* 2643
* 1
+2 3

fn=(238)
674 2
+2 1
-2 4
+2 3
cfi=(73)
cfn=(240)
calls=1 392 
* 32140
* 2
+4 3

fn=(66)
1346 2
197 1
1346 11
199 1
302 1
+1 1
197 1
+99 3
1357 1
cfi=(24)
cfn=(68)
calls=1 53 
* 17
2749 1
2538 1
2749 2
2598 1
+2 2
+15 1
-13 2
cfi=(25)
cfn=(70)
calls=1 28 
* 39
* 4
cfi=(25)
cfn=(70)
calls=2 28 
* 253
* 9
+4 6
-2 2
+2 6
+1 2
-1 6
+1 17
-1 89
+9 12
2727 3
1373 1
+1 2
-1 2
+1 2
2687 3
-47 2
+10 2
1637 9
cfi=(26)
cfn=(72)
calls=1 59 
* 210
* 1
+2 2
+1 3
+6 1
-5 2
+1 3
+4 1
cfi=(26)
cfn=(84)
calls=1 31 
* 42
+1 2
1116 1
-1 1
1351 1
1143 1
-21 2
+21 2
-19 1
+1 1
-3 1
+21 2
+57 1
-82 1
+25 1
-3 1
+4 1
+19 1
+37 4
-56 112
+56 4
-1 4
+1 8
-1 4
+2 8
+1 1
+2 12
+1 14
+4 8
+1 8
+1 4
+4 12
-72 27
1253 2
+1 24
+6 4
cfi=(30)
cfn=(88)
calls=1 868 
* 90
-7 28
+1 14
+6 14
-6 28
fi=(31)
235 4
+1 2
-87 4
fe=(2)
1221 3
+7 1
-1 2
+6 1
-6 2
-79 1
+85 3
-90 2
+91 1
+1 1
-1 1
+4 2
-95 2
+5 1
-5 1
+5 2
-5 2
+30 1
-9 2
+2 1
-3 1
+10 2
+18 2
-38 2
-10 1
+10 1
+1 9
-11 2
+1 14
1247 1
1143 1
1247 2
1143 3
1266 4
+2 3
+1 3
+2 3
1672 3
+2 2
-1 1
+1 1
+1 3
-2 2
cfi=(32)
cfn=(94)
calls=1 98 
* 25
* 2
+7 1
+3 1
-5 1
+3 1
+2 1
+1 2
+4 2
+2 2
fi=(3)
39 4
+4 1
+2 1
+9 1
+1 1
-10 2
+23 30
-23 120
+4 60
+3 6
-1 12
+3 24
+1 20
fe=(2)
1243 1
1143 1
1243 1
1143 2
fi=(3)
72 4
+43 2
+7 3
+1 4
fe=(2)

ob=(9)
fl=(188)
fn=(3492) 0x00000000000013d0
0 9
cob=(4)
cfi=(177)
cfn=(3498) 0x0000000004cdb1c0
calls=1 0 
0 80
0 1
cfn=(3502) 0x0000000000001360
calls=1 0 
0 5
0 3

fn=(1132) XauFileName
0 9
cob=(4)
cfi=(177)
cfn=(1134) 0x0000000004cdb1d0
calls=1 0 
0 1246

ob=(1)
fl=(2)
fn=(66)
fi=(3)
129 3
+18 4
+5 2
+2 2
+2 2
+2 2
+1 2
+3 4
+2 3
+1 2
+9 2
+6 2
+1 3
+3 3
fe=(2)
1698 4
+7 2
cfi=(8)
cfn=(14)
calls=1 25 
* 27
+3 2
fi=(33) ./elf/./setup-vdso.h
24 2
fi=(36) ./elf/./dl-main.h
+85 2
fi=(35) ./elf/../sysdeps/unix/sysv/linux/dl-vdso-setup.h
-64 1
fi=(36)
+64 3
cfi=(30)
cfn=(106)
calls=1 706 
* 2322
fe=(2)
1733 3
cfi=(45)
cfn=(144)
calls=1 56 
* 34
+7 1
-5 1
-2 1
+7 1
+4 1
+1 1
+2 1
-3 3
+1 2
+3 1
+11 1
-13 1
+13 1
+1 2
+5 1
-3 2
+2 1
+1 2
+5 3
+1 5
-1 2
224 1
+1 1
-1 1
+1 3
+1 2
1788 2
+5 1
-1 1
1352 1
1793 1
+24 1
cfi=(46)
cfn=(146)
calls=1 192 
* 6
* 1
fi=(47) ./elf/../sysdeps/generic/dl-debug.h
29 4
+1 1
fe=(2)
1823 1
+1 1
cfi=(45)
cfn=(150)
calls=1 116 
* 2
+1 1
+4 3
cfi=(48)
cfn=(152)
calls=1 29 
* 17
+5 3
+2 1
+2 2
+9 2
+16 4
cfi=(63)
cfn=(200)
calls=1 25 
* 9
* 2
+76 4
+16 3
85 1
1965 1
85 2
1965 1
85 1
1965 5
85 1
1965 2
cfi=(64)
cfn=(202)
calls=1 143 
* 73933
92 1
+9 1
1971 1
92 2
+9 2
1971 2
+1 6
-1 4
+1 24
-1 48
+4 3
+1 2
+1 1
+2 30
+1 14
+46 1
-42 2
+8 3
+1 2
+2 1
+2 4
+2 1
-4 1
+5 1
-1 2
+14 2
+1 2
+1 3
+2 2
+1 2
-28 1
+36 2
+2 1
-2 1
+2 2
-2 1
+1 2
+1 1
-1 2
+1 1
cfi=(50)
cfn=(236)
calls=1 186 
* 32177
+10 1
+1 1
-1 1
+1 1
+3 2
837 1
fi=(488) ./elf/../sysdeps/unix/sysv/linux/dl-osinfo.h
39 2
fe=(2)
839 1
fi=(488)
52 1
fe=(2)
848 1
+7 1
-5 1
2047 3
2246 2
+4 1
-4 1
+10 1
-6 1
+6 1
-6 1
+9 2
+8 2
fi=(31)
36 2
+1 3
+3 3
+13 15
-13 12
+9 24
-9 1
+9 52
+4 48
-16 39
+34 1
fe=(2)
2279 1
fi=(31)
71 1
cfi=(76)
cfn=(260)
calls=1 361 
* 55
fe=(2)
2282 1
-3 2
+5 1
-2 2
+2 2
+1 6
cfi=(77)
cfn=(262)
calls=1 207 
* 81636
85 2
2292 1
85 2
2292 1
+1 41
+2 26
+5 26
+2 26
+6 13
+2 26
+1 96
cfi=(77)
cfn=(262)
calls=12 207 
* 347605
+4 30
+1 4
-23 2
+23 2
cfi=(46)
cfn=(438)
calls=2 1017 
* 56
-23 5
92 3
+1 1
2325 1
93 1
2325 1
+4 4
+2 1
+7 4
cfi=(46)
cfn=(528)
calls=1 523 
* 232
+3 2
+4 3
+2 2
+33 3
cfi=(171)
cfn=(552)
calls=1 27 
* 603
+7 1
cfi=(9)
cfn=(568)
calls=1 147 
* 2
+3 3
cfi=(48)
cfn=(570)
calls=1 41 
* 11
+4 2
cfi=(45)
cfn=(196)
calls=1 38 
* 7
+1 1
-1 1
+2 1
cfi=(45)
cfn=(150)
calls=1 116 
* 2
+1 1
+4 1
cfi=(67)
cfn=(572)
calls=1 525 
* 19
+5 8
2304 1
+1 1
-3 2
226 2
-2 1
+1 1
1773 1
+6 1
-6 2
+6 1
fi=(3)
56 5
+3 4
fi=(34) ./elf/../sysdeps/unix/sysv/linux/dl-vdso.h
-19 2
+1 5
fi=(35)
-11 1
+3 1
+3 1
+3 1
fi=(34)
+16 2
fi=(3)
+17 3
+12 3
+1 5
+1 5
+1 5
+1 4
+1 5
+1 5
+1 5
+12 2
+7 1
-7 7
+7 2
fe=(2)
1743 4
2357 1
cfi=(165)
cfn=(530)
calls=1 561 
* 2142
+5 3
cfi=(7)
cfn=(538)
calls=1 76 
* 3174
+3 1
cfi=(169)
cfn=(546)
calls=1 30 
* 503
85 1
2371 1
+1 3
85 3
2372 2
cfi=(77)
cfn=(262)
calls=1 207 
* 1957
92 3
+9 3
2687 2
+2 1
+1 1
-1 1
+1 1
+1 1
2040 2
cfn=(246)
calls=1 734 
* 915
* 2
2650 2
+2 2
+1 1
fi=(3)
62 4
+2 4
fe=(2)
1943 10
85 1
1842 2
85 3
1842 2
cfn=(154)
calls=1 869 
* 3098
* 1
92 3
+9 3
1943 6
+1 1
-1 1
+4 3
+1 1
+1 2
+1 2

ob=(9)
fl=(188)
fn=(1132)
0 5
cob=(4)
cfi=(177)
cfn=(1134)
calls=1 0 
0 114
0 5
cob=(4)
cfi=(177)
cfn=(1140) 0x0000000004cdb260
calls=1 0 
0 950
0 19
cob=(4)
cfi=(177)
cfn=(1158) 0x0000000004cdb1e0
calls=1 0 
0 1526
0 13
cob=(4)
cfi=(177)
cfn=(1144) 0x0000000004cdb1f0
calls=1 0 
0 808
0 2
cob=(4)
cfi=(177)
cfn=(1148) 0x0000000004cdb2d0
calls=1 0 
0 936
0 12
cfn=(1152) 0x0000000000002030
calls=1 0 
0 1031
0 2

fn=(1130) XauGetBestAuthByAddr
0 17
cfn=(1132)
calls=1 0 
0 6678
0 6
cob=(4)
cfi=(177)
cfn=(1162) 0x0000000004cdb2f0
calls=1 0 
0 911
0 13

fn=(642)
0 12

ob=(1)
fl=(2)
fn=(66)
1943 2

fl=(475)
fn=(3352)
24 104
+4 26
+6 13
-2 13
+3 26
+3 11
+1 11
-1 11
+1 22
+3 44
+1 11
cob=(6)
cfi=(185)
cfn=(3546) 0x00000000000021d0
calls=1 -43 
* 98
cob=(7)
cfi=(186)
cfn=(3528) 0x0000000000004e60
calls=1 -43 
* 98
cob=(8)
cfi=(187)
cfn=(3510)
calls=1 -43 
* 98
cob=(9)
cfi=(188)
cfn=(3492)
calls=1 -43 
* 98
cob=(10)
cfi=(189)
cfn=(3474) 0x000000000000b6e0
calls=1 -43 
* 98
cob=(11)
cfi=(190)
cfn=(3452) 0x000000000001a7a0
calls=1 -43 
* 374
cob=(12)
cfi=(202)
cfn=(3434)
calls=1 -43 
* 98
cob=(13)
cfi=(203)
cfn=(3416) 0x00000000000022d0
calls=1 -43 
* 98
cob=(3)
cfi=(204)
cfn=(3398) 0x00000000000104a0
calls=1 -43 
* 98
cob=(5)
cfi=(180)
cfn=(3380) 0x00000000000010d0
calls=1 -43 
* 98
cob=(14)
cfi=(205)
cfn=(3354) 0x0000000000009000
calls=1 -43 
* 98
* 1
cob=(11)
cfi=(190)
cfn=(3456) 0x000000000001a830
calls=1 -43 
* 98
-1 48
+5 13
+1 26

ob=(9)
fl=(188)
fn=(3346) 0x0000000000001420
0 5
cob=(4)
cfi=(177)
cfn=(1144)
calls=1 0 
0 117
0 3

fn=(3502)
0 5

fn=(1152)
0 4
cob=(4)
cfi=(177)
cfn=(1154) 0x0000000004cdb320
calls=1 0 
0 1027

ob=(1)
fl=(475)
fn=(3352)
49 22
+1 55
-1 11
cob=(4)
cfi=(177)
cfn=(3562) 0x0000000004d08a7c
calls=1 -49 
* 4
cob=(4)
cfi=(177)
cfn=(3544) 0x0000000004cf74f8
calls=1 -49 
* 4
cob=(4)
cfi=(177)
cfn=(3526) 0x0000000004ce3a8c
calls=1 -49 
* 4
cob=(4)
cfi=(177)
cfn=(3508) 0x0000000004cdc044
calls=1 -49 
* 4
cob=(4)
cfi=(177)
cfn=(3490) 0x0000000004cceec0
calls=1 -49 
* 4
cob=(4)
cfi=(177)
cfn=(3472) 0x0000000004a08fe0
calls=1 -49 
* 4
cob=(4)
cfi=(177)
cfn=(3450) 0x000000000495abd0
calls=1 -49 
* 4
cob=(4)
cfi=(177)
cfn=(3432) 0x0000000004943c40
calls=1 -49 
* 4
cob=(4)
cfi=(177)
cfn=(3414) 0x00000000048d53a8
calls=1 -49 
* 4
cob=(4)
cfi=(177)
cfn=(3396) 0x000000000483d294
calls=1 -49 
* 4
cob=(4)
cfi=(177)
cfn=(3376) 0x000000000015ddb8
calls=1 -49 
* 4
+1 12

fl=(27)
fn=(142)
97 1
+2 4

fn=(78)
36 552
+1 207
+11 204
+3 68
-3 68
+3 136
-3 2
+3 1
-3 1
+3 262
+19 69
+1 69
+2 414
-17 16
+1 8
+2 4
+1 28
cfi=(57)
cfn=(182)
calls=4 -13 
* 104
* 4
+2 8
+2 16
cfi=(58)
cfn=(184)
calls=4 -31 
* 66
+1 12
+2 3
+4 3
-4 6
-24 1
-1 1
+1 1
+1 2
-2 2
+28 1
-3 2
+4 2

fn=(74)
80 26
+4 26
-4 104
+7 26
+1 78
fi=(28)
-32 26
cfi=(27)
cfn=(78)
calls=26 -20 
* 942
fe=(27)

fl=(71)
fn=(228)
30 143
+4 11
+1 22
+10 22
+18 11
-17 11
+17 55

fl=(191) ./elf/../sysdeps/x86_64/dl-trampoline.h
fn=(678) _dl_runtime_resolve_xsave
71 84
+5 84
+3 84
+2 84
+10 84
+6 84
+1 84
+1 84
+1 84
+1 84
+1 84
+1 84
+4 84
+1 84
+3 84
+1 84
+2 84
+1 84
+1 84
+1 84
+1 84
+1 84
+2 84
+7 84
+1 84
+1 84
cfi=(192)
cfn=(680)
calls=84 -84 
* 74310
+1 84
+5 84
+1 84
+1 84
+2 84
+1 84
+1 84
+1 84
+1 84
+1 84
+1 84
+2 84
+2 84
+4 84
+2 84

ob=(7)
fl=(186)
fn=(3538) 0x0000000000004df0
0 5

fn=(3528)
0 9
cob=(4)
cfi=(177)
cfn=(3534) 0x0000000004cec700
calls=1 0 
0 80
0 1
cfn=(3538)
calls=1 0 
0 5
0 3

fn=(622)
0 12

ob=(14)
fl=(277) /home/abdoali/42cursus/cercle-5/miniRT/srcs/surface/material/add.c
fn=(2222) scene_add_material
77 45
+5 142
+2 108
+1 72
+1 360
cfi=(291) /home/abdoali/42cursus/cercle-5/miniRT/srcs/maths/vectors/vec3/vec3_extra.c
cfn=(2296) vec3_compare
calls=36 -43 
* 308
* 108
+5 63
cfn=(2224) scene_add_fresh_material
calls=9 -69 
* 8836
* 9
+1 36

fn=(2224)
22 117
+1 63
cfi=(278) /home/abdoali/42cursus/cercle-5/miniRT/srcs/utils/dynarray.c
cfn=(2226) dynarray_ensure
calls=9 -3 
* 162
* 36
+3 63
cfi=(205)
cfn=(2204) ft_memset
calls=9 -26 
* 7542
+1 45
+1 72
+1 54
+1 54
+1 54
+3 162
+8 108
+6 18
+8 70
+8 24
+9 27
+1 81
-16 6
+1 6
+1 6
+1 6
+1 7
+4 10
cfi=(276) /home/abdoali/42cursus/cercle-5/miniRT/srcs/maths/vectors/vec3/vec3.c
cfn=(2220) vec3
calls=1 -50 
* 7
* 4
+1 1
+1 8
cfi=(276)
cfn=(2220)
calls=1 -52 
* 7
* 4
+1 5
+1 7

fl=(308) /home/abdoali/42cursus/cercle-5/miniRT/srcs/rays/raytracing/bvh/bound/utils.c
fn=(2320) aabb_create_empty
19 63896
+3 45640
cfi=(276)
cfn=(2220)
calls=9128 -6 
* 63896
+1 45640
cfi=(276)
cfn=(2220)
calls=9128 -7 
* 63896
+1 73024
+1 63896

fn=(2330) aabb_surface_area
58 8960
fi=(306) /home/abdoali/42cursus/cercle-5/miniRT/includes/maths.h
163 17920
fe=(308)
63 8960
-1 17920
fi=(306)
163 17920
fe=(308)
62 17920
fi=(306)
163 17920
fe=(308)
62 17920
+2 62720
+1 8960

fn=(2322) aabb_union
31 327096
+3 89208
cob=(4)
cfi=(177)
cfn=(2324) 0x00000000001109e0
calls=29736 -34 
* 237888
* 118944
cob=(4)
cfi=(177)
cfn=(2324)
calls=29736 -34 
* 237888
* 118944
cob=(4)
cfi=(177)
cfn=(2324)
calls=29736 -34 
* 237888
* 118944
cfi=(276)
cfn=(2220)
calls=29736 -18 
* 208152
+2 89208
cob=(4)
cfi=(177)
cfn=(2312) 0x0000000000110be0
calls=29736 -36 
* 237888
* 118944
cob=(4)
cfi=(177)
cfn=(2312)
calls=29736 -36 
* 237888
* 118944
cob=(4)
cfi=(177)
cfn=(2312)
calls=29736 -36 
* 237888
* 118944
cfi=(276)
cfn=(2220)
calls=29736 -20 
* 208152
+2 237888
+1 267624

fl=(329) /home/abdoali/42cursus/cercle-5/miniRT/srcs/gui/map/init.c
fn=(2646) gui_map_switcher_init
16 3
+1 1
+1 1
+1 1
+1 1
cfi=(330) /home/abdoali/42cursus/cercle-5/miniRT/srcs/gui/map/files.c
cfn=(2648) fill_map_list
calls=1 +6 
* 38493
+1 2
+3 2
-1 2
cfi=(335) /home/abdoali/42cursus/cercle-5/miniRT/srcs/gui/map/current.c
cfn=(2672) set_current_entry
calls=1 * 
* 127250
* 1

fl=(380) /home/abdoali/42cursus/cercle-5/miniRT/srcs/rays/raytracing/bvh/traverse/traverse.c
fn=(2836) traverse_bvh
43 119808169
+18 9216013
+1 18432026
+1 36864052
cfi=(381) /home/abdoali/42cursus/cercle-5/miniRT/srcs/rays/raytracing/bvh/bound/intersect.c
cfn=(2838) aabb_intersect_fast
calls=9216013 -27 
* 556642051
* 18432026
+2 1098042
+2 366014
+1 366014
-1 732028
+3 366014
+1 366014
+1 732028
-48 338630
+1 338630
+1 1015890
+7 1015890
-7 3047670
+2 2031780
+1 1015890
+1 6095340
cfi=(393) /home/abdoali/42cursus/cercle-5/miniRT/srcs/rays/raytracing/bvh/traverse/intersect.c
cfn=(2884) intersect_object
calls=1015890 -10 
* 474631353
* 2031780
+1 463461
+1 3244227
+41 1087322
-30 827989
+32 827989
+1 1655978
+1 1655978
+2 1655978
-4 366014
+1 732028
+1 732028
+2 732028
+2 5346395
+1 3207837
+2 1461298
+2 1461298
+2 730649
+1 730649
+1 5845192
cfi=(381)
cfn=(2838)
calls=730649 -54 
* 44930817
* 730649
+2 4383894
cfi=(381)
cfn=(2838)
calls=730649 -56 
* 44926965
+2 2191947
+2 2191947
+2 3374470
+2 2032093
-13 190265
+16 380530
+2 532941
+2 532941
+1 1065882
+22 732028
+1 101376143
-7 25236
+1 25236
+1 25236
-10 1080768
+2 1380231
+1 920154
+1 920154

fn=(2834) bvh_intersect
134 9216013
+1 18432026
+1 9216013
-1 18432026
-1 9216013
+3 18432026
+1 9216013
+1 9216013
cfn=(2836)
calls=9216013 -96 
* 1501698209
+1 18432026

fl=(296) /home/abdoali/42cursus/cercle-5/miniRT/srcs/objects/rt/lights/light.c
fn=(2288) parse_light
25 9
+1 134
+3 3
cfi=(288) /home/abdoali/42cursus/cercle-5/miniRT/srcs/parser/values.c
cfn=(2264) parse_vec3
calls=1 +13 
* 930
* 2
+1 135
+9 8
-8 2
cfi=(287) /home/abdoali/42cursus/cercle-5/miniRT/srcs/parser/double.c
cfn=(2260) parse_double
calls=1 +61 
* 272
* 1
+1 1
+1 5
cfi=(276)
cfn=(2220)
calls=1 -17 
* 7
* 4
+1 2
cfi=(283) /home/abdoali/42cursus/cercle-5/miniRT/srcs/parser/utils.c
cfn=(2246) parser_skip_spaces
calls=1 -18 
* 82
+1 2
cfi=(281) /home/abdoali/42cursus/cercle-5/miniRT/srcs/parser/core.c
cfn=(2248) parser_peek
calls=1 +23 
* 9
* 2
+2 1
+1 1
-3 2
cfi=(281)
cfn=(2248)
calls=1 +23 
* 9
* 2
+1 3
cfi=(288)
cfn=(2264)
calls=1 +6 
* 1024
* 1

fl=(283)
fn=(2246)
16 745
+5 149
cfi=(281)
cfn=(2248)
calls=149 +37 
* 1341
+1 553
+2 402
cfi=(205)
cfn=(2250) ft_isspace
calls=201 -24 
* 2739
* 402
+2 106
cfi=(281)
cfn=(2254) parser_advance
calls=53 +40 
* 532
+1 106
cfi=(281)
cfn=(2248)
calls=53 +31 
* 479
+2 106
+10 596

fl=(420) /home/abdoali/42cursus/cercle-5/miniRT/srcs/gui/render/hover.c
fn=(2984) update_hover
22 100
+5 30
+1 14
+2 20
+1 20
+1 10
+1 40
-1 100
cfi=(378) /home/abdoali/42cursus/cercle-5/miniRT/srcs/gui/render/utils.c
cfn=(2828) make_camera_ray
calls=10 -15 
* 1780
+2 50
cfi=(205)
cfn=(2204)
calls=10 -34 
* 3180
+1 50
cfi=(380)
cfn=(2834)
calls=10 +99 
* 1054
* 10
+2 30
+7 90

fn=(3060) draw_hover_text
47 10
+1 30

fl=(384) /home/abdoali/42cursus/cercle-5/miniRT/srcs/rays/raytracing/postprocess/shading/compute.c
fn=(2846) compute_color
90 83904075
+6 5593605
-76 5593605
+1 5593605
+1 5593605
+1 11187210
cfi=(385) /home/abdoali/42cursus/cercle-5/miniRT/srcs/rays/raytracing/postprocess/shading/material.c
cfn=(2848) get_material
calls=5593605 -4 
* 597589197
+1 27968025
cfi=(386) /home/abdoali/42cursus/cercle-5/miniRT/srcs/surface/texture/sample.c
cfn=(2850) sample_texture
calls=5593605 +53 
* 173401755
* 22374420
+1 11187210
+3 11187210
+6 22374420
+1 44748840
+2 33561630
+1 11187210
-1 5593605
+2 11187210
cfi=(385)
cfn=(2852) apply_bump
calls=5593605 +28 
* 78310470
+59 67123260
cfi=(387) /home/abdoali/42cursus/cercle-5/miniRT/srcs/rays/raytracing/postprocess/shading/color.c
cfn=(2854) pixel_color
calls=5593605 -74 
* 117465705
* 22374420
+3 16780815
fi=(306)
+57 39155235
fe=(384)
-50 22374420
+1 11187210
+2 5593605
+1 27968025
+8 22374420
+7 39155235
cfi=(387)
cfn=(2864) clamp_color
calls=5593605 16 
* 458675610
* 5593605
+1 67123260
-25 16780815
+1 223744200
cfi=(388) /home/abdoali/42cursus/cercle-5/miniRT/srcs/rays/raytracing/postprocess/shading/light.c
cfn=(2856) calc_light
calls=5593605 -54 
* 3549549863
fi=(306)
+54 39155235
fe=(384)
-54 22374420
-1 22374420
+3 11187210
+1 22374420
cfi=(388)
cfn=(2860) add_emissive_lighting
calls=5593605 +89 
* 6351245953
* 5593605

fl=(423) /home/abdoali/42cursus/cercle-5/miniRT/srcs/gui/render/overlay/font.c
fn=(2990) gui_draw_string
264 230
+4 460
-4 2530
+4 460
+3 690
-42 420
+48 20
+1 80
+1 20
-1 120
-47 94800
+2 132720
+6 455040
+2 758400
+2 195650
+4 273910
-1 117390
+2 117390
+5 37920
+30 2370
+1 2370
-13 7170
+2 2390
+1 4780
-47 7110
+4 2370
-2 14220
+12 4740
+45 1610

fl=(386)
fn=(2850)
77 67123260
+1 16780815
+7 61529655
-6 27968025

fl=(442) /home/abdoali/42cursus/cercle-5/miniRT/srcs/gui/editor/popup.c
fn=(3170) popup_handle_click
340 3
+1 3
+1 3
-1 6
+9 6

fn=(3058) draw_popup
330 120
+1 30
+2 20
+2 20
+2 110

fn=(3156) popup_handle_key
383 21
+2 21
-1 42
+43 21

fl=(300) /home/abdoali/42cursus/cercle-5/miniRT/srcs/objects/rt/polygons/sphere.c
fn=(2298) parse_sphere
19 63
+1 938
+5 21
cfi=(288)
cfn=(2264)
calls=7 +17 
* 6348
* 14
+1 945
+9 56
-8 14
cfi=(287)
cfn=(2260)
calls=7 +65 
* 1904
* 7
+1 21
cfi=(288)
cfn=(2264)
calls=7 +14 
* 7156
* 14
+2 28
+1 7
+1 28
+1 7
+1 7

fl=(339) /home/abdoali/42cursus/cercle-5/miniRT/srcs/gui/widget/widget.c
fn=(3168) widget_handle_mouse
63 30
+4 3
+1 6
+10 18
-2 3
-8 6
+2 18

fn=(2686) widget_create
47 10
+3 2
cob=(4)
cfi=(177)
cfn=(876) 0x0000000000110980
calls=1 -50 
* 47
* 1
+1 2
fi=(340) /usr/include/x86_64-linux-gnu/bits/string_fortified.h
+8 20
fe=(339)
-5 1
+1 1
+1 1
+1 2
+1 2
cob=(4)
cfi=(177)
cfn=(2690) 0x0000000000110c60
calls=1 -58 
* 495
* 1
+2 7

fn=(2692) widget_add
40 1
+1 2
+1 1
+1 1

fl=(352) /home/abdoali/42cursus/cercle-5/miniRT/srcs/gui/input/update/fov.c
fn=(2754) update_fov
16 60
+1 20
+5 20
+5 80
+6 40

fl=(387)
fn=(2864)
16 27968025
+1 16780815
cob=(4)
cfi=(177)
cfn=(2312)
calls=5593605 -17 
* 44748840
* 11187210
cob=(4)
cfi=(177)
cfn=(2324)
calls=5593605 -17 
* 44748840
* 5593605
+1 16780815
cob=(4)
cfi=(177)
cfn=(2312)
calls=5593605 -18 
* 44748840
* 11187210
cob=(4)
cfi=(177)
cfn=(2324)
calls=5593605 -18 
* 44748840
* 5593605
+1 16780815
cob=(4)
cfi=(177)
cfn=(2312)
calls=5593605 -19 
* 44748840
* 11187210
cob=(4)
cfi=(177)
cfn=(2324)
calls=5593605 -19 
* 44748840
+1 39155235
+1 27968025

fn=(2854)
24 29543704
+4 88631112
+1 59087408
-2 59087408
+3 59087408
+1 14771852

fl=(395) /home/abdoali/42cursus/cercle-5/miniRT/srcs/maths/quadratic/roots.c
fn=(2890) solve_quadratic
21 2031780
+4 2031780
+1 1015890
-1 4063560
+2 6095340
+1 3047670
+2 154487
+1 926922
+1 463461
+1 154487
+1 1015890

fl=(342) /home/abdoali/42cursus/cercle-5/miniRT/srcs/gui/render/loop.c
fn=(2730) render_loop
144 100
-16 20
20 30
cob=(4)
cfi=(177)
cfn=(2732) 0x0000000000110940
calls=10 -20 
* 100
+1 90
+9 10
+7 10
-7 20
+2 54
+1 36
+1 63
+4 9
+9 27
-9 1
+9 23
+20 20
+2 50
+2 50
+2 20
+1 10
+1 20
+2 81
cfi=(449) /home/abdoali/42cursus/cercle-5/miniRT/srcs/physics/update.c
cfn=(3194) update_physics
calls=27 -49 
* 6274096
+1 108
+1 27
-4 90
+6 18
+1 9
+6 18
+2 10
+1 20
+11 30
+3 70
+1 60
+1 60
+1 20
+47 20
cfi=(346) /home/abdoali/42cursus/cercle-5/miniRT/srcs/gui/input/update/update.c
cfn=(2736) gui_update_input
calls=10 19 
* 6760
-42 20
+2 20
cfi=(353) /home/abdoali/42cursus/cercle-5/miniRT/srcs/gui/render/render.c
cfn=(2756) gui_render
calls=10 -42 
* 674312059
+1 20
+4 10
+38 100
-66 2

fn=(2698) gui_loop
164 3
+1 6
cfi=(205)
cfn=(2696) mlx_hook
calls=1 0 
* 8
+1 6
cfi=(205)
cfn=(2696)
calls=1 0 
* 8
+1 1
cfi=(343) /home/abdoali/42cursus/cercle-5/miniRT/srcs/gui/input/mouse/buttons.c
cfn=(2700) mouse_click_hook
calls=1 64 
* 3
* 6
cfi=(205)
cfn=(2696)
calls=1 0 
* 8
+1 1
cfi=(343)
cfn=(2702) mouse_release_hook
calls=1 -94 
* 3
* 6
cfi=(205)
cfn=(2696)
calls=1 0 
* 8
+2 1
cfi=(344) /home/abdoali/42cursus/cercle-5/miniRT/srcs/gui/input/mouse/motion.c
cfn=(2704) mouse_motion_hook
calls=1 40 
* 3
* 6
cfi=(205)
cfn=(2696)
calls=1 0 
* 8
+1 6
cfi=(205)
cfn=(2696)
calls=1 0 
* 8
+1 4
cfi=(205)
cfn=(2706) mlx_loop_hook
calls=1 0 
* 4
+1 2
cfi=(205)
cfn=(2708) mlx_loop
calls=1 0 
* 681348172
+1 2

fl=(382) /home/abdoali/42cursus/cercle-5/miniRT/srcs/rays/raytracing/intersection/plane/intersect.c
fn=(2840) intersect_plane
19 91971235
+5 55182741
fi=(306)
178 147153976
fe=(382)
25 36788494
+1 18394247
-1 73576988
fi=(306)
163 36788494
+15 18394247
-15 36788494
+15 36788494
-15 36788494
+15 36788494
fe=(382)
27 18394247
+2 36788494
+2 5596587
fi=(306)
173 11193174
-15 5596587
+15 11193174
-15 5596587
+15 5596587
-15 5596587
fe=(382)
32 22386348
+1 22386348
+1 16789761
fi=(306)
178 44772696
fe=(382)
34 16789761
+2 61562457
cfi=(383) /home/abdoali/42cursus/cercle-5/miniRT/srcs/rays/raytracing/intersection/plane/uv.c
cfn=(2842) get_plane_uv
calls=5596587 -17 
* 1186476444
+1 22386348
+1 16789761
+1 16789761
+1 5596587
+1 91971235

fl=(302) /home/abdoali/42cursus/cercle-5/miniRT/srcs/rays/raytracing/bvh/tree/collect.c
fn=(2304) collect_objects
76 280
+3 28
+4 168
cfn=(2306) add_items
calls=28 -34 
* 37156
+3 140
cfn=(2306)
calls=28 -37 
* 1064
+1 140
cfn=(2306)
calls=28 -38 
* 1064
+1 140
cfn=(2306)
calls=28 -39 
* 1064
+1 140
cfn=(2306)
calls=28 -40 
* 1064
+1 140
cfn=(2306)
calls=28 -41 
* 1064
+1 140
cfn=(2306)
calls=28 -42 
* 1064
+1 140
cfn=(2306)
calls=28 -43 
* 1064
+1 56
-23 168
cfn=(2306)
calls=28 -21 
* 1036
+1 140
cfn=(2306)
calls=28 -22 
* 1064
+1 28
+24 224

fn=(2306)
49 3920
-27 2240
+1 56
+31 560
+2 28
+3 112
+1 112
+1 224
cfi=(303) /home/abdoali/42cursus/cercle-5/miniRT/srcs/rays/raytracing/bvh/bound/shapes/ref.c
cfn=(2308) aabb_from_ref
calls=28 -19 
* 3864
-2 672
+1 672
+1 1344
cfi=(303)
cfn=(2308)
calls=168 -19 
* 23184
* 1568
+1 784
fi=(306)
+96 392
+15 392
-15 392
+15 196
-15 392
+15 196
fe=(302)
62 784
+1 196
+1 196
-7 392
+9 3080
-41 84
+2 84
+4 84
+2 84
+2 84
+2 84
+2 84
+2 84
+2 84

fl=(344)
fn=(3076) mouse_motion
45 236
+3 472
-3 1416
+5 236
+1 708
+1 472
+6 472
cfi=(443) /home/abdoali/42cursus/cercle-5/miniRT/srcs/maths/vectors/vec2i/vec2i_ops.c
cfn=(3078) vec2i_sub
calls=236 -37 
* 2360
* 472
+1 472
+2 472
+2 236
+2 1180

fn=(2704)
40 1
+1 1
+1 1

fn=(3074) mlx_mouse_motion
35 708
+1 236
cfi=(338) /home/abdoali/42cursus/cercle-5/miniRT/srcs/maths/vectors/vec2i/vec2i.c
cfn=(2684) vec2i
calls=236 -20 
* 1180
* 708
cfn=(3076)
calls=236 +9 
* 9204
+1 472

fl=(379) /home/abdoali/42cursus/cercle-5/miniRT/srcs/rays/raytracing/trace/trace.c
fn=(2832) trace_ray
71 147456000
+6 18432000
+1 9216000
+1 9216000
+1 27648000
cfi=(380)
cfn=(2834)
calls=9216000 +54 
* 1621505009
* 9216000
+1 18432000
+1 18123154
+3 18123154
+3 18123154
+12 9216000
-12 27648000
+2 46080000
cfi=(382)
cfn=(2840)
calls=9216000 -71 
* 1869376000
* 18432000
+2 16780800
+2 108783640
+1 5439182
+1 5439182
+1 10878364
+7 18432000
+2 18111975
cfi=(276)
cfn=(2220)
calls=3622395 -90 
* 25356765
+1 110592000
-2 33561630
cfi=(384)
cfn=(2846)
calls=5593605 -15 
* 12355461873
* 5593605
-20 308846
+3 308846
-17 9216000
+16 9216000
+3 18432000

fn=(2830) ray_init
49 136676064
+1 78100608
+1 78100608
+1 19525152
+1 39050304
-15 19525152
-14 39050304
+1 58575456
+5 39050304
+8 19525152
-14 39050304
+1 58575456
+5 39050304
+8 19525152
-14 39050304
+1 58575456
+5 39050304
+8 39050304
cfi=(276)
cfn=(2220)
calls=19525152 -22 
* 136676064
* 78100608
+2 97625760
+1 78100608
+1 78100608
+13 117150912

fl=(357) /home/abdoali/42cursus/cercle-5/miniRT/srcs/gui/render/tiles.c
fn=(2824) render_tile_worker
44 1080
+7 360
+1 240
-1 108000
+1 72000
-32 180000
+1 72000
+2 36000
+1 36000
+1 180000
+1 144000
+2 72000
-1 108000
-3 72000
+1 180000
+7 72000
+6 1728000
-10 4608000
+4 1152000
-2 576000
+2 27648000
+2 27648000
cfi=(338)
cfn=(2684)
calls=9216000 -18 
* 46080000
* 36864000
cfi=(377) /home/abdoali/42cursus/cercle-5/miniRT/srcs/gui/render/trace.c
cfn=(2826) process_pixel
calls=9216000 +15 
* 19338443179
+1 27648000
-3 28224000
+24 1920
+2 1080

fn=(2770) render_tiles
85 110
+6 20
+1 10
+1 50
+2 30
cob=(4)
cfi=(177)
cfn=(2732)
calls=10 -95 
* 100
-30 10
-1 10
+3 60
cob=(4)
cfi=(177)
cfn=(2772) 0x0000000000110a80
calls=10 -67 
* 11422
* 550
cob=(4)
cfi=(177)
cfn=(2772)
calls=110 -67 
* 124841
+1 120
-3 370
+14 30
cob=(4)
cfi=(177)
cfn=(2910) 0x00000000001107d0
calls=10 -79 
* 1674
* 330
cob=(4)
cfi=(177)
cfn=(2910)
calls=110 -79 
* 53215
-2 360
+21 30
cob=(4)
cfi=(177)
cfn=(2732)
calls=10 -98 
* 100
+1 110

fl=(212) /home/abdoali/42cursus/cercle-5/miniRT/srcs/core/main.c
fn=(778) main
92 6
fi=(424) /usr/include/x86_64-linux-gnu/bits/stdio2.h
-6 2
cob=(4)
cfi=(177)
cfn=(780) 0x00000000001108b0
calls=1 -86 
* 3346
fe=(212)
+10 2
cob=(4)
cfi=(177)
cfn=(818) 0x0000000000110f30
calls=1 -96 
* 68
+1 3
cob=(4)
cfi=(177)
cfn=(826) 0x0000000000110df0
calls=1 -97 
* 175
+1 1
+1 2
+1 1
fi=(424)
-14 5
cob=(4)
cfi=(177)
cfn=(842) 0x0000000000110900
calls=1 -86 
* 769
fe=(212)
-13 2
cob=(4)
cfi=(177)
cfn=(818)
calls=1 -73 
* 68
+2 2
cfi=(205)
cfn=(874) mlx_init
calls=1 -75 
* 201153
* 1
+1 2
-40 3
cfi=(270) /home/abdoali/42cursus/cercle-5/miniRT/srcs/objects/rt/parser/utils.c
cfn=(2186) parse_file
calls=1 210 
* 1783376
* 1
+1 2
+5 2
cfi=(301) /home/abdoali/42cursus/cercle-5/miniRT/srcs/rays/raytracing/bvh/tree/build/create.c
cfn=(2302) bvh_create
calls=1 +87 
* 201305
* 1
+1 2
+5 3
cfi=(316) /home/abdoali/42cursus/cercle-5/miniRT/srcs/gui/render/init.c
cfn=(2364) gui_init
calls=1 +24 
* 225483
* 1
+6 2
+6 1
+1 2
cfi=(342)
cfn=(2698)
calls=1 164 
* 681348283
-38 2
cfi=(316)
cfn=(3300) gui_destroy
calls=1 +99 
* 31278
+40 1
+39 4

fl=(301)
fn=(3234) bvh_destroy
181 28
+1 56
-1 56
+3 56
cob=(4)
cfi=(177)
cfn=(2358) 0x0000000000110a90
calls=28 0 
* 5755
+1 56
cob=(4)
cfi=(177)
cfn=(2358)
calls=28 0 
* 2436
+1 56
cob=(4)
cfi=(177)
cfn=(2358)
calls=28 0 
* 2524
+1 56

fn=(2302)
129 336
+8 56
+2 84
cfi=(205)
cfn=(2216) ft_calloc
calls=28 0 
* 10841
* 28
+1 56
+2 28
+1 84
+1 112
+1 112
+1 112
+1 112
+1 28
+1 56
+29 336
46 112
cob=(4)
cfi=(177)
cfn=(876)
calls=28 -46 
* 1452
* 28
+1 56
+2 84
cfi=(302)
cfn=(2304)
calls=28 +27 
* 48776
* 28
+1 84
cfi=(307) /home/abdoali/42cursus/cercle-5/miniRT/srcs/rays/raytracing/bvh/tree/build/recursive.c
cfn=(2318) build_recursive
calls=28 +32 
* 5486366
* 28
+1 56
cob=(4)
cfi=(177)
cfn=(2358)
calls=28 -51 
* 2436
152 56
+2 56
-97 112
cob=(4)
cfi=(177)
cfn=(876)
calls=28 -57 
* 24051
* 56
+1 56
cob=(4)
cfi=(177)
cfn=(876)
calls=28 -58 
* 1461
* 56
+1 112
164 28
+1 28
+1 140
cfn=(2360) flatten_tmp
calls=28 16 
* 8792
+1 56
+1 56
+1 56
cfi=(315) /home/abdoali/42cursus/cercle-5/miniRT/srcs/rays/raytracing/bvh/tree/build/destroy.c
cfn=(2362) node_destroy
calls=28 16 
* 22484
+1 28
+1 56
-87 56
cob=(4)
cfi=(177)
cfn=(2358)
calls=28 -84 
* 2355
+1 28
+1 28
+1 84
+1 140
+1 56
-2 56
+1 84
+2 56
+2 84
cob=(4)
cfi=(177)
cfn=(876)
calls=28 -92 
* 1461
* 28
+1 56
+4 112
-2 28
+2 28
+1 56
-1 784
+1 3724
+1 168
+2 56
+4 56
+4 56
+4 84
+4 84
+4 84
+3 28
+1 56

fn=(2360)
16 308
+5 84
+1 336
+1 84
+16 224
-6 56
+1 84
cfn=(2361) flatten_tmp'2
calls=28 -18 
* 1568
+1 28
+1 140
cfn=(2361)
calls=28 -20 
* 5796
+1 56
+2 28

fn=(2361)
16 1232
+5 336
+1 1344
+1 336
+2 168
+1 252
+2 252
+1 672
-1 252
+1 896
-1 336
+11 896
-6 56
+1 84
cfn=(2361)
calls=28 -18 
* 2184
+1 28
+1 140
cfn=(2361)
calls=28 -20 
* 2184
+1 56
+2 28

fl=(272) /home/abdoali/42cursus/cercle-5/miniRT/srcs/objects/rt/parser/validate.c
fn=(2192) validate_file
16 1
+3 2
-3 2
+4 1
-1 2
+11 2
fi=(273) /usr/include/x86_64-linux-gnu/bits/fcntl2.h
+23 2
cob=(4)
cfi=(177)
cfn=(2196) 0x0000000000110ee0
calls=1 -53 
* 38
* 1
fe=(272)
-31 2
+6 1
cob=(4)
cfi=(177)
cfn=(2200) 0x0000000000110830
calls=1 -28 
* 10
+1 2

fl=(278)
fn=(2226)
20 126
+4 18
+1 18
-1 36
+19 126

fl=(285) /home/abdoali/42cursus/cercle-5/miniRT/srcs/objects/rt/dispatcher/dispatch.c
fn=(2256) dispatch_scan
75 99
+3 77
+9 99
-62 22
+2 20
+2 20
+1 2
cfi=(296)
cfn=(2288)
calls=1 -5 
* 2653
* 2
-5 2
+11 24
+4 2
-14 2
cfi=(286) /home/abdoali/42cursus/cercle-5/miniRT/srcs/objects/rt/lights/ambient.c
cfn=(2258) parse_ambient
calls=1 -1 
* 1670
* 1
+55 6
+1 411
-55 2
+1 2
cfi=(290) /home/abdoali/42cursus/cercle-5/miniRT/srcs/objects/rt/polygons/camera.c
cfn=(2268) parse_camera
calls=1 -3 
* 2626
* 2
+8 21
+1 21
cfi=(300)
cfn=(2298)
calls=7 -18 
* 17578
* 7
+46 1088
+1 16
+1 1096
-45 2
+1 3
cfi=(298) /home/abdoali/42cursus/cercle-5/miniRT/srcs/objects/rt/polygons/plane.c
cfn=(2292) parse_plane
calls=1 -22 
* 3166
* 2

fl=(471) /home/abdoali/42cursus/cercle-5/miniRT/srcs/gui/map/destroy.c
fn=(3302) map_manager_destroy
22 5
+4 1
+1 2
+10 1
+1 1
+1 1
+1 4
-7 42
cob=(4)
cfi=(177)
cfn=(2358)
calls=21 -33 
* 2453
+1 42
cob=(4)
cfi=(177)
cfn=(2358)
calls=21 -34 
* 3356
-7 42
+2 42
+1 42
cfi=(336) /home/abdoali/42cursus/cercle-5/miniRT/srcs/gui/editor/scene_reset.c
cfn=(3304) scene_snap_free
calls=21 133 
* 17375
+1 63
+1 1
cfi=(275) /home/abdoali/42cursus/cercle-5/miniRT/srcs/scene/create.c
cfn=(3306) destroy_scene
calls=1 +30 
* 3891
* 1

fl=(271) /home/abdoali/42cursus/cercle-5/miniRT/srcs/objects/rt/dispatcher/extension.c
fn=(2188) rt_get_extension
16 3
+3 2
cfi=(205)
cfn=(2190) ft_strrchr
calls=1 -19 
* 259
+1 4
+2 1
+1 2

fl=(287)
fn=(2262) parse_integer_part
32 304
+5 76
cfi=(281)
cfn=(2248)
calls=76 +21 
* 684
+1 228
-2 76
+4 608
+1 152
cfi=(281)
cfn=(2254)
calls=76 +25 
* 760
-1 480
+1 120
cfi=(281)
cfn=(2254)
calls=60 +25 
* 600
+1 272
cfi=(281)
cfn=(2248)
calls=136 +16 
* 1224
-4 408
+7 380

fn=(2260)
92 456
+4 76
cfi=(283)
cfn=(2246)
calls=76 -80 
* 4342
-75 152
cfi=(281)
cfn=(2248)
calls=76 +37 
* 684
+1 76
-2 76
+2 152
-2 44
+6 22
cfi=(281)
cfn=(2254)
calls=11 +40 
* 110
+72 152
cfn=(2262)
calls=76 -66 
* 6372
* 76
-45 152
cfi=(281)
cfn=(2248)
calls=76 +5 
* 684
+1 76
-1 152
+46 228
-24 152
cfi=(281)
cfn=(2248)
calls=76 -17 
* 684
+1 76
+1 76
-1 152
+25 152
-1 76
+1 76
+1 380
-47 20
cfi=(281)
cfn=(2254)
calls=10 +11 
* 100
+3 20
cfi=(281)
cfn=(2248)
calls=10 * 
* 90
+1 30
-2 10
-1 20
+5 80
+1 30
+1 20
cfi=(281)
cfn=(2254)
calls=10 +3 
* 100
-2 16
+1 6
+1 4
cfi=(281)
cfn=(2254)
calls=2 +3 
* 20
+1 24
cfi=(281)
cfn=(2248)
calls=12 -6 
* 108
-5 46

fl=(337) /home/abdoali/42cursus/cercle-5/miniRT/srcs/gui/widget/init.c
fn=(2682) widget_init_default
26 5
+3 3
cfi=(338)
cfn=(2684)
calls=1 -13 
* 5
* 4
cfi=(338)
cfn=(2684)
calls=1 -13 
* 5
* 5
cfi=(339)
cfn=(2686)
calls=1 +18 
* 592
* 1
+2 2
+1 2
+1 2
cfi=(339)
cfn=(2692)
calls=1 +7 
* 5
+1 4

fl=(390) /home/abdoali/42cursus/cercle-5/miniRT/srcs/rays/raytracing/bvh/traverse/occluded.c
fn=(2870) bvh_occluded
176 10309139
+1 20618278
+1 10309139
-1 20618278
-1 10309139
+3 10309139
cfn=(2872) traverse_bvh_occluded
calls=10309139 -38 
* 3961577019
+1 20618278

fn=(2872)
141 134018807
+9 10309139
+1 20618278
+1 41236556
cfi=(381)
cfn=(2838)
calls=10309139 36 
* 606206987
* 30927417
+2 15136788
+2 15136788
+3 15136788
-4 517804
-89 5138276
+1 5138276
+1 15414828
+16 13599900
-16 40799700
+2 73653960
+6 29461584
+6 44192376
-32 29461584
+32 11743440
+91 123709668
51 44192376
fi=(306)
163 88384752
fe=(390)
27 44192376
fi=(306)
178 191500296
fe=(390)
28 14730792
+1 29461584
fi=(306)
178 73653960
fe=(390)
29 88384752
+1 44192376
+2 5871720
+1 29358600
+1 17615160
+1 344739
+1 52385828
162 4007384
-2 28169888
+2 45647508
+1 76079180
+1 45647508
+5 20155120
-70 10077560
+1 10077560
+1 10077560
+1 20155120
+1 80620480
cfi=(381)
cfn=(2838)
calls=10077560 -67 
* 606970938
* 20155120
+2 60128544
cfi=(381)
cfn=(2838)
calls=10021424 -69 
* 601270950
+1 50107120
+1 50194748
+2 25839448
+2 9239387
-3 853288
+2 44912
+1 98835
+13 1029429
+1 1372572
+4 29030901
+33 43814
-30 43814
+40 7829408
-58 1537997
+1 6151988
+13 3075994
-13 32731136
+13 16390212
+2 112272
+1 49288
-16 86254
-4 16365568
+1 32699484
+1 25727176
+2 1427116
+2 688914
+2 3942
+1 3942
-15 336816
cfi=(381)
cfn=(2838)
calls=56136 -69 
* 3136533
-1 56136
+1 112272
+1 87628

fl=(330)
fn=(2648)
26 7
+6 2
cob=(4)
cfi=(177)
cfn=(2650) 0x0000000000110ae0
calls=1 -32 
* 414
+1 3
+2 1
+1 1
+1 2
cob=(4)
cfi=(177)
cfn=(2654) 0x0000000000110b10
calls=1 -37 
* 59
+1 2
+21 2
cob=(4)
cfi=(177)
cfn=(2662) 0x0000000000110d70
calls=1 -59 
* 191
+1 6
-3 48
cob=(4)
cfi=(177)
cfn=(2654)
calls=24 -57 
* 999
-19 48
+2 69
-21 42
cfi=(205)
cfn=(2214) ft_strlen
calls=21 -19 
* 2170
+1 42
+2 63
cfi=(205)
cfn=(2228) ft_strcmp
calls=21 -22 
* 1428
+18 42
+2 42
cob=(4)
cfi=(177)
cfn=(876)
calls=21 -42 
* 3843
* 21
+1 42
+2 84
cfi=(205)
cfn=(2204)
calls=21 -45 
* 15078
+1 63
cfi=(205)
cfn=(2660) ft_strjoin
calls=21 -46 
* 13532
* 21
+1 42
+2 21
+1 21
+1 42

fl=(347) /home/abdoali/42cursus/cercle-5/miniRT/srcs/gui/input/update/movement.c
fn=(2738) get_forward
16 180
cob=(4)
cfi=(177)
cfn=(2740) 0x0000000000110c80
calls=10 -16 
* 1370
* 60
cob=(4)
cfi=(177)
cfn=(2740)
calls=10 -16 
* 1160
* 10
+1 80
cfi=(276)
cfn=(2220)
calls=10 -1 
* 70
* 70
cfi=(291)
cfn=(2270) vec3_norm
calls=10 -1 
* 270
* 40
+2 110

fn=(2748) apply_movement
22 20
+4 60
fi=(306)
183 100
+1 50
fe=(347)
27 10
+1 20
+2 20
+2 20
+3 20
+2 20
+2 20
+2 10

fl=(458) /home/abdoali/42cursus/cercle-5/miniRT/srcs/physics/phys_debug.c
fn=(3232) phys_debug_spheres
23 27
+5 81
-1 27
+21 27
-20 54
+20 162
-20 324
+22 27

fl=(289) /home/abdoali/42cursus/cercle-5/miniRT/srcs/objects/rt/mesh/process.c
fn=(2266) process_object
49 22
+1 99
+1 539
cfi=(299) /home/abdoali/42cursus/cercle-5/miniRT/srcs/scene/add/shapes.c
cfn=(2300) scene_add_sphere
calls=7 -32 
* 9181
* 14
+29 33
-27 30
cfi=(299)
cfn=(2294) scene_add_plane
calls=1 -13 
* 1127
* 3
+6 32
cfi=(297) /home/abdoali/42cursus/cercle-5/miniRT/srcs/scene/add/light.c
cfn=(2290) scene_add_light
calls=1 -40 
* 81
* 3
+3 24
+1 2
+4 6
+1 2

fl=(449)
fn=(3194)
28 5211
+5 81
+4 27
cfi=(450) /home/abdoali/42cursus/cercle-5/miniRT/srcs/physics/integrate.c
cfn=(3196) integrate_bodies
calls=27 348 
* 480614
+1 54
cfi=(458)
cfn=(3232)
calls=27 -15 
* 729
+6 81
+1 27
cfi=(301)
cfn=(3234)
calls=27 181 
* 10684
+1 54
cfi=(301)
cfn=(2302)
calls=27 +83 
* 5418298
* 27
+1 108
cfi=(459) /home/abdoali/42cursus/cercle-5/miniRT/srcs/physics/contacts.c
cfn=(3236) generate_contacts
calls=27 1085 
* 30564
+5 54
-1 27
+8 27
-7 54
+7 135
-7 297
+16 108
cfi=(467) /home/abdoali/42cursus/cercle-5/miniRT/srcs/physics/solver_velocity.c
cfn=(3274) solve_velocities
calls=27 +83 
* 71577
* 567
cfi=(467)
cfn=(3274)
calls=189 +83 
* 158571
+1 648
cfi=(468) /home/abdoali/42cursus/cercle-5/miniRT/srcs/physics/solver.c
cfn=(3284) solve_positions
calls=216 -12 
* 94824
-3 432
+7 216

fl=(279) /home/abdoali/42cursus/cercle-5/miniRT/srcs/objects/rt/parser/parse.c
fn=(2230) parse_rt
33 75
+1 139
+1 5
cob=(4)
cfi=(177)
cfn=(2232) 0x0000000000110810
calls=1 -35 
* 65587
+2 1
+1 3
cfi=(280) /home/abdoali/42cursus/cercle-5/miniRT/srcs/objects/rt/parser/loop.c
cfn=(2234) rt_init_parser
calls=1 -16 
* 82305
* 2
+5 8
-3 3
cfi=(280)
cfn=(2244) rt_parse_loop
calls=1 -3 
* 58957
+1 2
cob=(4)
cfi=(177)
cfn=(2200)
calls=1 -41 
* 10
+1 2

fl=(345) /home/abdoali/42cursus/cercle-5/miniRT/srcs/gui/window/window.c
fn=(2728) gui_window_resize
21 3
+3 6
-3 24
+3 6
+17 21

fl=(291)
fn=(2296)
43 36
+1 224
+1 32
-1 4
+1 4
-1 8

fn=(2270)
16 175334130
fi=(306)
194 315601434
fe=(291)
20 105200478
+2 70133652
fi=(306)
173 105200478
fe=(291)
21 140267304
+2 35066826

fl=(447) /home/abdoali/42cursus/cercle-5/miniRT/srcs/gui/input/keyboard/move/forward.c
fn=(3192) move_forward_release
21 1
+1 1
+1 1

fn=(3186) move_forward_press
16 1
+1 1
+1 1

fl=(304) /home/abdoali/42cursus/cercle-5/miniRT/srcs/rays/raytracing/bvh/bound/shapes/sphere.c
fn=(2310) sphere_aabb
19 5005
+5 1925
cob=(4)
cfi=(177)
cfn=(2312)
calls=385 -24 
* 3080
* 1155
cob=(4)
cfi=(177)
cfn=(2312)
calls=385 -24 
* 3080
* 770
+2 1155
+2 3080
+1 1155
cfi=(276)
cfn=(2220)
calls=385 -13 
* 2695
fi=(306)
163 3465
fe=(304)
30 1925
cfi=(276)
cfn=(2220)
calls=385 -14 
* 2695
fi=(306)
158 3080
fe=(304)
31 3080
+1 4620

fl=(336)
fn=(2676) snap_array
27 11
+1 22
-2 20
+4 16
cob=(4)
cfi=(177)
cfn=(876)
calls=4 -30 
* 1415
* 8
+1 8
+1 12
cfi=(205)
cfn=(2680) ft_memcpy
calls=4 -32 
* 124456
+1 23

fn=(3304)
133 21
+1 42
-1 42
+3 42
cob=(4)
cfi=(177)
cfn=(2358)
calls=21 0 
* 301
+1 42
cob=(4)
cfi=(177)
cfn=(2358)
calls=21 0 
* 207
+1 42
cob=(4)
cfi=(177)
cfn=(2358)
calls=21 0 
* 126
+1 42
cob=(4)
cfi=(177)
cfn=(2358)
calls=21 0 
* 126
+1 42
cob=(4)
cfi=(177)
cfn=(2358)
calls=21 0 
* 207
+1 42
cob=(4)
cfi=(177)
cfn=(2358)
calls=21 0 
* 301
+1 42
cob=(4)
cfi=(177)
cfn=(2358)
calls=21 0 
* 126
+1 42
cob=(4)
cfi=(177)
cfn=(2358)
calls=21 0 
* 126
+1 42
cob=(4)
cfi=(177)
cfn=(2358)
calls=21 0 
* 126
+1 42
cob=(4)
cfi=(177)
cfn=(2358)
calls=21 0 
* 126
+1 42
cob=(4)
cfi=(177)
cfn=(2358)
calls=21 0 
* 126
+1 42
cob=(4)
cfi=(177)
cfn=(2358)
calls=21 0 
* 126
+1 42
cob=(4)
cfi=(177)
cfn=(2358)
calls=21 0 
* 126
+1 84
cfi=(205)
cfn=(2204)
calls=21 0 
* 14448
+1 42

fn=(2674) scene_snap_take
82 6
+3 1
+1 3
cfi=(205)
cfn=(2204)
calls=1 -86 
* 688
+1 5
cfn=(2676)
calls=1 -60 
* 51408
+2 2
+1 5
cfn=(2676)
calls=1 -63 
* 3397
+2 2
+1 5
cfn=(2676)
calls=1 -66 
* 4
+2 2
+1 5
cfn=(2676)
calls=1 -69 
* 4
+2 2
+1 5
cfn=(2676)
calls=1 -72 
* 3343
+2 2
+1 5
cfn=(2676)
calls=1 -75 
* 67815
+2 2
-65 2
+1 1
+1 3
+19 2
+1 1
+1 3
+45 2
+1 5
cfn=(2676)
calls=1 -81 
* 4
+2 2
+1 5
cfn=(2676)
calls=1 -84 
* 4
+2 2
+1 5
cfn=(2676)
calls=1 -87 
* 4
+2 2
+1 5
cfn=(2676)
calls=1 -90 
* 4
+2 2
+1 5
cfn=(2676)
calls=1 -93 
* 4
+2 2
+1 6
+1 24
+1 2
+1 2
+1 4

fl=(416) /home/abdoali/42cursus/cercle-5/miniRT/srcs/gui/render/upscale.c
fn=(2968) upscale_image
21 10
+6 60
-6 10
fi=(340)
+8 10
fe=(416)
+1 20
-1 40
cob=(4)
cfi=(177)
cfn=(2970) 0x0000000000110ed0
calls=10 -29 
* 16220260
+20 20

fl=(299)
fn=(2294)
40 9
+3 5
cfi=(277)
cfn=(2222)
calls=1 +34 
* 1021
+1 1
+1 1
-1 3
+3 7
cfi=(278)
cfn=(2226)
calls=1 -27 
* 18
* 5
+3 3
fi=(306)
189 5
fe=(299)
50 3
+2 37
+2 9

fn=(2300)
19 63
+3 35
cfi=(277)
cfn=(2222)
calls=7 +55 
* 8040
+1 7
+1 7
-1 21
+3 49
cfi=(278)
cfn=(2226)
calls=7 -6 
* 126
* 35
+3 21
fi=(306)
189 35
fe=(299)
29 21
+2 567
+2 63
-3 35
cfi=(276)
cfn=(2220)
calls=7 -14 
* 49
* 7

fl=(315)
fn=(2362)
16 28
+1 56
-1 56
+3 56
cfn=(2363) node_destroy'2
calls=28 -3 
* 5572
+1 56
cfn=(2363)
calls=28 -4 
* 14028
+1 84
+2 56
cob=(4)
cfi=(177)
cfn=(2358)
calls=28 -23 
* 2436
+1 56

fn=(2363)
16 280
+1 560
-1 224
+3 224
cfn=(2363)
calls=112 -3 
* 5908
+1 224
cfn=(2363)
calls=112 -4 
* 5908
+1 336
+1 84
cob=(4)
cfi=(177)
cfn=(2358)
calls=84 -22 
* 7308
+1 224
cob=(4)
cfi=(177)
cfn=(2358)
calls=112 -23 
* 9744
+1 392

fl=(455) /home/abdoali/42cursus/cercle-5/miniRT/srcs/maths/matrix/transform.c
fn=(3226) mat4_scaling
27 1323
+3 378
cfi=(456) /home/abdoali/42cursus/cercle-5/miniRT/srcs/maths/matrix/identity.c
cfn=(3218) mat4_identity
calls=189 -14 
* 45927
+4 4158
+1 1323

fn=(3214) mat4_inverse_transform
71 2835
+9 1512
cfn=(3216) mat4_rotation
calls=189 -42 
* 104139
+1 756
cfi=(456)
cfn=(3218)
calls=189 -65 
* 45927
+2 567
+4 1134
-4 756
+4 2268
-4 1512
fi=(306)
+90 2268
fe=(455)
-84 1323
cfn=(3224) mat4_translation
calls=189 -73 
* 53109
+1 1134
+2 945
+2 945
+2 2079
cfi=(276)
cfn=(2220)
calls=189 -80 
* 1323
* 1323
cfn=(3226)
calls=189 -69 
* 53109
+2 6615
cfi=(457) /home/abdoali/42cursus/cercle-5/miniRT/srcs/maths/matrix/multiply.c
cfn=(3228) mat4_mul
calls=189 -70 
* 46305
+1 6426
cfi=(457)
cfn=(3228)
calls=189 -71 
* 46305
+1 3213
+1 2268

fn=(3224)
16 1323
+3 378
cfi=(456)
cfn=(3218)
calls=189 -3 
* 45927
+4 4158
+1 1323

fn=(3216)
38 2268
+6 378
cfi=(456)
cfn=(3218)
calls=189 -28 
* 45927
+1 945
cfi=(276)
cfn=(2220)
calls=189 -29 
* 1323
fi=(306)
173 1323
cob=(4)
cfi=(177)
cfn=(2740)
calls=189 0 
* 9828
* 1701
cob=(4)
cfi=(177)
cfn=(2740)
calls=189 0 
* 9828
* 1512
cob=(4)
cfi=(177)
cfn=(2740)
calls=189 0 
* 9828
* 189
fe=(455)
47 945
cfi=(276)
cfn=(2220)
calls=189 -31 
* 1323
* 756
+1 945
cfi=(276)
cfn=(2220)
calls=189 -32 
* 1323
* 567
+4 378
+3 378
-6 567
+9 189
-8 378
+8 189
-7 189
+7 189
-6 945
+6 189
-5 756
+5 189
-4 378
+4 189
-3 945
+3 189
-2 756
+2 189
-1 567
+1 3213
+1 2268

fl=(281)
fn=(2248)
58 3774
-8 3774
+11 1
-11 2
+12 1257
+1 2516

fn=(2254)
66 531
+1 2124
+1 1062
-18 1595

fn=(2236) parser_init
33 2
+1 3
+6 1
+1 1
+1 1
+1 1
+1 4
cfi=(205)
cfn=(2204)
calls=1 -44 
* 82200
+1 2
cfn=(2238) read_buffer
calls=1 -29 
* 25
+1 2

fn=(2238)
16 2
+3 1
fi=(489) /usr/include/x86_64-linux-gnu/bits/unistd.h
+9 3
cob=(4)
cfi=(177)
cfn=(2240) 0x0000000000110960
calls=1 -28 
* 10
fe=(281)
-8 2
+6 1
+1 1
+1 2
+1 1
+1 2

fl=(448) /home/abdoali/42cursus/cercle-5/miniRT/srcs/gui/input/keyboard/move/strafe.c
fn=(3190) move_right_release
31 17
+1 17
+1 17

fn=(3188) move_right_press
26 17
+1 17
+1 17

fl=(381)
fn=(2838)
36 82283140
+4 205707850
+1 123424710
-24 82283140
+7 54424995
+1 36283330
+17 18141665
+1 18141665
+1 90708325
+1 54424995
-28 36283330
+25 22999905
+1 22999905
+1 114999525
+1 68999715
-28 45999810
+29 7067277
-20 7067277
-1 14134554
+21 7067277
+1 7067277
-28 7067277
+28 7067277
+1 35336385
+1 21201831
-32 14134554
+29 34074293
+1 34074293
-28 34074293
+28 34074293
+1 170371465
+1 102222879
-32 68148586
+33 35187041
-24 35187041
-1 70374082
+25 35187041
+1 35187041
-32 35187041
+32 35187041
+1 140748164
-2 5954529
+1 5954529
-32 5954529
+32 5954529
+1 169788540
+1 36492606
-1 4648964
+1 4648964
-3 5954529
-26 11909058
+22 34074293
-20 68148586

fl=(388)
fn=(2862) apply_emissive
85 61529655
+7 16780815
fi=(306)
+97 27968025
fe=(388)
-97 11187210
+30 76341183
fi=(306)
+72 4937176
fe=(388)
94 19748704
+1 19748704
+2 34240234
cfi=(291)
cfn=(2270)
calls=4891462 -81 
* 132069474
+1 34240234
fi=(306)
+80 78263392
fe=(388)
-79 19565848
+3 9602030
-1 14403045
cob=(4)
cfi=(177)
cfn=(2312)
calls=4801015 0 
* 38408120
fi=(306)
+72 14403045
-15 4801015
+15 14403045
-15 4801015
+15 4801015
-15 24005075
fe=(388)
-57 57612180
cfi=(389) /home/abdoali/42cursus/cercle-5/miniRT/srcs/rays/raytracing/postprocess/shading/shadow.c
cfn=(2868) is_in_shadow
calls=4801015 -65 
* 4160217987
* 14403045
+4 7408486
-84 22225458
+85 11112729
fi=(306)
+88 25929701
fe=(388)
-88 11112729
cob=(4)
cfi=(177)
cfn=(2312)
calls=3704243 0 
* 29633944
* 22225458
+6 3704243
fi=(306)
+46 37042430
fe=(388)
-48 25929701
cfi=(291)
cfn=(2270)
calls=3704243 -94 
* 100014561
* 7408486
fi=(306)
+68 29633944
fe=(388)
-68 7408486
cob=(4)
cfi=(177)
cfn=(2312)
calls=3704243 0 
* 29633944
* 3704243
+4 3704243
-1 11112729
+7 18521215
-3 3704243
fi=(306)
+56 29633944
fe=(388)
-56 3704243
+1 7408486
-1 40746673
cfi=(387)
cfn=(2854)
calls=3704243 -93 
* 77789103
fi=(306)
+41 33338187
fe=(388)
-41 22225458
-1 11112729
cob=(4)
cfi=(177)
cfn=(2874) 0x0000000000110800
calls=3704243 0 
* 245161657
* 11112729

fn=(2860)
196 55936050
+4 39155235
-61 16780815
+1 22374420
cob=(4)
cfi=(177)
cfn=(2312)
calls=5593605 0 
* 44748840
* 33561630
+1 5593605
fi=(306)
+22 39155235
fe=(388)
-22 22374420
+1 5593605
-2 5593605
+2 16780815
cfi=(276)
cfn=(2220)
calls=5593605 16 
* 39155235
* 67123260
cfn=(2862)
calls=5593605 -57 
* 5791885453
* 5593605
+58 16780815
+1 16780815
-64 50342445
+65 55936050

fn=(2856)
50 89497680
+8 39155235
fi=(306)
163 33561630
+31 61529655
fe=(388)
60 22374420
+2 11187210
fi=(306)
173 50342445
fe=(388)
63 33561630
fi=(306)
178 44748840
fe=(388)
64 16780815
+2 66097488
-37 11016248
+3 11016248
+2 27540620
cob=(4)
cfi=(177)
cfn=(2312)
calls=5508124 -34 
* 44064992
fi=(306)
173 11016248
-15 11016248
+15 11016248
-15 11016248
+15 5508124
-15 16524372
fe=(388)
35 66097488
cfi=(389)
cfn=(2868)
calls=5508124 +1 
* 1678218692
+31 16524372
+3 5474004
fi=(306)
+89 54740040
fe=(388)
-90 38318028
cfi=(291)
cfn=(2270)
calls=5474004 -52 
* 147798108
+4 10948008
fi=(306)
178 43792032
fe=(388)
72 10948008
cob=(4)
cfi=(177)
cfn=(2312)
calls=5474004 -72 
* 43792032
* 5474004
+2 5474004
-1 16422012
+7 10948008
-2 5474004
fi=(306)
+95 49266036
fe=(388)
-95 71162052
cfi=(387)
cfn=(2854)
calls=5474004 -54 
* 114954084
fi=(306)
+80 54740040
fe=(388)
-80 5474004
+3 67123260
-16 341924
cfi=(276)
cfn=(2220)
calls=85481 -49 
* 598367
* 85481
+2 170600
cfi=(276)
cfn=(2220)
calls=34120 -51 
* 238840
* 34120
+9 16422012
cob=(4)
cfi=(177)
cfn=(2874)
calls=5474004 -76 
* 363501543
* 16422012

fl=(286)
fn=(2258)
25 9
+1 134
+3 2
cfi=(287)
cfn=(2260)
calls=1 +63 
* 309
* 1
+1 3
cfi=(288)
cfn=(2264)
calls=1 +12 
* 1066
* 2
+2 1
-1 135
+3 8

fl=(303)
fn=(2308)
42 1764
+1 1764
+1 784
cfi=(304)
cfn=(2310)
calls=196 -25 
* 21364
+22 1372

fl=(393)
fn=(2884)
20 6095340
+4 10158900
+1 4063560
cfi=(394) /home/abdoali/42cursus/cercle-5/miniRT/srcs/rays/raytracing/intersection/sphere/intersect.c
cfn=(2886) intersect_sphere
calls=1015890 +52 
* 448063726
+21 2031780
+1 154487
+2 4063560

fl=(351) /home/abdoali/42cursus/cercle-5/miniRT/srcs/gui/input/update/smooth.c
fn=(2750) smooth_rotation
16 10
+4 30
+1 30
+1 80
+6 10

fn=(2752) smooth_position
31 10
+3 30
fi=(306)
163 60
+26 80
fe=(351)
35 20
+6 10

fl=(445) /home/abdoali/42cursus/cercle-5/miniRT/srcs/gui/editor/selection.c
fn=(3176) pick_at_mouse
159 24
+5 30
-19 9
+1 9
+1 12
cob=(4)
cfi=(177)
cfn=(2762) 0x0000000000110860
calls=3 0 
* 228
* 3
-2 21
+4 21
-1 6
+1 3
-3 21
+4 15
fi=(306)
+23 12
-15 6
+15 12
-15 6
+15 6
-15 18
fe=(445)
-4 21
cfi=(291)
cfn=(2270)
calls=3 16 
* 81
* 24
+1 39
cfi=(379)
cfn=(2830)
calls=3 49 
* 222
+12 18
cfi=(205)
cfn=(2204)
calls=3 0 
* 954
+1 15
cfi=(380)
cfn=(2834)
calls=3 -34 
* 315
* 6
+12 3
+1 24
-96 3
+1 3
+1 3
+1 3
+1 3

fl=(459)
fn=(3236)
1085 297
+6 81
+3 54
-9 54
+11 135
+1 54
cob=(4)
cfi=(177)
cfn=(3260) 0x0000000000110c30
calls=27 0 
* 567
-1 810
+1 324
cob=(4)
cfi=(177)
cfn=(3260)
calls=162 0 
* 3402
+1 189
-4 810
+6 57
-26 1
+1 4
cob=(4)
cfi=(177)
cfn=(3238) 0x0000000000110ba0
calls=1 0 
* 14
-1 6
+1 24
cob=(4)
cfi=(177)
cfn=(3238)
calls=6 0 
* 84
+1 28
cob=(4)
cfi=(177)
cfn=(3238)
calls=7 0 
* 98
+1 35
cob=(4)
cfi=(177)
cfn=(2772)
calls=7 0 
* 7931
+2 7
-7 35
+9 1
+1 1
+28 189
-8 756
+2 378
cob=(4)
cfi=(177)
cfn=(3248) 0x00000000001109a0
calls=189 0 
* 8387
+1 189
+1 189
+1 756
+1 378
+1 162
fi=(340)
29 54
cob=(4)
cfi=(177)
cfn=(2970)
calls=27 -29 
* 3753
* 27
fe=(459)
1114 243

fn=(3246) pool_worker
1050 77
287 14
1044 243
-4 243
-4 243
-4 243
-4 243
-4 243
-4 216
+1 162
62 81
400 297
+1 594
+1 2079
-38 1188
+42 837
-4 3591
+2 7533
-65 2997
+3 1215
fi=(306)
163 2916
+26 2187
fe=(459)
345 2916
+1 1215
+79 837
-2 3186
+2 3564
+1 5346
+1 16038
cfn=(3266) aabb_overlap
calls=891 31 
* 16605
* 2673
+2 1944
+2 1053
+2 1053
+1 1755
-9 378
+46 756
-24 756
-1 189
+1 189
+2 2268
cfi=(465) /home/abdoali/42cursus/cercle-5/miniRT/srcs/physics/gjk/contact.c
cfn=(3268) gjk_vs_plane
calls=189 73 
* 38286
* 189
+1 189
-3 567
+27 378
+22 378
+14 378
+14 378
+14 378
1021 378
-1 1701
+1 378
465 567
+1 567
1021 1134
468 567
cfi=(304)
cfn=(2310)
calls=189 19 
* 20601
+1 2079
+1 1512
-50 945
+2 189
+1 378
-1 189
-51 756
+8 594
1063 135
cob=(4)
cfi=(177)
cfn=(3260)
calls=27 0 
* 378
* 810
cob=(4)
cfi=(177)
cfn=(3260)
calls=162 0 
* 2429
-7 980
cob=(4)
cfi=(177)
cfn=(3248)
calls=196 0 
* 34132
+1 756
+5 189
-43 2133
488 378

fn=(3266)
31 891
-1 5265
+2 5022
+2 4536
+3 891

fl=(415) /home/abdoali/42cursus/cercle-5/miniRT/srcs/debug/profiler.c
fn=(2966) prof_print_frame
35 90
+7 30
cob=(4)
cfi=(177)
cfn=(2758) 0x0000000000110870
calls=10 -42 
* 130
+1 20
+1 20
+4 20
cob=(4)
cfi=(177)
cfn=(818)
calls=10 -48 
* 740
+1 30
+1 30
-7 40
+1 40
-1 10
+7 20
+1 10
+2 20
cob=(4)
cfi=(177)
cfn=(2182) 0x0000000000110c20
calls=10 -53 
* 3070
-1 10
+1 20
+2 20
+15 90

fl=(298)
fn=(2292)
19 9
+1 134
+4 3
cfi=(288)
cfn=(2264)
calls=1 +18 
* 862
* 2
+1 135
+15 8
-14 3
cfi=(288)
cfn=(2264)
calls=1 +16 
* 862
* 2
+2 3
cfi=(288)
cfn=(2264)
calls=1 +14 
* 1066
* 2
+2 3
fi=(306)
189 5
fe=(298)
30 4
+5 1
+1 4
+1 5
cfi=(276)
cfn=(2220)
calls=1 -21 
* 7
* 4
+1 1
+1 1
-5 7
cfi=(291)
cfn=(2270)
calls=1 -18 
* 27
* 6

fl=(397) /home/abdoali/42cursus/cercle-5/miniRT/srcs/rays/raytracing/intersection/sphere/uv.c
fn=(2894) get_sphere_uv
19 926922
+4 463461
cob=(4)
cfi=(177)
cfn=(2896) 0x0000000000110ce0
calls=154487 -23 
* 10825972
* 154487
+1 617948
cob=(4)
cfi=(177)
cfn=(2280) 0x00000000001107f0
calls=154487 -24 
* 23293049
* 308974
+1 308974
+1 463461
+1 617948

fl=(441) /home/abdoali/42cursus/cercle-5/miniRT/srcs/gui/editor/crud_ui.c
fn=(3052) draw_crud_buttons
34 10
+4 20
-4 40
+6 40
+1 40
+2 80
cfn=(3054) draw_crud_btn
calls=10 -20 
* 14368920
+2 80
cfn=(3054)
calls=10 -22 
* 376750
+2 80
cfn=(3054)
calls=10 -24 
* 3952340
+2 80
cfn=(3054)
calls=10 -26 
* 4978840
* 10
+2 40

fn=(3054)
23 520
+4 120
cfi=(338)
cfn=(2684)
calls=40 -11 
* 200
* 160
cfi=(338)
cfn=(2684)
calls=40 -11 
* 200
-1 360
+2 360
cfi=(417) /home/abdoali/42cursus/cercle-5/miniRT/srcs/gui/render/overlay/panel.c
cfn=(2976) draw_panel
calls=40 +6 
* 23591870
+1 440
cfi=(423)
cfn=(2990)
calls=40 264 
* 82300
+2 320

fl=(456)
fn=(3218)
16 4536
+6 756
-1 756
+8 13608
+1 12096
-5 36288
+2 24192
+2 12096
-1 24192
+1 18144
+3 3024
-10 9072
-6 3024
+8 6048
+10 12096
+1 3780

fl=(377)
fn=(2826)
49 147456000
+6 64512000
cfi=(378)
cfn=(2828)
calls=9216000 -38 
* 1640448000
+1 55296000
cfi=(379)
cfn=(2832)
calls=9216000 +15 
* 16638155179
-34 27648000
+1 27648000
+2 9216000
-1 18432000
+1 9216000
+33 18432000
+10 92160000
-24 18432000
-9 110592000
+2 55296000
+2 18432000
+2 18432000
-2 184320000
+2 36864000
-2 129024000
-5 18432000

fl=(316)
fn=(2364)
72 6
+3 2
cob=(4)
cfi=(177)
cfn=(876)
calls=1 -75 
* 176
* 1
+1 2
+2 4
cfi=(205)
cfn=(2204)
calls=1 -78 
* 1718
+1 1
+1 1
+1 1
+1 1
+2 1
+2 1
+1 2
+1 1
+1 1
+1 2
+1 2
cob=(4)
cfi=(177)
cfn=(2366) 0x0000000000110a20
calls=1 -91 
* 469
* 1
+1 2
+3 4
+2 1
-1 2
cob=(4)
cfi=(177)
cfn=(876)
calls=1 -96 
* 47
* 2
+2 2
-75 3
+2 4
cfi=(205)
cfn=(2390) mlx_new_window
calls=1 -25 
* 27731
* 1
+2 2
+2 4
cfi=(205)
cfn=(2566) mlx_new_image
calls=1 -29 
* 12080
* 2
+1 4
cfi=(205)
cfn=(2644) mlx_get_data_addr
calls=1 -30 
* 10
* 1
+2 2
+1 2
+1 2
cfi=(205)
cfn=(2566)
calls=1 -34 
* 7316
* 2
+2 4
cfi=(205)
cfn=(2644)
calls=1 -36 
* 10
* 1
+2 4
cfi=(205)
cfn=(2566)
calls=1 -38 
* 9208
* 2
+2 4
cfi=(205)
cfn=(2644)
calls=1 -40 
* 10
* 1
+13 3
+1 24
+1 1
+1 3
cob=(4)
cfi=(177)
cfn=(2280)
calls=1 -56 
* 65
* 1
+1 2
cob=(4)
cfi=(177)
cfn=(2272) 0x0000000000110b20
calls=1 -57 
* 64
* 1
+1 4
+1 2
+1 2
+1 2
+1 1
+1 1
+1 1
+46 2
cfi=(329)
cfn=(2646)
calls=1 -94 
* 165757
+1 2
cfi=(337)
cfn=(2682)
calls=1 -85 
* 635
+1 2
cfi=(341) /home/abdoali/42cursus/cercle-5/miniRT/srcs/gui/editor/scene_panel.c
cfn=(2694) editor_init
calls=1 -95 
* 12
+1 6
cfi=(205)
cfn=(2696)
calls=1 0 
* 8
+1 6
cfi=(205)
cfn=(2696)
calls=1 0 
* 8
+2 5

fn=(3300)
122 1
+1 2
-1 2
+3 1
cfi=(471)
cfn=(3302)
calls=1 22 
* 27365
+1 3
+1 2
cfi=(205)
cfn=(3308) mlx_destroy_image
calls=1 0 
* 1523
+1 3
+1 2
cfi=(205)
cfn=(3308)
calls=1 0 
* 674
+1 3
+1 2
cfi=(205)
cfn=(3308)
calls=1 0 
* 674
+1 3
+1 2
cfi=(205)
cfn=(3330) mlx_destroy_window
calls=1 0 
* 649
+1 3
+1 1
cob=(4)
cfi=(177)
cfn=(2358)
calls=1 0 
* 87
+1 3
+1 1
cob=(4)
cfi=(177)
cfn=(2358)
calls=1 0 
* 87
+1 2
cob=(4)
cfi=(177)
cfn=(2358)
calls=1 0 
* 181
+1 2

fl=(450)
fn=(3196)
348 324
+4 81
+2 27
cfi=(451) /home/abdoali/42cursus/cercle-5/miniRT/srcs/physics/state.c
cfn=(3198) get_physics_state
calls=27 25 
* 81
* 27
+2 81
-1 54
106 28
cfi=(276)
cfn=(2220)
calls=7 -90 
* 49
* 28
fi=(306)
+67 21
-15 7
+15 14
-15 7
+15 14
-15 7
fe=(450)
-38 28
-74 28
cfi=(451)
cfn=(3200) clamp_d
calls=7 -16 
* 42
fi=(306)
173 546
-15 182
+15 364
-15 182
+15 364
-15 182
fe=(450)
-38 728
-74 728
cfi=(451)
cfn=(3200)
calls=182 -16 
* 1092
* 189
+1 945
cob=(4)
cfi=(177)
cfn=(3202) 0x0000000000110e80
calls=189 -47 
* 24948
* 189
+1 1512
cob=(4)
cfi=(177)
cfn=(3202)
calls=189 -48 
* 24948
fi=(306)
173 1512
fe=(450)
49 756
fi=(306)
173 945
fe=(450)
50 756
fi=(306)
173 567
-15 189
+15 378
-15 189
+15 378
-15 189
fe=(450)
-35 756
-65 567
fi=(306)
173 189
fe=(450)
59 378
fi=(306)
173 189
fe=(450)
60 378
fi=(306)
173 189
fe=(450)
61 378
fi=(306)
194 1323
fe=(450)
76 378
+1 378
+2 378
+2 945
cfi=(276)
cfn=(2220)
calls=189 -65 
* 1323
* 1512
+2 189
+1 1134
+1 756
+1 567
+1 4914
cfi=(455)
cfn=(3214)
calls=189 -16 
* 390096
* 3213
+40 756
356 567
+1 567
111 378
+2 567
+1 14
+1 567
+1 14
+1 567
+1 14
-18 21
fi=(306)
+89 35
fe=(450)
-89 560
fi=(306)
+89 910
fe=(450)
-89 364
+2 7
+1 7
-1 21
+3 21
359 54
+3 54
+3 54
+3 54
+3 54
+3 54
+2 297

fl=(418) /home/abdoali/42cursus/cercle-5/miniRT/srcs/gui/render/overlay/color.c
fn=(2980) color_blend
19 14376320
+3 64693440
+3 3594080
-2 39534880
+2 7188160
-1 39534880
+1 3594080
+1 3594080

fn=(2978) panel_color
57 68353640
-5 3597560
cfi=(338)
cfn=(2684)
calls=3597560 -36 
* 17987800
* 10792680
-18 10792680
cfi=(338)
cfn=(2684)
calls=3597560 -18 
* 17987800
+1 11084460
+2 285120
+2 665280
+4 7195120
+10 10792680
+5 7195120
+2 21470520
+1 21138320
+2 14025120
+1 32378040
-28 8880
cfi=(338)
cfn=(2684)
calls=2220 -20 
* 11100
* 2220
+2 11100
cfi=(338)
cfn=(2684)
calls=2220 -22 
* 11100
* 2220
+2 12960
cfi=(338)
cfn=(2684)
calls=2160 -24 
* 10800
* 2160
+19 6960
-22 14292980
+2 190080
+2 475200
+1 15120
cfi=(338)
cfn=(2684)
calls=2160 -26 
* 10800
* 2160

fl=(419) /home/abdoali/42cursus/cercle-5/miniRT/srcs/gui/editor/inspector.c
fn=(3056) draw_inspector_text
183 110
+3 20
+6 110

fn=(3172) inspector_handle_click
213 33
+7 9
+16 36

fn=(2982) draw_inspector_bg
145 10
+6 20
+8 10

fl=(444) /home/abdoali/42cursus/cercle-5/miniRT/srcs/gui/input/keyboard/handlers.c
fn=(3154) key_press
45 21
+4 42
-4 105
+7 63
+3 63
cfi=(442)
cfn=(3156)
calls=21 383 
* 105
* 42
+3 44
+21 84
-14 80
+24 105
-17 40
+7 576
+2 383
+2 38
cfi=(470) /home/abdoali/42cursus/cercle-5/miniRT/srcs/gui/input/keyboard/misc.c
cfn=(3296) exit_press
calls=1 -57 
* 10
cfi=(448)
cfn=(3188)
calls=17 -57 
* 51
cfi=(447)
cfn=(3186)
calls=1 -67 
* 3
+1 19

fn=(3160) key_release
92 20
+4 60
+2 60
+4 604
+2 342
-12 18
+14 36
cfi=(447)
cfn=(3192)
calls=1 -85 
* 3
cfi=(448)
cfn=(3190)
calls=17 -75 
* 51
+6 58

fl=(280)
fn=(2234)
22 6
+1 1
fi=(273)
+30 4
cob=(4)
cfi=(177)
cfn=(2196)
calls=1 -53 
* 38
fe=(280)
-29 1
+1 3
+5 1
+1 1
-1 2
+2 1
cfi=(281)
cfn=(2236)
calls=1 +1 
* 82242
+1 1
+1 4

fn=(2244)
37 7
+7 16
cfi=(281)
cfn=(2248)
calls=16 +14 
* 144
* 32
+5 33
cfi=(284) /home/abdoali/42cursus/cercle-5/miniRT/srcs/objects/rt/parser/helpers.c
cfn=(2252) rt_parse_entry
calls=11 -7 
* 47201
* 22
-9 34
cfi=(283)
cfn=(2246)
calls=17 -24 
* 1632
+1 51
+1 51
+10 1
+1 4
-7 5
-29 10
cfi=(281)
cfn=(2248)
calls=5 +41 
* 45
* 492
cfi=(281)
cfn=(2248)
calls=246 +41 
* 2214
* 1004
cfi=(281)
cfn=(2248)
calls=251 +41 
* 2259
* 502
+1 492
cfi=(281)
cfn=(2254)
calls=246 +48 
* 2460
* 246

fl=(270)
fn=(2186)
210 13
fi=(424)
86 4
cob=(4)
cfi=(177)
cfn=(842)
calls=1 -86 
* 769
fe=(270)
216 2
cob=(4)
cfi=(177)
cfn=(818)
calls=1 0 
* 68
+1 2
cfi=(271)
cfn=(2188)
calls=1 16 
* 271
* 1
+1 2
cfi=(272)
cfn=(2192)
calls=1 16 
* 66
* 2
-19 2
cfi=(275)
cfn=(2202) create_scene
calls=1 -89 
* 1574997
* 1
+1 2
+5 1
-24 3
cfi=(205)
cfn=(2228)
calls=1 0 
* 52
* 2
+1 3
cfi=(279)
cfn=(2230)
calls=1 33 
* 207099
+45 2
+7 12

fl=(468)
fn=(3284)
57 216
+6 432
-6 2160
-37 2592
+25 5184
cob=(4)
cfi=(177)
cfn=(2312)
calls=1296 -45 
* 10368
+1 2592
fi=(306)
173 6480
fe=(468)
48 7776
+1 1296
fi=(306)
173 2592
-10 3888
+10 2592
-10 2592
+10 1296
-10 2592
fe=(468)
49 5184
+2 2592
+16 6480
-4 3888
+2 2592
-46 10368
+2 3888
+45 1296
-47 2592
+52 1296

fl=(290)
fn=(2268)
25 9
+1 134
+4 3
cfi=(288)
cfn=(2264)
calls=1 +12 
* 896
* 2
+1 135
+13 8
-12 3
cfi=(288)
cfn=(2264)
calls=1 +10 
* 998
* 2
+2 2
cfi=(287)
cfn=(2260)
calls=1 +58 
* 239
* 1
+1 3
fi=(306)
189 5
fe=(290)
35 4
+4 4
+1 2
cob=(4)
cfi=(177)
cfn=(2272)
calls=1 -40 
* 64
* 1
+1 3
cob=(4)
cfi=(177)
cfn=(2280)
calls=1 -41 
* 65
* 1
+1 1
+1 1
-5 7
cfi=(291)
cfn=(2270)
calls=1 -22 
* 27
* 6

fl=(383)
fn=(2842)
19 39176109
+4 44772696
cfi=(356) /home/abdoali/42cursus/cercle-5/miniRT/srcs/maths/vectors/vec3/vec3_basis.c
cfn=(2844) vec3_orthonormal_basis
calls=5596587 -6 
* 901050507
+1 16789761
fi=(306)
178 44772696
fe=(383)
24 16789761
fi=(306)
178 27982935
fe=(383)
25 11193174
+1 22386348
+1 22386348
+1 39176109

fl=(396) /home/abdoali/42cursus/cercle-5/miniRT/srcs/rays/raytracing/intersection/sphere/hit.c
fn=(2892) set_sphere_hit_data
19 120240
+1 15030
fi=(306)
173 30060
-15 30060
+15 30060
-15 30060
+15 15030
-15 30060
fe=(396)
20 60120
+2 75150
-1 30060
fi=(306)
163 30060
+10 15030
-10 30060
+10 15030
-10 30060
+10 15030
fe=(396)
21 60120
+2 120240
cfi=(397)
cfn=(2894)
calls=15030 -4 
* 3692478
+1 105210
cfi=(356)
cfn=(2844)
calls=15030 -7 
* 2434307
+1 105210

fl=(276)
fn=(2220)
16 71208258
+1 142416516
+1 35604129

fl=(335)
fn=(2672)
23 5
+3 1
+1 1
+1 2
+2 4
+1 2
cfi=(205)
cfn=(2228)
calls=1 -31 
* 404
* 2
+2 1
+7 2
+1 4
cfi=(336)
cfn=(2674)
calls=1 +41 
* 126818
+2 4

fl=(312) /home/abdoali/42cursus/cercle-5/miniRT/srcs/rays/raytracing/bvh/tree/comparators.c
fn=(2346) compare_x
16 644
+6 1288
+1 644
-1 1288
+2 1092
+4 644

fn=(2350) compare_y
31 504
+6 1008
+1 504
-1 1008
+2 1512
+4 504

fn=(2352) compare_z
46 1092
+6 2184
+1 1092
-1 2184
+2 2184
+4 1092

fl=(421) /home/abdoali/42cursus/cercle-5/miniRT/srcs/gui/render/overlay/overlay.c
fn=(2986) draw_ui_text
42 110
+3 10
+1 30
cfi=(422) /home/abdoali/42cursus/cercle-5/miniRT/srcs/gui/render/overlay/text.c
cfn=(2988) draw_ui_help
calls=10 -30 
* 944560
+1 30
cfi=(422)
cfn=(2992) draw_ui_status
calls=10 -13 
* 168300
+1 20
cfi=(422)
cfn=(2996) draw_ui_object
calls=10 +7 
* 220
-27 10
fi=(424)
+33 110
cob=(4)
cfi=(177)
cfn=(2998) 0x0000000000110db0
calls=10 -54 
* 36040
fe=(421)
-29 60
cfi=(423)
cfn=(2990)
calls=10 264 
* 209280
+1 30
fi=(424)
+28 80
cob=(4)
cfi=(177)
cfn=(2998)
calls=10 -54 
* 31750
fe=(421)
-25 60
cfi=(423)
cfn=(2990)
calls=10 264 
* 148680
fi=(424)
+25 80
cob=(4)
cfi=(177)
cfn=(2998)
calls=10 -54 
* 12189
fe=(421)
-17 70
cfi=(423)
cfn=(2990)
calls=10 264 
* 50300
+14 20
cfi=(440) /home/abdoali/42cursus/cercle-5/miniRT/srcs/gui/widget/draw.c
cfn=(3038) widget_draw_all
calls=10 -8 
* 16170
+1 20
cfi=(341)
cfn=(3044) draw_scene_panel_text
calls=10 184 
* 24374130
+1 20
cfi=(419)
cfn=(3056)
calls=10 183 
* 240
+1 20
cfi=(442)
cfn=(3058)
calls=10 330 
* 300
+1 90

fl=(443)
fn=(3078)
21 236
+1 1888
+1 236

fl=(338)
fn=(2684)
16 16420264
+5 49260792
+1 16420264

fl=(297)
fn=(2290)
19 7
+1 7
cfi=(278)
cfn=(2226)
calls=1 * 
* 18
* 4
+3 39
+2 6

fl=(356)
fn=(2768) get_camera_forward
29 180
cob=(4)
cfi=(177)
cfn=(2740)
calls=10 -29 
* 1370
* 60
cob=(4)
cfi=(177)
cfn=(2740)
calls=10 -29 
* 1160
* 10
+1 80
cfi=(276)
cfn=(2220)
calls=10 -14 
* 70
+1 110

fn=(2844)
17 74763962
+3 23004296
+1 28011415
cfi=(276)
cfn=(2220)
calls=5602283 -5 
* 39215981
+3 28755370
fi=(306)
183 69012888
+1 23004296
-1 11502148
fe=(356)
24 46008592
cfi=(291)
cfn=(2270)
calls=5751074 -8 
* 155278998
* 23004296
+1 17253222
fi=(306)
183 74763962
+1 28755370
-1 11502148
fe=(356)
25 34506444
cfi=(291)
cfn=(2270)
calls=5751074 -9 
* 155278998
* 23004296
+1 57510740
-3 743955
cfi=(276)
cfn=(2220)
calls=148791 -7 
* 1041537
* 148791

fl=(288)
fn=(2264)
42 198
+3 88
cfi=(205)
cfn=(2204)
calls=22 -45 
* 3476
+1 44
cfi=(287)
cfn=(2260)
calls=22 +46 
* 5146
* 22
+1 44
cfi=(283)
cfn=(2246)
calls=22 -31 
* 880
+1 44
cfi=(281)
cfn=(2248)
calls=22 +10 
* 198
* 22
+3 22
-3 44
+13 154
-12 44
cfi=(281)
cfn=(2254)
calls=22 +17 
* 220
+3 44
cfi=(287)
cfn=(2260)
calls=22 +40 
* 4352
* 22
+1 44
cfi=(283)
cfn=(2246)
calls=22 -37 
* 880
+1 44
cfi=(281)
cfn=(2248)
calls=22 +4 
* 198
* 22
+3 22
-3 44
+1 44
cfi=(281)
cfn=(2254)
calls=22 +11 
* 220
+3 44
cfi=(287)
cfn=(2260)
calls=22 +34 
* 4428
* 22
+1 88
+1 44

fl=(307)
fn=(2318)
82 336
-62 56
cfi=(308)
cfn=(2320)
calls=28 -1 
* 1288
* 224
+2 84
-1 28
+2 168
cfi=(308)
cfn=(2322)
calls=28 +8 
* 3360
* 840
cfi=(308)
cfn=(2322)
calls=168 +8 
* 20160
* 1568
-1 588
+2 140
cfi=(276)
cfn=(2220)
calls=28 -8 
* 196
fi=(306)
163 196
fe=(307)
24 112
+1 140
cfi=(276)
cfn=(2220)
calls=28 -9 
* 196
* 168
+1 112
+60 56
+2 112
fi=(306)
+70 196
fe=(307)
-96 84
cfi=(205)
cfn=(2216)
calls=28 -62 
* 26969
* 28
+1 56
+2 224
+1 280
cfi=(308)
cfn=(2330)
calls=28 -8 
* 616
+1 140
cfi=(310) /home/abdoali/42cursus/cercle-5/miniRT/srcs/rays/raytracing/bvh/tree/build/split.c
cfn=(2334) find_best_split
calls=28 +20 
* 2788604
* 28
+1 56
+5 28
-42 56
+2 56
+3 140
cob=(4)
cfi=(177)
cfn=(2336) 0x0000000000110c50
calls=28 -36 
* 23548
+7 84
cfn=(2319) build_recursive'2
calls=28 +39 
* 43993
* 28
+1 56
+2 168
cfn=(2319)
calls=28 +36 
* 2570408
* 28
+1 56
+42 308

fn=(2319)
82 1344
-62 224
cfi=(308)
cfn=(2320)
calls=112 -1 
* 5152
* 896
+2 336
-1 112
+2 672
cfi=(308)
cfn=(2322)
calls=112 +8 
* 13440
* 1260
cfi=(308)
cfn=(2322)
calls=252 +8 
* 30240
* 2912
-1 1092
+2 560
cfi=(276)
cfn=(2220)
calls=112 -8 
* 784
fi=(306)
163 784
fe=(307)
24 448
+1 560
cfi=(276)
cfn=(2220)
calls=112 -9 
* 784
* 672
+1 448
+60 224
+2 112
fi=(306)
+70 196
fe=(307)
-96 84
cfi=(205)
cfn=(2216)
calls=28 -62 
* 26969
* 28
+1 56
+2 224
+1 280
cfi=(308)
cfn=(2330)
calls=28 -8 
* 616
+1 140
cfi=(310)
cfn=(2334)
calls=28 +20 
* 2374344
* 28
+1 56
+5 28
-42 56
+2 56
+3 140
cob=(4)
cfi=(177)
cfn=(2336)
calls=28 -36 
* 19852
+7 84
cfn=(2319)
calls=28 +39 
* 59974
* 28
+1 56
+2 168
cfn=(2319)
calls=28 +36 
* 60233
* 28
+1 56
+40 252
cfi=(314) /home/abdoali/42cursus/cercle-5/miniRT/srcs/rays/raytracing/bvh/tree/build/leaf.c
cfn=(2354) init_leaf_node
calls=84 -69 
* 126204
* 84
+2 1232

fl=(440)
fn=(3038)
43 50
+3 10
+1 20
+10 40
-7 30
cfn=(3040) widget_draw_checkbox
calls=10 -24 
* 15950
* 10
+5 10
-8 20
+2 30

fn=(3040)
26 90
+4 50
+3 10
+1 30
fi=(424)
+20 70
cob=(4)
cfi=(177)
cfn=(2998)
calls=10 -54 
* 4120
fe=(440)
-16 110
cfi=(423)
cfn=(2990)
calls=10 264 
* 11400
+2 70

fl=(275)
fn=(2202)
110 8
+3 2
cob=(4)
cfi=(177)
cfn=(876)
calls=1 0 
* 183
* 1
+1 2
+2 4
cfi=(205)
cfn=(2204)
calls=1 0 
* 768
+1 2
+1 2
cfi=(205)
cfn=(2212) ft_strdup
calls=1 0 
* 550
* 2
-96 1
+1 3
cfi=(205)
cfn=(2216)
calls=1 -23 
* 80861
* 1
+1 1
+1 3
cfi=(205)
cfn=(2216)
calls=1 -25 
* 32477
* 1
+1 1
+1 3
cfi=(205)
cfn=(2216)
calls=1 -27 
* 60125
* 1
+1 1
+1 3
cfi=(205)
cfn=(2216)
calls=1 -29 
* 72221
* 1
+1 1
+1 3
cfi=(205)
cfn=(2216)
calls=1 -31 
* 37661
* 1
+1 1
+1 3
cfi=(205)
cfn=(2216)
calls=1 -33 
* 149986
* 1
+1 1
+1 3
cfi=(205)
cfn=(2216)
calls=1 -35 
* 166263
* 1
+1 1
+1 3
cfi=(205)
cfn=(2216)
calls=1 -37 
* 17503
* 1
+1 1
+1 3
cfi=(205)
cfn=(2216)
calls=1 -39 
* 32477
* 1
+1 1
+1 3
cfi=(205)
cfn=(2216)
calls=1 -41 
* 313570
* 1
+1 1
+1 3
cfi=(205)
cfn=(2216)
calls=1 -43 
* 166114
* 1
+1 1
+1 3
cfi=(205)
cfn=(2216)
calls=1 -45 
* 179938
* 1
+1 1
+1 3
cfi=(205)
cfn=(2216)
calls=1 -47 
* 129250
* 1
+1 1
+1 3
cfi=(205)
cfn=(2216)
calls=1 -49 
* 133858
* 1
+1 10
+1 8
+1 6
+69 4
+5 1
+1 5
cfi=(276)
cfn=(2220)
calls=1 16 
* 7
* 4
+1 5
cfi=(276)
cfn=(2220)
calls=1 16 
* 7
* 7
cfi=(277)
cfn=(2222)
calls=1 -51 
* 1026
+1 1
+1 8

fn=(3306)
62 1
+3 2
-3 4
+5 3
+1 1
cfi=(301)
cfn=(3234)
calls=1 181 
* 395
+1 2
cob=(4)
cfi=(177)
cfn=(2358)
calls=1 -69 
* 115
+1 2
cob=(4)
cfi=(177)
cfn=(2358)
calls=1 -70 
* 181
+1 2
cob=(4)
cfi=(177)
cfn=(2358)
calls=1 -71 
* 214
+1 2
cob=(4)
cfi=(177)
cfn=(2358)
calls=1 -72 
* 214
+1 2
cob=(4)
cfi=(177)
cfn=(2358)
calls=1 -73 
* 181
+1 2
cob=(4)
cfi=(177)
cfn=(2358)
calls=1 -74 
* 214
+1 2
cob=(4)
cfi=(177)
cfn=(2358)
calls=1 -75 
* 214
+1 2
cob=(4)
cfi=(177)
cfn=(2358)
calls=1 -76 
* 361
+1 2
cob=(4)
cfi=(177)
cfn=(2358)
calls=1 -77 
* 226
+1 2
cob=(4)
cfi=(177)
cfn=(2358)
calls=1 -78 
* 226
+2 2
+2 2
cob=(4)
cfi=(177)
cfn=(2358)
calls=1 -82 
* 214
+2 2
+7 2
cob=(4)
cfi=(177)
cfn=(2358)
calls=1 -91 
* 214
+2 2
+6 2
cob=(4)
cfi=(177)
cfn=(2358)
calls=1 -99 
* 214
+1 2
cob=(4)
cfi=(177)
cfn=(2358)
calls=1 0 
* 226
+1 2
cob=(4)
cfi=(177)
cfn=(2358)
calls=1 0 
* 253
+1 2
cob=(4)
cfi=(177)
cfn=(2358)
calls=1 0 
* 87
+1 2
cob=(4)
cfi=(177)
cfn=(2358)
calls=1 0 
* 87
+1 4

fl=(394)
fn=(2888) setup_sphere_quadratic
16 1015890
fi=(306)
163 6095340
fe=(394)
21 3047670
fi=(306)
178 8127120
fe=(394)
23 1015890
fi=(306)
178 8127120
fe=(394)
24 1015890
fi=(306)
178 5079450
fe=(394)
22 1015890
+2 2031780
+1 1015890

fn=(3286) solve_deformed
53 10926504
+7 21853008
+1 18210840
cfi=(469) /home/abdoali/42cursus/cercle-5/miniRT/srcs/maths/matrix/vec3.c
cfn=(3288) mat4_mul_pos
calls=910542 -30 
* 50990352
+1 20031924
cfi=(469)
cfn=(3290) mat4_mul_vec3
calls=910542 -46 
* 47348184
+1 67380108
+1 6373794
cfi=(276)
cfn=(2220)
calls=910542 -48 
* 6373794
+1 3642168
cfn=(2888)
calls=910542 -49 
* 33690054
+1 6373794
cfi=(395)
cfn=(2890)
calls=910542 -45 
* 18834325
* 3642168
+8 10015962
-6 278914
-39 278914
+40 139457
fi=(306)
173 278914
-15 139457
+15 278914
-15 139457
+15 278914
-15 139457
fe=(394)
-88 557828
fi=(306)
173 278914
-15 139457
+15 278914
-15 139457
+15 139457
-15 697285
fe=(394)
-87 976199
cfi=(291)
cfn=(2270)
calls=139457 -55 
* 3765339
* 697285
-31 697285
+1 418371
-1 139457
+2 697285
+1 418371
-1 139457
+2 697285
+1 418371
-1 139457
+2 139457
+1 836742
cfi=(291)
cfn=(2270)
calls=139457 -31 
* 3765339
* 557828
+1 1394570
cfi=(397)
cfn=(2894)
calls=139457 -29 
* 34288718
+1 976199
cfi=(356)
cfn=(2844)
calls=139457 -32 
* 22586891
+24 278914

fn=(2886)
77 13206570
+4 3047670
+2 421392
cfn=(2888)
calls=105348 -67 
* 3897876
+1 737436
cfi=(395)
cfn=(2890)
calls=105348 -63 
* 2166942
* 421392
+2 30060
-57 30060
+53 910542
cfn=(3286)
calls=910542 -29 
* 403899509
* 910542
+8 11189820
-2 60120
cfi=(396)
cfn=(2892)
calls=15030 -69 
* 7118765
+1 15030

fl=(467)
fn=(3274)
151 2376
+6 1512
20 2592
+93 9072
cfn=(3276) point_vel
calls=1296 -69 
* 50544
* 6480
+1 9072
cfn=(3276)
calls=1296 -70 
* 34992
+2 5184
fi=(306)
+47 3888
+15 2592
-15 2592
+15 3888
-15 2592
+15 3888
fe=(467)
-61 6480
+4 2430
cfn=(3278) ang_term
calls=162 -90 
* 5508
* 486
+1 1782
cfn=(3278)
calls=162 -91 
* 810
* 162
-2 324
+3 486
+4 486
+2 648
fi=(306)
+44 1458
fe=(467)
-42 972
+6 486
+7 1296
cfn=(3276)
calls=162 44 
* 6318
* 486
+1 1134
cfn=(3276)
calls=162 44 
* 4374
fi=(306)
+18 1944
fe=(467)
-90 486
fi=(306)
178 1296
-5 162
-10 486
+10 162
-10 486
+10 162
-10 486
+26 1296
fe=(467)
75 648
+51 324
fi=(306)
+37 2106
fe=(467)
-30 648
+2 2754
cfn=(3282) apply_torque
calls=162 -82 
* 5508
* 324
+26 6480
-4 3888
+2 2592
19 10368
+2 3888
160 1296
19 2592
165 2376

fn=(3278)
31 324
+3 648
+1 162
-1 486
+2 972
fi=(306)
183 1296
+1 486
fe=(467)
37 324
+1 486
+1 486
-2 324
-2 162
+5 162

fn=(3282)
53 162
fi=(306)
173 1296
+10 810
fe=(467)
59 324
fi=(306)
+99 162
+26 486
fe=(467)
60 324
fi=(306)
+98 162
+25 486
fe=(467)
58 324
fi=(306)
158 162
fe=(467)
-97 648
+1 162

fn=(3276)
44 17496
+1 5832
+2 8748
fi=(306)
183 7290
-25 1458
+26 4374
-26 1458
+25 4374
-25 7290
fe=(467)
49 20412
-3 5832
cfi=(276)
cfn=(2220)
calls=1458 -30 
* 10206
* 1458

fl=(353)
fn=(2756)
73 90
+3 70
cob=(4)
cfi=(177)
cfn=(2758)
calls=10 -76 
* 130
-35 10
+2 50
+3 30
+2 20
+1 70
-1 10
+2 20
cob=(4)
cfi=(177)
cfn=(2762)
calls=10 -50 
* 760
* 10
+1 30
-30 240
+3 50
cfi=(356)
cfn=(2768)
calls=10 +5 
* 3040
* 40
+1 50
cfi=(276)
cfn=(2220)
calls=10 -9 
* 70
* 60
fi=(306)
183 100
+1 30
-1 20
fe=(353)
25 70
cfi=(291)
cfn=(2270)
calls=10 -9 
* 270
* 40
+2 30
fi=(306)
189 50
fe=(353)
27 40
+2 60
fi=(306)
183 50
fe=(353)
29 10
fi=(306)
183 30
fe=(353)
29 10
fi=(306)
184 30
fe=(353)
29 20
+2 250
+47 60
+1 10
+1 40
-1 20
+2 10
+1 30
cfi=(357)
cfn=(2770)
calls=10 +3 
* 193552
+1 10
cfi=(415)
cfn=(2966)
calls=10 -48 
* 4460
-23 20
cfi=(416)
cfn=(2968)
calls=10 -39 
* 16220430
+1 20
cfi=(417)
cfn=(2972) draw_ui_panels
calls=10 -9 
* 631881670
+1 30
cfi=(420)
cfn=(2984)
calls=10 -40 
* 6578
+1 30
cfi=(421)
cfn=(2986)
calls=10 -21 
* 25993029
+1 20
cfi=(420)
cfn=(3060)
calls=10 -17 
* 40
+1 60
cfi=(205)
cfn=(3062) mlx_put_image_to_window
calls=10 -65 
* 5900
+20 80

fl=(446) /home/abdoali/42cursus/cercle-5/miniRT/srcs/gui/editor/slider_inline.c
fn=(3184) end_inline_drag
132 3
+1 6
+9 3

fl=(284)
fn=(2252)
42 143
+1 11
-23 22
cfi=(283)
cfn=(2246)
calls=11 -4 
* 440
+2 22
cfi=(281)
cfn=(2248)
calls=11 +36 
* 99
* 11
+22 11
-21 22
+20 11
-22 11
+4 22
cfi=(205)
cfn=(2250)
calls=11 -25 
* 154
* 38
cfi=(205)
cfn=(2250)
calls=19 -25 
* 233
* 210
+2 38
+1 38
cfi=(281)
cfn=(2254)
calls=19 +38 
* 190
+1 38
cfi=(281)
cfn=(2248)
calls=19 +29 
* 171
* 19
-4 38
+6 11
+12 22
+2 55
cfi=(285)
cfn=(2256)
calls=11 +30 
* 30744
* 1485
+1 22
+6 1518
cfi=(289)
cfn=(2266)
calls=11 -3 
* 11198
* 33
+3 121

fl=(346)
fn=(2736)
19 100
+6 30
+2 40
cfi=(347)
cfn=(2738)
calls=10 -11 
* 3420
+2 50
cfi=(276)
cfn=(2220)
calls=10 -13 
* 70
* 60
fi=(306)
183 100
+1 30
-1 20
fe=(346)
29 70
cfi=(291)
cfn=(2270)
calls=10 -13 
* 270
* 30
fi=(306)
189 80
fe=(346)
30 40
-6 10
+8 30
fi=(306)
183 120
+1 40
-1 20
fe=(346)
32 70
cfi=(291)
cfn=(2270)
calls=10 -16 
* 270
+1 80
+1 110
+1 40
+2 110
cfi=(347)
cfn=(2748)
calls=10 -15 
* 370
+1 40
cfi=(351)
cfn=(2750)
calls=10 -22 
* 160
+1 30
cfi=(351)
cfn=(2752)
calls=10 -8 
* 210
+1 250
+1 30
cfi=(352)
cfn=(2754)
calls=10 -25 
* 220
+1 40
+4 100

fl=(385)
fn=(2852)
67 33561630
+5 11187210
+15 33561630

fn=(2848)
19 5593605
+4 5593605
+2 16780815
+3 10878364
-3 463269
+1 463269
+1 617692
+31 27968025
+2 447488400
+1 5593605
-33 16317546
+1 16317546
+1 43513456

fl=(343)
fn=(2700)
64 1
+1 1
+1 1

fn=(3182) mouse_release
106 9
+2 6
+8 9
-6 6
cfi=(446)
cfn=(3184)
calls=3 +22 
* 12
+1 6

fn=(3166) mouse_click
79 33
+1 12
cfi=(339)
cfn=(3168)
calls=3 -17 
* 84
+1 6
+3 9
cfi=(442)
cfn=(3170)
calls=3 340 
* 21
* 6
+2 9
cfi=(419)
cfn=(3172)
calls=3 213 
* 78
* 6
+3 6
+1 3
+1 6
-4 9
cfi=(341)
cfn=(3174) scene_panel_handle_click
calls=3 205 
* 111
* 6
+1 9
cfi=(445)
cfn=(3176)
calls=3 +71 
* 2199
* 3
+15 27

fn=(3180) mlx_mouse_release
69 24
+1 3
cfi=(338)
cfn=(2684)
calls=3 -54 
* 15
* 12
cfn=(3182)
calls=3 +36 
* 48
+1 12

fn=(3164) mlx_mouse_click
59 24
+1 3
cfi=(338)
cfn=(2684)
calls=3 -44 
* 15
* 12
cfn=(3166)
calls=3 +19 
* 2643
+1 12

fn=(2702)
74 1
+1 1
+1 1

fl=(389)
fn=(2868)
36 113400529
+3 123709668
cfi=(379)
cfn=(2830)
calls=10309139 +10 
* 762876286
+1 51545695
cfi=(390)
cfn=(2870)
calls=10309139 176 
* 4064668409
* 30927417
+3 103091390
-23 45891235
+3 27534741
-1 18356494
+8 9178247
-7 36712988
+2 45891235
cfi=(382)
cfn=(2840)
calls=9178247 -6 
* 386277929
* 18356494
+2 17922

fl=(469)
fn=(3288)
31 4552710
+4 8194878
+1 8194878
+1 8194878
+2 5463252
+1 10926504
+6 4552710
+1 910542

fn=(3290)
16 5463252
+5 7284336
+1 1821084
-1 1821084
+2 7284336
+1 1821084
-1 910542
+2 7284336
+1 1821084
-1 910542
-6 4552710
+1 910542
-1 910542
+8 3642168
+1 910542

fl=(465)
fn=(3268)
73 3024
+6 567
fi=(306)
189 945
fe=(465)
79 567
+1 945
cfi=(276)
cfn=(2220)
calls=189 -64 
* 1323
+4 567
fi=(306)
+89 3024
fe=(465)
-89 1512
cfi=(466) /home/abdoali/42cursus/cercle-5/miniRT/srcs/physics/gjk/support.c
cfn=(3270) gjk_support_sphere
calls=189 -61 
* 10584
+1 567
fi=(306)
+78 378
+15 189
-15 378
+15 378
-15 378
+15 378
fe=(465)
-91 189
+1 189
-1 567
+14 2079
-12 810
+1 324
+1 162
+1 162
+1 324
+1 162
+1 648
fi=(306)
+68 486
fe=(465)
-67 648
+1 648
cfi=(276)
cfn=(2220)
calls=162 -81 
* 1134
* 648
+1 486
cob=(4)
cfi=(177)
cfn=(2324)
calls=162 -98 
* 1296
* 162
+1 1134
+1 324

fl=(378)
fn=(2828)
17 82944090
+5 9216010
+1 9216010
-1 73728080
+1 9216010
-1 9216010
+2 73728080
+1 9216010
-1 9216010
fi=(306)
173 36864040
-15 18432020
+15 36864040
-15 18432020
+15 18432020
-15 55296060
fe=(378)
26 64512070
cfi=(291)
cfn=(2270)
calls=9216010 -10 
* 248832270
+3 101376110
cfi=(379)
cfn=(2830)
calls=9216010 +20 
* 681984740
+1 73728080

fl=(457)
fn=(3228)
28 3024
+3 1890
cfn=(3230) mat4_mul_row
calls=378 -14 
* 18522
+1 1512
cfn=(3230)
calls=378 -15 
* 18522
+1 1512
cfn=(3230)
calls=378 -16 
* 18522
+1 1512
cfn=(3230)
calls=378 -17 
* 18522
+1 6048
+1 3024

fn=(3230)
17 7560
+1 9072
-1 1512
+2 7560
+1 9072
-1 1512
+2 7560
+1 9072
-1 1512
+2 7560
+1 9072
-1 1512
+2 1512

fl=(466)
fn=(3270)
23 2079
fi=(306)
194 1701
fe=(466)
30 567
+4 1323
-2 378
fi=(306)
173 1134
fe=(466)
33 945
fi=(306)
173 378
-15 189
+15 378
-15 189
+15 189
-15 945
fe=(466)
33 189

fl=(205)
fn=(760) 0x0000000000009040
0 12

fn=(2190)
0 259

fn=(2450) mlx_int_wait_first_expose
0 13
cob=(4)
cfi=(177)
cfn=(2452) 0x0000000000110b80
calls=1 0 
0 19820
0 3
cob=(4)
cfi=(177)
cfn=(2560) 0x0000000000110bf0
calls=1 0 
0 255
0 8

fn=(3072) mlx_int_param_MotionNotify
0 2124
cfi=(344)
cfn=(3074)
calls=236 35 
0 12508

fn=(3080) mlx_int_param_KeyPress
0 231
cob=(4)
cfi=(177)
cfn=(3082) 0x0000000000110a00
calls=21 0 
0 80483
0 168
cfi=(444)
cfn=(3154)
calls=21 45 
0 1874

fn=(3298) mlx_loop_end
0 4

fn=(2210) ft_memset_handle_small
0 1520

fn=(2212)
0 10
cfn=(2214)
calls=1 0 
0 185
0 5
cob=(4)
cfi=(177)
cfn=(876)
calls=1 0 
0 47
0 303

fn=(2390)
0 21
cob=(4)
cfi=(177)
cfn=(876)
calls=1 0 
0 183
0 17
cob=(4)
cfi=(177)
cfn=(2392) 0x00000000001109d0
calls=1 0 
0 378
0 8
cfn=(2398) mlx_int_anti_resize_win
calls=1 0 
0 4561
0 4
cob=(4)
cfi=(177)
cfn=(2416) 0x0000000000110850
calls=1 0 
0 325
0 5
cob=(4)
cfi=(177)
cfn=(2420) 0x0000000000110b90
calls=1 0 
0 728
0 8
cob=(4)
cfi=(177)
cfn=(2440) 0x0000000000110c10
calls=1 0 
0 650
0 120
cob=(4)
cfi=(177)
cfn=(2446) 0x0000000000110e40
calls=1 0 
0 609
0 4
cfn=(2450)
calls=1 0 
0 20099
0 11

fn=(3308)
0 39
cob=(12)
cfi=(202)
cfn=(3318)
calls=3 0 
0 1131
0 9
cob=(4)
cfi=(177)
cfn=(3326) 0x0000000000110da0
calls=3 0 
0 597
0 15
cob=(4)
cfi=(177)
cfn=(2358)
calls=3 0 
0 261
0 30
cob=(4)
cfi=(177)
cfn=(3310) 0x0000000000110ec0
calls=3 0 
0 756
0 6
cob=(4)
cfi=(177)
cfn=(3314) 0x0000000000110840
calls=3 0 
0 24
0 3

fn=(3370) 0x0000000000008f90
0 5

fn=(3158) mlx_int_param_KeyRelease
0 220
cob=(4)
cfi=(177)
cfn=(3082)
calls=20 0 
0 1340
0 160
cfi=(444)
cfn=(3160)
calls=20 92 
0 1252

fn=(2216)
0 3640
cob=(4)
cfi=(177)
cfn=(876)
calls=182 0 
0 12048
0 1820
cfn=(2218) ft_bzero
calls=182 0 
0 1700596
0 546

fn=(2218)
0 1700596

fn=(3178) mlx_int_param_ButtonRelease
0 30
cfi=(343)
cfn=(3180)
calls=3 69 
0 114

fn=(2060) mlx_int_deal_shm
0 14
cob=(4)
cfi=(177)
cfn=(2062) 0x0000000000110b60
calls=1 0 
0 26124
0 12
cob=(4)
cfi=(177)
cfn=(2180) 0x0000000000110bd0
calls=1 0 
0 78
0 2
cob=(4)
cfi=(177)
cfn=(2182)
calls=1 0 
0 285
0 15

fn=(2660)
0 294
cfn=(2214)
calls=21 0 
0 1533
0 84
cfn=(2214)
calls=21 0 
0 2170
0 147
cob=(4)
cfi=(177)
cfn=(876)
calls=21 0 
0 2437
0 6867

fn=(2710) mlx_int_set_win_event_mask
0 232
cob=(4)
cfi=(177)
cfn=(2712) 0x0000000000110f40
calls=1 0 
0 310
0 13

fn=(3062)
0 350
cob=(4)
cfi=(177)
cfn=(3068) 0x0000000000110aa0
calls=10 0 
0 2290
0 280
cob=(4)
cfi=(177)
cfn=(3064) 0x0000000000110d80
calls=10 0 
0 2940
0 40

fn=(2184) mlx_int_rgb_conversion
0 265

fn=(2644)
0 30

fn=(2708)
0 11
cfn=(2710)
calls=1 0 
0 555
0 1056
cob=(4)
cfi=(177)
cfn=(2716) 0x0000000000110f10
calls=316 0 
0 518189
0 1562
cob=(4)
cfi=(177)
cfn=(2720) 0x0000000000110b70
calls=307 0 
0 79503
0 4930
cob=(4)
cfi=(177)
cfn=(2614) 0x0000000000110c70
calls=10 0 
0 41815
0 60
cfi=(342)
cfn=(2730)
calls=10 144 
0 680594491
0 2378
cfn=(3178)
calls=3 0 
0 144
cfn=(3162) mlx_int_param_ButtonPress
calls=3 0 
0 2739
cfn=(3158)
calls=20 0 
0 2972
cfn=(3080)
calls=21 0 
0 82756
cfn=(3072)
calls=236 0 
0 14632
cfn=(2726) mlx_int_param_generic
calls=3 0 
0 84
0 295

fn=(3330)
0 25
cob=(4)
cfi=(177)
cfn=(3332) 0x0000000000110ac0
calls=1 0 
0 199
0 3
cob=(4)
cfi=(177)
cfn=(3336) 0x0000000000110b40
calls=1 0 
0 322
0 2
cob=(4)
cfi=(177)
cfn=(2358)
calls=1 0 
0 87
0 11

fn=(3162)
0 30
cfi=(343)
cfn=(3164)
calls=3 59 
0 2709

fn=(748)
0 12
cob=(2)
cfi=(206) ./csu/../csu/libc-start.c
cfn=(750) __libc_start_main@@GLIBC_2.34
calls=1 242 
0 683799946

fn=(2566)
0 36
cfn=(2568) mlx_int_new_xshm_image
calls=3 0 
0 28550
0 18

fn=(2568)
0 45
cob=(4)
cfi=(177)
cfn=(2570) 0x0000000000110cf0
calls=3 0 
0 711
0 42
cob=(4)
cfi=(177)
cfn=(2572) 0x0000000000110b00
calls=3 0 
0 4727
0 63
cob=(4)
cfi=(177)
cfn=(2598) 0x0000000000110d10
calls=3 0 
0 27
0 24
cob=(4)
cfi=(177)
cfn=(2602) 0x0000000000110f20
calls=3 0 
0 24
0 27
cob=(4)
cfi=(177)
cfn=(2606) 0x0000000000110d90
calls=3 0 
0 312
0 12
cob=(4)
cfi=(177)
cfn=(2608) 0x0000000000110cd0
calls=3 0 
0 801
0 15
cob=(4)
cfi=(177)
cfn=(2614)
calls=3 0 
0 12402
0 15
cob=(4)
cfi=(177)
cfn=(2606)
calls=3 0 
0 312
0 12
cob=(4)
cfi=(177)
cfn=(2618) 0x0000000000110e20
calls=3 0 
0 24
0 24
cob=(4)
cfi=(177)
cfn=(2622) 0x0000000000110e30
calls=3 0 
0 708
0 51
cob=(4)
cfi=(177)
cfn=(2626) 0x0000000000110c40
calls=3 0 
0 8169
0 3

fn=(2706)
0 4

fn=(2726)
0 24
cfi=(345)
cfn=(2728)
calls=3 21 
0 60

fn=(2206) ft_memset_handle_align
0 1532

fn=(2214)
0 6058

fn=(2228)
0 1884

fn=(2250)
0 3126

fn=(2398)
0 29
cob=(4)
cfi=(177)
cfn=(2400) 0x00000000001108a0
calls=1 0 
0 4052
0 11
cob=(4)
cfi=(177)
cfn=(2408) 0x00000000001109b0
calls=1 0 
0 460
0 9

fn=(2680)
0 124456

fn=(3354)
0 9
cob=(4)
cfi=(177)
cfn=(3360) 0x00000000001107c0
calls=1 0 
0 80
0 1
cfn=(3370)
calls=1 0 
0 5
0 3

fn=(874)
0 4
cob=(4)
cfi=(177)
cfn=(876)
calls=1 0 
0 189
0 5
cob=(4)
cfi=(177)
cfn=(878) 0x0000000000110a60
calls=1 0 
0 165324
0 18
cfn=(2018) mlx_int_get_visual
calls=1 0 
0 23
0 10
cob=(4)
cfi=(177)
cfn=(2020) 0x0000000000110d30
calls=1 0 
0 4980
0 5
cob=(4)
cfi=(177)
cfn=(2020)
calls=1 0 
0 3786
0 4
cfn=(2060)
calls=1 0 
0 26530
0 6
cfn=(2184)
calls=1 0 
0 265
0 4

fn=(2018)
0 23

fn=(2204)
0 2250
cfn=(2206)
calls=90 0 
0 1532
0 540
cfn=(2208) ft_memset_bulk
calls=90 0 
0 123130
0 540
cfn=(2210)
calls=90 0 
0 1520
0 540

fn=(2208)
0 123130

fn=(2696)
0 64

fl=(451)
fn=(3198)
25 27
+1 27
+1 27

fn=(3200)
30 189
+1 378
+4 567

fl=(314)
fn=(2354)
18 1092
+4 252
cfi=(205)
cfn=(2216)
calls=84 -22 
* 81567
* 84
+1 168
+2 168
cfi=(308)
cfn=(2320)
calls=84 -6 
* 3864
* 672
+2 252
-1 84
+2 504
cfi=(308)
cfn=(2322)
calls=84 +3 
* 10080
* 560
cfi=(308)
cfn=(2322)
calls=112 +3 
* 13440
* 1568
-1 588
+2 420
cfi=(276)
cfn=(2220)
calls=84 -13 
* 588
fi=(306)
163 588
fe=(314)
29 336
+1 420
cfi=(276)
cfn=(2220)
calls=84 -14 
* 588
fi=(306)
158 588
fe=(314)
30 336
+1 252
cob=(4)
cfi=(177)
cfn=(876)
calls=84 -31 
* 4009
* 168
+1 168
+3 336
+2 588
-2 784
+5 84
+2 1008

fl=(310)
fn=(2334)
87 896
+7 392
-1 56
-1 56
+3 56
-59 280
+37 280
cob=(4)
cfi=(177)
cfn=(2336)
calls=56 -73 
* 62300
* 56
+2 280
cob=(4)
cfi=(177)
cfn=(2336)
calls=56 -75 
* 55916
* 56
-38 13356
-1 4452
+22 31164
-9 26040
+2 10416
+1 19320
-29 13356
cfi=(308)
cfn=(2320)
calls=4452 -4 
* 204792
* 35616
+1 8904
cfi=(308)
cfn=(2320)
calls=4452 -5 
* 204792
* 35616
+2 8904
-1 4452
+3 26712
cfi=(308)
cfn=(2322)
calls=4452 +3 
* 534240
* 39648
cfi=(308)
cfn=(2322)
calls=9912 +3 
* 1189440
* 114912
+1 14364
-3 56448
+5 26712
+2 26712
cfi=(308)
cfn=(2322)
calls=4452 -2 
* 534240
* 40656
cfi=(308)
cfn=(2322)
calls=10164 -2 
* 1219680
* 116928
+1 14616
-3 43848
+5 44520
cfi=(308)
cfn=(2330)
calls=4452 +22 
* 97944
* 40068
+1 40068
cfi=(308)
cfn=(2330)
calls=4452 +21 
* 97944
* 31164
+62 1008
+1 448
+1 336
-5 224
+5 168
-5 112
-24 336
+2 224
+3 280
cob=(4)
cfi=(177)
cfn=(2336)
calls=56 -77 
* 64904
+18 168
-15 504
-1 504
+24 392
+1 672

fl=(417)
fn=(2972)
52 60
+4 10
+1 10
cfi=(341)
cfn=(2974) draw_scene_panel_bg
calls=10 168 
* 577526940
+1 20
cfi=(419)
cfn=(2982)
calls=10 +87 
* 40
+2 40
cfi=(338)
cfn=(2684)
calls=10 -44 
* 50
* 40
cfi=(338)
cfn=(2684)
calls=10 -44 
* 50
-1 80
+2 90
cfn=(2976)
calls=10 -27 
* 46802990
+2 50
cfi=(338)
cfn=(2684)
calls=10 -47 
* 50
* 10
+1 30
cfi=(338)
cfn=(2684)
calls=10 -48 
* 50
-2 90
+3 90
cfn=(2976)
calls=10 -31 
* 7550830
+1 50

fn=(2976)
34 910
+5 140
-1 70
+1 210
+3 140
-12 10782240
cfi=(418)
cfn=(2980)
calls=3594080 -11 
* 176109920
* 7188160
+15 3594080
-3 7188160
+3 3480
-3 6960
+2 39573160
-23 35975600
+2 43170720
cfi=(418)
cfn=(2978)
calls=3597560 +34 
* 270807780
* 3597560
+1 10792680
+2 25158560
+3 3594080
-1 10782240
-1 6966400
+20 32420
-8 48630
+2 16210
-20 48630
+21 32420
+7 560

fl=(422)
fn=(2988)
16 60
+4 50
cfi=(423)
cfn=(2990)
calls=10 264 
* 61420
+1 30
+1 50
cfi=(423)
cfn=(2990)
calls=10 264 
* 322780
+2 30
+1 50
cfi=(423)
cfn=(2990)
calls=10 264 
* 256840
+2 30
+1 50
cfi=(423)
cfn=(2990)
calls=10 264 
* 303120
+2 10
+1 40

fn=(2992)
34 70
+6 20
fi=(424)
+14 50
fe=(422)
-12 10
+8 40
cfi=(423)
cfn=(2990)
calls=10 264 
* 168040
+1 10
+1 60

fn=(2996)
55 80
+4 60
+13 80

fl=(341)
fn=(2694)
17 1
+1 1
+1 1
+1 1
+1 1
+1 1
+1 1
+1 1
+1 1
+1 1
+1 1
+1 1

fn=(2974)
168 10
+5 20
-5 60
+7 10
+1 10
+3 30
cfi=(338)
cfn=(2684)
calls=10 16 
* 50
* 40
cfi=(338)
cfn=(2684)
calls=10 16 
* 50
-2 80
+3 90
cfi=(417)
cfn=(2976)
calls=10 34 
* 577526430
+1 60

fn=(3048) row_to_object
63 90
+3 90
+1 90
+1 90
+1 90
-17 180
+6 80
+13 80
-19 160
+6 10
+15 10
-21 20
+2 10
+1 10
+1 10
-2 70
+1 70
+1 70
-2 10
+1 10
+1 10

fn=(3046) count_scene_rows
43 60
+1 60
+1 40
+1 40
+1 20
+1 20

fn=(3044)
184 110
+4 30
+2 40
cfn=(3046)
calls=10 43 
* 120
* 10
fi=(424)
54 90
cob=(4)
cfi=(177)
cfn=(2998)
calls=10 -54 
* 5040
fe=(341)
192 60
cfi=(423)
cfn=(2990)
calls=10 +72 
* 99420
+1 50
-41 10
cfn=(3046)
calls=10 43 
* 120
* 10
+2 20
-1 20
+2 20
+46 20
cfi=(441)
cfn=(3052)
calls=10 34 
* 23677370
* 10
98 630
+3 140
+2 20
fi=(424)
-49 810
cob=(4)
cfi=(177)
cfn=(2998)
calls=90 -54 
* 62160
* 90
fe=(341)
+87 540
cfi=(423)
cfn=(2990)
calls=90 264 
* 523800
+21 90
+1 90
-8 540
+2 180
+2 450
cfn=(3048)
calls=90 -96 
* 1260
+1 180
-32 90
+1 180
+3 200
+70 110

fn=(3174)
205 30
+6 15
+2 6
-2 6
+2 15
+14 33
-13 6

fl=(470)
fn=(3296)
26 2
+1 2
cfi=(205)
cfn=(3298)
calls=1 -27 
* 4
+1 2

ob=(2)
fl=(235) ./stdlib/./stdlib/getenv.c
fn=(886) getenv
24 189
+1 168
+3 21
cob=(4)
cfi=(177)
cfn=(784) 0x0000000004ac5500
calls=21 -28 
* 336
+1 21
-1 21
+1 3262
+2 1620
+1 60
cob=(4)
cfi=(177)
cfn=(888) 0x0000000004ac5600
calls=15 -32 
* 399
* 40
+1 5
+4 189

fl=(87)
fn=(292)
30 1
fi=(88) ./wcsmbs/../sysdeps/x86_64/multiarch/ifunc-wcslen.h
+11 2
-1 4
+2 3
+3 2
+4 3
+3 3
fe=(87)
-22 1

fl=(215) ./libio/./libio/fileops.c
fn=(3574) _IO_file_setbuf@@GLIBC_2.2.5
382 6
+1 1
cfi=(216) ./libio/./libio/genops.c
cfn=(3576) _IO_default_setbuf
calls=1 +69 
* 69
* 2
+3 1
+4 2
-2 3
+3 3

fn=(790) _IO_file_overflow@@GLIBC_2.2.5
732 392
+1 196
+7 243
+37 48
-2 96
+3 92
+3 138
+1 138
+1 184
+4 46
+1 276
-45 2
+12 2
+9 3
+5 3
+2 2
-5 1
+5 1
+1 1
-5 1
+1 1
+4 2
-7 1
+10 2
+13 3
-12 3
+1 3
+11 12
-12 3
cfn=(804) _IO_do_write@@GLIBC_2.2.5
calls=3 424 
* 215
+9 2
-1 1
+1 1
-1 1
cfn=(804)
calls=1 424 
* 105
* 2
-12 2
+1 2
-28 2
cfi=(216)
cfn=(792) _IO_doallocbuf
calls=1 343 
* 310
+1 1
+9 1
-9 5

fn=(812) _IO_file_write@@GLIBC_2.2.5
1174 24
+2 12
-1 6
+6 3
cfi=(220) ./io/../sysdeps/unix/sysv/linux/write.c
cfn=(814) write
calls=3 25 
* 24
+1 6
+5 3
+1 3
-12 6
+4 9
+1 6
+10 9
+3 18
-4 9

fn=(788) _IO_file_xsputn@@GLIBC_2.2.5
1198 21
+7 3
-7 6
+6 12
+9 6
-2 12
+17 3
+6 2
+2 4
+2 2
-4 2
+2 2
+2 2
-1 2
-1 2
cob=(4)
cfi=(177)
cfn=(868) 0x0000000004ac5430
calls=2 0 
* 32
+2 2
-2 2
+4 4
+28 27
-55 2
+4 2
-4 2
+1 4
-14 1
+44 1
fi=(219) ./libio/./libio/libioP.h
1025 3
+1 2
fe=(215)
1244 2
fi=(219)
1025 6
+1 4
fe=(215)
1244 9
cfn=(790)
calls=3 732 
* 639
* 6
+6 6
+1 15
+2 9
+11 6
+1 4
cfi=(216)
cfn=(806) _IO_default_xsputn
calls=1 371 
* 2643
+2 3
-48 6
-2 4
446 4
1221 2
+11 6
444 4

fn=(796) _IO_file_stat
1147 1
+1 2
cfi=(218) ./io/../sysdeps/unix/sysv/linux/fstat64.c
cfn=(798) fstat
calls=1 30 
* 6

fn=(804)
424 4
+2 12
+1 1
-3 9
fi=(219)
1025 3
fe=(215)
424 24
+20 3
-10 6
+7 12
fi=(219)
1025 6
+1 6
fe=(215)
449 12
cfn=(812)
calls=3 1174 
* 138
* 3
+1 9
+2 3
+4 6
-3 6
-1 6
+4 6
-30 6
+28 3
-28 6
+1 24
+28 6

fn=(822) _IO_file_sync@@GLIBC_2.2.5
793 98
+5 56
+2 14
+1 28
+11 28
+4 70

fl=(257) ./io/../sysdeps/unix/sysv/linux/fcntl64.c
fn=(1178) fcntl
38 24
+4 15
+6 12
+3 3
cfi=(258) ./io/../sysdeps/unix/sysv/linux/fcntl_nocancel.c
cfn=(1180) __fcntl64_nocancel_adjusted
calls=3 * 
* 54
+1 15

fl=(366) ./misc/../sysdeps/unix/syscall-template.S
fn=(2790) mprotect
117 455
+5 91

fn=(2964) munmap
117 400
+5 80

fn=(2948) madvise
117 600
+5 120

fl=(407) ./nptl/./nptl/nptl_deallocate_tsd.c
fn=(2928) __nptl_deallocate_tsd
23 120
+5 480
+82 120

fl=(98)
fn=(320)
29 6
fi=(99) ./string/../sysdeps/x86_64/multiarch/ifunc-memmove.h
+28 18
-1 12
+4 18
+14 12
+3 12
+8 12
+8 12
+3 30
fe=(98)

fl=(259) ./nptl/./nptl/pthread_cond_init.c
fn=(1190) pthread_cond_init@@GLIBC_2.3.2
27 7
fi=(201) ./nptl/../string/bits/string_fortified.h
+32 28
fe=(259)
-21 14
+9 7
+3 14

fl=(410) ./resolv/./resolv/res-close.c
fn=(2934) __res_thread_freeres
131 840
+1 120
cfi=(411) ./resolv/./resolv/resolv_context.c
cfn=(2936) __resolv_context_freeres
calls=120 242 
* 2640
+2 600
+8 720

fl=(126)
fn=(386)
31 1
fi=(114) ./string/../sysdeps/x86_64/multiarch/ifunc-strcasecmp.h
+6 2
-1 4
fe=(126)
-5 2
fi=(114)
+7 3
+3 2
+4 3
+3 4
fe=(126)

fl=(226) ./nptl/./nptl/pthread_rwlock_unlock.c
fn=(838) pthread_rwlock_unlock@@GLIBC_2.34
30 6
+1 1
+7 1
+1 1
-1 2
+6 5
fi=(224) ./nptl/./nptl/pthread_rwlock_common.c
221 2
535 1
-4 1
221 2
535 1
221 1
535 1
+3 1
-2 2
+2 2
+21 1
+2 8
+8 2
+13 2
fe=(226)

fl=(282) ./io/../sysdeps/unix/sysv/linux/read.c
fn=(2242) read
25 1
+1 6
+1 1

fl=(96)
fn=(316)
31 1
fi=(97) ./wcsmbs/../sysdeps/x86_64/multiarch/ifunc-wcs.h
+9 3
-1 4
+2 3
+3 2
+4 4
fe=(96)
-17 1

fl=(138)
fn=(428)
33 1
fi=(99)
+24 3
-1 2
+4 3
+14 2
+3 2
+8 2
+8 2
+3 5
fe=(138)

fl=(176) ./nptl/./nptl/pthread_mutex_conf.c
fn=(562) __pthread_tunables_init
55 2
+1 2
-1 2
+1 2
-1 4
+1 1
cob=(4)
cfi=(177)
cfn=(564) 0x0000000004ac5720
calls=1 -56 
* 26
+2 4
cob=(4)
cfi=(177)
cfn=(564)
calls=1 -58 
* 25
+2 4
cob=(4)
cfi=(177)
cfn=(564)
calls=1 -60 
* 26
+2 6

fl=(311) ./stdlib/./stdlib/qsort.c
fn=(2338) qsort
404 224
+1 448
cfn=(2340) qsort_r
calls=224 -61 
* 225400

fn=(2340)
344 2688
+1 1344
+9 224
-1 448
+43 448
+2 2464
-44 224
+3 224
-3 224
+3 224
-1 448
+25 896
-8 1120
+8 224
cfn=(2342) indirect_msort_with_tmp
calls=224 -81 
* 213976
* 224

fn=(2344) msort_with_tmp.part.0
196 1568
+8 224
-8 224
+8 224
+1 448
-9 224
+11 224
-11 448
+11 224
-11 224
+11 224
-6 896
cfn=(2345) msort_with_tmp.part.0'2
calls=224 -5 
* 44240
* 1568
cfn=(2345)
calls=224 -5 
* 62188
+11 448
+1 448
+1 448
+1 224
+1 224
-1 224
+1 896
+76 28
fi=(313) ./stdlib/../string/bits/string_fortified.h
29 56
fe=(311)
292 28
fi=(313)
29 28
cob=(4)
cfi=(177)
cfn=(860) 0x0000000004ac56b0
calls=28 -29 
* 420
fe=(311)
293 448
fi=(313)
29 224
fe=(311)
293 224
fi=(313)
29 448
fe=(311)
294 1568
fi=(313)
29 224
cob=(4)
cfi=(177)
cfn=(860)
calls=224 -29 
* 3024
fe=(311)
293 392
-87 448
+51 1120
cob=(14)
cfi=(312)
cfn=(2352)
calls=112 46 
* 952
cob=(14)
cfi=(312)
cfn=(2350)
calls=56 31 
* 560
cob=(14)
cfi=(312)
cfn=(2346)
calls=56 16 
* 476
* 3640
cob=(14)
cfi=(312)
cfn=(2352)
calls=364 46 
* 3472
cob=(14)
cfi=(312)
cfn=(2350)
calls=112 31 
* 1120
cob=(14)
cfi=(312)
cfn=(2346)
calls=252 16 
* 2352
* 1904
+8 308
+4 308
-3 308
+1 308
-12 644
+4 644
+10 644
-9 644
+1 644
-6 1484

fn=(2345)
196 7056
+8 1008
-8 1008
+8 1008
+1 2016
-9 1008
+11 1008
-11 2016
+11 1008
-11 1008
+11 1008
-6 2240
cfn=(2345)
calls=112 -5 
* 10836
* 4256
cfn=(2345)
calls=448 -5 
* 43568
+11 896
+1 896
+1 896
+1 448
+1 448
-1 448
+1 1792
+76 252
fi=(313)
29 504
fe=(311)
292 252
fi=(313)
29 252
cob=(4)
cfi=(177)
cfn=(860)
calls=252 -29 
* 3780
fe=(311)
293 2016
fi=(313)
29 1008
fe=(311)
293 1008
fi=(313)
29 2016
fe=(311)
294 7056
fi=(313)
29 1008
cob=(4)
cfi=(177)
cfn=(860)
calls=1008 -29 
* 14588
fe=(311)
293 1512
-81 560
+1 560
-1 560
+1 560
+1 1120
+1 560
+1 560
-1 560
+1 2240
+39 1120
-49 2016
+51 5040
cob=(14)
cfi=(312)
cfn=(2352)
calls=504 46 
* 4368
cob=(14)
cfi=(312)
cfn=(2350)
calls=252 31 
* 2520
cob=(14)
cfi=(312)
cfn=(2346)
calls=252 16 
* 2016
* 1400
cob=(14)
cfi=(312)
cfn=(2352)
calls=112 46 
* 1036
cob=(14)
cfi=(312)
cfn=(2350)
calls=84 31 
* 840
cob=(14)
cfi=(312)
cfn=(2346)
calls=84 16 
* 756
* 2576
+8 420
+4 420
-3 420
+1 420
-12 1092
+4 868
+10 868
-9 868
+1 868
-6 2492

fn=(2342)
300 2464
+3 224
-3 224
+3 224
-3 224
+3 224
+2 448
+2 5376
+2 224
-2 1792
+2 448
-2 2016
+2 112
+3 112
201 336
312 112
201 560
cfn=(2344)
calls=224 -5 
* 145152
307 672
+11 8736
+1 5824
fi=(313)
29 1008
cob=(4)
cfi=(177)
cfn=(860)
calls=252 -29 
* 6048
fe=(311)
321 252
+1 252
fi=(313)
29 252
fe=(311)
332 280
-5 1120
+1 280
fi=(313)
29 280
fe=(311)
327 560
fi=(313)
29 280
fe=(311)
327 280
fi=(313)
29 280
cob=(4)
cfi=(177)
cfn=(860)
calls=280 -29 
* 6720
fe=(311)
327 1008
+1 252
fi=(313)
29 252
fe=(311)
327 504
fi=(313)
29 252
fe=(311)
327 252
fi=(313)
29 252
cob=(4)
cfi=(177)
cfn=(860)
calls=252 -29 
* 6048
fe=(311)
332 532
-1 532
+1 532
+2 1064
+2 252
fi=(313)
29 756
cob=(4)
cfi=(177)
cfn=(860)
calls=252 -29 
* 6048
* 252
fe=(311)
339 1792

fl=(412) ./string/../sysdeps/unix/sysv/linux/tls-internal.c
fn=(2938) __glibc_tls_internal_free
24 600
+1 120
+1 240
cob=(4)
cfi=(177)
cfn=(2666) 0x0000000004ac53e0
calls=120 -26 
* 720
+1 120
+1 240
-1 120
cob=(4)
cfi=(177)
cfn=(2666)
calls=120 -27 
* 720

fl=(323) ./string/../sysdeps/x86_64/multiarch/memchr-avx2.S
fn=(2384) __memchr_avx2
61 1
+7 1
+2 1
+3 1
+1 1
+2 1
+1 1
+1 1
+1 1
+3 1
+1 1
+3 1
+1 1
+14 1
+5 1
+7 1
+1 1
+1 1
+1 1

fl=(113)
fn=(354)
31 2
fi=(114)
+6 4
-1 8
fe=(113)
-5 4
fi=(114)
+7 6
+3 4
+4 6
+3 8
fe=(113)

fl=(129)
fn=(402)
29 1
fi=(130) ./wcsmbs/../sysdeps/x86_64/multiarch/ifunc-memcmp.h
+5 5
+1 2
+1 2
+1 3
+3 2
+4 3
+3 4
fe=(129)
-18 2

fl=(137)
fn=(424)
31 1
fi=(97)
+9 3
-1 4
+2 3
+3 2
+4 4
fi=(490) ./wcsmbs/../sysdeps/x86_64/multiarch/wcpncpy.c
-17 1
fe=(137)

fl=(245) ./libio/./libio/vsnprintf.c
fn=(1046) __vsnprintf_internal
93 1350
fi=(491) ./libio/../include/printf_buffer.h
+31 270
fe=(245)
-31 540
fi=(491)
+31 270
fe=(245)
-31 1620
fi=(491)
+44 270
-13 270
+13 270
-10 270
+1 270
fe=(245)
-65 540
+3 270
+30 810
cfi=(228) ./stdio-common/./stdio-common/vfprintf-internal.c
cfn=(852) __printf_buffer
calls=270 600 
* 202721
-21 810
+1 270
+11 540
cfi=(234) ./stdio-common/./stdio-common/Xprintf_buffer_done.c
cfn=(872) __printf_buffer_done
calls=270 -62 
* 5130
+11 1620

fl=(426) ./stdio-common/./stdio-common/printf_fp.c
fn=(3006) __printf_fp_buffer_1.isra.0
138 1080
+21 60
+18 60
+10 60
-28 420
+62 120
1030 660
226 180
+4 420
+36 60
+5 60
-49 60
+44 240
+1 60
+1 120
+3 780
+1 60
-1 60
+1 180
-1 60
+1 120
-1 60
+1 480
+1 60
-1 120
+1 780
+6 60
-6 120
+7 120
+17 30
+4 120
-4 60
+16 60
+11 30
-41 30
+10 30
+31 30
-30 210
+33 90
+41 30
+1 30
-1 30
+1 90
fi=(436) ./stdio-common/../string/bits/string_fortified.h
29 30
cob=(4)
cfi=(177)
cfn=(860)
calls=30 -29 
* 390
fe=(426)
385 150
+18 20
-9 20
+2 40
-2 350
+2 700
-74 720
-4 360
+4 1470
-4 30
+4 120
+15 40
-13 80
+53 10
-2 60
cfi=(439) ./stdlib/./stdlib/mul.c
cfn=(3034) __mpn_mul
calls=10 48 
* 770
+5 20
+1 20
fi=(436)
29 40
fe=(426)
388 40
fi=(436)
29 20
cob=(4)
cfi=(177)
cfn=(860)
calls=20 -29 
* 260
fe=(426)
389 60
+1 60
+1 20
+3 20
-4 20
-1 20
+1 20
+1 60
+5 40
+1 60
+6 60
+4 20
+4 20
-4 20
+4 60
-4 250
+6 20
665 60
+9 60
-9 60
+9 60
+6 60
-15 60
+9 120
+6 60
-6 120
+2 120
+10 120
+52 102
+8 120
fi=(431) ./stdio-common/../sysdeps/pthread/allocalim.h
27 60
fe=(426)
746 60
fi=(431)
27 60
cfi=(430) ./nptl/./nptl/alloca_cutoff.c
cfn=(3012) __libc_alloca_cutoff
calls=60 * 
* 660
+2 120
fe=(426)
759 840
fi=(431)
29 60
fe=(426)
759 180
+4 60
-3 120
+3 138
+3 153
+7 306
+2 100
-4 50
+4 50
+14 100
-2 50
+1 250
+1 50
+1 100
-1 20
-2 10
+1 50
+1 10
+1 20
-1 80
+1 280
91 80
792 80
+2 80
91 160
+2 80
+2 160
-2 160
+8 60
+4 180
cfi=(438) ./stdlib/./stdlib/divrem.c
cfn=(3032) __mpn_divrem
calls=30 -59 
* 1210
+2 30
+4 30
-6 30
+2 90
+1 30
+2 60
+1 60
+1 40
-1 80
+7 10
+4 30
cfi=(432) ./stdlib/../sysdeps/x86_64/mul_1.S
cfn=(3018) __mpn_mul_1
calls=10 -91 
* 210
+1 20
+1 50
793 10
+1 20
-1 70
+1 140
+1 160
230 360
cfi=(428) ./stdlib/../sysdeps/ieee754/dbl-64/dbl2mpn.c
cfn=(3008) __mpn_extract_double
calls=60 33 
* 1331
* 240
+4 60
382 30
796 180
95 50
+1 150
-1 100
+1 50
cfi=(432)
cfn=(3018)
calls=50 -65 
* 1050
* 50
+31 150
805 309
+1 27
cfn=(3016) hack_digit
calls=9 88 
* 189
* 153
cfn=(3016)
calls=51 88 
* 3487
+2 120
-2 60
+2 300
+2 120
+3 60
+5 60
-8 60
+8 186
-9 9
fi=(433) ./stdio-common/../sysdeps/generic/get-rounding-mode.h
94 9
+1 36
-1 51
+1 384
fe=(426)
935 50
-11 180
+7 180
+1 18
+3 120
+45 300
+3 120
+8 120
-4 60
+4 60
+5 120
-9 220
+9 200
fi=(247) ./stdio-common/../include/printf_buffer.h
163 180
fe=(426)
999 220
+2 150
+5 120
fi=(247)
163 180
fe=(426)
1009 180
+13 240
cfi=(231) ./stdio-common/./stdio-common/Xprintf_buffer_write.c
cfn=(858) __printf_buffer_write
calls=60 27 
* 3340
+2 180
+4 180
117 20
+1 40
483 60
655 63
+4 42
cfi=(429) ./stdlib/../sysdeps/x86_64/lshift.S
cfn=(3010) __mpn_lshift
calls=21 28 
* 336
* 21
+1 105
+1 42
385 120
cfi=(435) ./stdlib/./stdlib/cmp.c
cfn=(3026) __mpn_cmp
calls=40 31 
* 480
* 80
+3 40
988 20
+6 30
+2 60
fi=(247)
148 30
+1 30
fe=(426)
1006 30
fi=(434) ./stdio-common/../include/rounding-mode.h
52 140
fe=(426)
835 10
-5 20
+5 80
+2 10
-2 50
+3 20
+2 60
+1 30
+1 20
+82 30
-69 20
-89 153
-35 45
858 30
+3 70
+1 10
-1 70
+3 30
+2 10
+69 20
688 120
+1 120
+3 180
+2 51
+2 102
+42 102
994 200
+2 100
308 30
-2 30
+2 30
-3 30
+3 120
-3 60
cfi=(429)
cfn=(3010)
calls=30 28 
* 480
+4 60
-4 30
+4 210
+1 60
+1 252
766 153
+3 102
cfn=(3016)
calls=51 88 
* 3587
* 60
cfn=(3016)
calls=30 88 
* 3240
* 81
-3 294
+8 3
-3 3
+10 9
+2 9
669 18
782 9
-1 9
+2 27
+27 30
407 10
+6 20
+86 27
cfi=(429)
cfn=(3010)
calls=9 28 
* 144
+1 45
+1 18
+3 9
-8 9
+7 9
+1 9
-18 9
+18 18
+2 9
+21 18
+4 9
-4 27
+4 9
-4 9
+5 9
-1 18
+1 9
+1 18
-2 9
+2 9
-2 9
+2 9
+2 18
+5 36
+22 27
+61 108
-2 108
+2 414
509 108
+2 216
+7 9
+1 18
-1 9
+2 9
-2 9
+4 9
-4 18
+6 36
cfi=(439)
cfn=(3034)
calls=9 48 
* 693
* 9
+52 14
+3 27
+34 27
cfi=(437) ./stdlib/../sysdeps/x86_64/rshift.S
cfn=(3030) __mpn_rshift
calls=9 28 
* 162
+3 27
+7 18
-53 9
+1 27
-1 9
+1 9
+4 25
+72 27
+54 18
-12 27
1003 100
625 18
+4 5
cfi=(432)
cfn=(3018)
calls=1 31 
* 33
+1 1
+1 1
-1 1
+1 2
+3 1
-1 1
+1 1
-1 1
+3 1
-2 4
+9 1
+1 1
-1 1
+2 2
439 20
+3 130
+16 30
+2 10
-2 10
cfi=(437)
cfn=(3030)
calls=10 28 
* 180
+3 20
-1 10
+1 10
-1 10
+1 30
cfi=(437)
cfn=(3030)
calls=10 28 
* 180
+2 60
+14 40
-4 10
-21 20
+19 10
-1 30
+1 10
-1 30
cfi=(437)
cfn=(3030)
calls=10 28 
* 180
+4 30
-1 10
+1 30
cfi=(437)
cfn=(3030)
calls=10 28 
* 180
+3 10
+1 50
845 10
+10 10
-10 10
430 10
+4 10
-5 10
+5 60
694 408
-52 1
cfi=(437)
cfn=(3030)
calls=1 28 
* 18
+3 2
-65 18
+7 27
+3 36

fn=(3016)
88 564
+3 141
-3 141
+3 300
+2 132
+2 264
-2 264
+8 140
+21 120
cfi=(432)
cfn=(3018)
calls=40 -91 
* 840
+1 80
+1 200
+4 200
-23 420
cfi=(438)
cfn=(3032)
calls=70 -59 
* 3090
+2 70
-2 70
+2 210
+3 70
-2 70
+2 70
+1 280
+1 60
-1 170
+11 40
-4 80
-23 62
+1 186
-1 62
+1 62
cfi=(432)
cfn=(3018)
calls=62 -65 
* 1302
+31 62
-31 62
+32 310
-37 54
+37 45
-10 30
-1 30
+11 150

fn=(3002) __printf_fp_l_buffer
1099 720
+3 60
-3 420
+3 120
+13 120
+2 60
-2 60
cob=(4)
cfi=(177)
cfn=(784)
calls=60 0 
* 960
* 120
+1 300
+31 660
-30 120
fi=(427) ./stdio-common/../include/../locale/localeinfo.h
331 120
fe=(426)
1111 60
fi=(427)
331 60
fe=(426)
1112 120
+10 420
cfn=(3006)
calls=60 138 
* 56399
+4 60

fl=(173) ./ctype/./ctype/ctype-info.c
fn=(556) __ctype_init
29 128
+2 896
+2 512
+2 512
+1 128

fl=(246) ./stdio-common/./stdio-common/_itoa.c
fn=(1048) _itoa_word
169 229
+3 916
+2 458
+9 14332
+9 458

fl=(258)
fn=(1180)
51 21
+1 6
+11 12
+1 15

fl=(439)
fn=(3034)
48 323
+6 38
+12 38
+76 209
-71 19
+1 38
+69 19
-60 38
cfi=(432)
cfn=(3018)
calls=19 -50 
* 627
* 38
+2 19
+1 19
+4 38

fl=(183) ./string/../sysdeps/x86_64/multiarch/strrchr-avx2.S
fn=(604) __strrchr_avx2
53 5
+1 5
+1 5
+2 5
+1 5
+4 5
+1 5
+1 5
+3 5
+2 5
+1 5
+1 5
+1 5
+3 5
+1 5
+2 5
+1 5
+1 5
+1 3
+1 3
+9 10

fl=(325) ./io/../sysdeps/unix/sysv/linux/close_nocancel.c
fn=(2388) __close_nocancel
25 2
+1 8
+1 2

fl=(363) ./misc/../sysdeps/unix/sysv/linux/getpagesize.c
fn=(2784) getpagesize
27 247
+1 988
+2 247

fl=(228)
fn=(852)
600 3264
fi=(425) ./stdio-common/./stdio-common/printf-parse.h
82 272
fe=(228)
600 544
fi=(425)
82 272
fe=(228)
600 272
+27 816
+11 272
-11 272
+11 272
-11 272
+11 544
fi=(425)
82 272
cob=(4)
cfi=(177)
cfn=(854) 0x0000000004ac5590
calls=272 -82 
* 5712
fe=(228)
653 544
+1 272
fi=(425)
82 544
fe=(228)
654 272
-1 272
cfi=(231)
cfn=(858)
calls=272 27 
* 10748
+2 816
+4 544
+4 2176
-32 272
973 272
642 272
973 544
634 272
+71 1576
1044 2992
705 788
-13 394
+7 394
+6 788
-14 394
-4 394
+18 394
-10 394
+10 394
-7 394
-4 394
+11 788
-19 394
-1 394
+20 394
-12 394
-9 394
-1 394
+22 394
-15 788
891 120
+82 120
+3 2040
+20 660
+1 60
263 60
+1 60
997 60
744 60
264 120
744 60
263 120
1024 394
fi=(425)
82 394
fe=(228)
1018 394
fi=(425)
82 788
cob=(4)
cfi=(177)
cfn=(854)
calls=394 -82 
* 8274
fe=(228)
1028 788
+1 394
fi=(425)
82 394
fe=(228)
1029 394
-1 394
cfi=(231)
cfn=(858)
calls=394 27 
* 12782
+3 1154
fi=(233) ./stdio-common/./stdio-common/vfprintf-process-arg.c
501 420
cfi=(231)
cfn=(858)
calls=105 27 
* 5719
+1 105
-11 105
-88 835
+19 208
-14 208
-5 1
+19 2
-14 2
+47 315
fe=(228)
709 60
814 60
-1 60
+1 120
+26 180
+15 780
fi=(233)
422 420
+8 210
fe=(228)
784 127
fi=(233)
126 254
+75 127
92 127
+1 127
+1 127
201 254
-65 458
+19 2977
cfi=(246)
cfn=(1048)
calls=229 +14 
* 16393
+11 458
-11 458
+11 916
-5 1832
+25 1081
+1 32
+14 64
-4 96
+4 394
-4 591
+2 687
+2 458
+7 229
-2 458
+2 687
+3 458
+13 458
fi=(247)
-61 458
fi=(233)
+70 458
+3 458
128 254
+8 229
+2 458
fe=(228)
883 127
fi=(233)
66 127
+1 229
-18 102
-1 204
201 306
58 204
-23 102
+22 204
161 229
+9 458
+17 229
+8 229
-8 229
+12 229
-12 229
+8 916
-8 1182
+53 916
cfi=(231)
cfn=(858)
calls=229 27 
* 12697
* 229
130 254
+1 1016
fe=(228)
266 60
cfi=(426)
cfn=(3002)
calls=60 1099 
* 60959
1001 60
fi=(247)
163 458
fi=(233)
403 4
50 204
+2 204
+1 452
435 210
cob=(4)
cfi=(177)
cfn=(784)
calls=105 0 
* 1680
* 210
fi=(425)
55 60
+10 120
-10 300
fi=(233)
-2 364
fe=(228)

fn=(846) __vfprintf_internal
1522 26
+3 10
+4 10
+11 4
+27 22
-42 4
+18 8
cfi=(229) ./stdio-common/./stdio-common/printf_buffer_to_file.c
cfn=(848) __printf_buffer_to_file_init
calls=2 108 
* 48
+1 10
cfn=(852)
calls=2 600 
* 708
+1 4
cfi=(229)
cfn=(866) __printf_buffer_to_file_done
calls=2 117 
* 614
* 2

fl=(326) ./sysvipc/../sysdeps/unix/sysv/linux/shmget.c
fn=(2600) shmget
28 3
+2 15
+4 3

fl=(369) ./misc/../sysdeps/unix/sysv/linux/clone-internal.c
fn=(2804) __clone_internal
97 1524
+2 254
-19 381
+2 4
cfi=(370) ./misc/../sysdeps/unix/sysv/linux/x86_64/clone3.S
cfn=(2806) clone3
calls=1 -40 
* 16
+1 4
+3 1
+20 1
-42 1
-11 1
+11 1
-2 1
-9 1
+11 2
-2 1
+2 4
cfi=(371) ./misc/../sysdeps/unix/sysv/linux/x86_64/clone.S
cfn=(2808) clone
calls=1 -12 
* 19
+42 126
-42 126
-11 126
+11 126
-2 126
-9 126
+11 252
-2 126
+2 504
cfi=(371)
cfn=(2808)
calls=126 -12 
* 2394
+45 254
+1 1016

fl=(476) ./stdlib/./stdlib/cxa_finalize.c
fn=(3362) __cxa_finalize
30 22
+3 22
-3 88
+3 55
+3 44
+4 77
-4 33
+57 44
+4 66
-4 33
+12 22
cfi=(477) ./posix/./posix/register-atfork.c
cfn=(3364) __unregister_atfork
calls=11 -23 
* 220
+1 44
+1 88

fl=(232) ./string/../sysdeps/x86_64/multiarch/memmove-vec-unaligned-erms.S
fn=(862) __memcpy_avx_unaligned_erms
255 4108
+1 4108
+6 4108
+1 4108
+2 1983
+1 1983
+1 1983
+3 604
+1 604
+1 604
+3 1208
+30 2125
+1 2125
+2 1594
+1 1594
+2 597
+4 597
+1 298
+1 298
+1 254
+1 254
+1 51
+1 51
+2 51
+2 51
-2 203
+2 247
+6 299
+1 299
+1 299
+1 299
+1 299
+7 531
+1 531
+1 531
+1 531
+2 531
+17 997
+1 997
+1 997
+1 997
+1 997
+7 1046
+1 1046
+1 1046
+1 1046
+1 1046
+1 1046
+1 2092
+5 1379
+1 1379
+5 1369
+1 1369
+2 1064
+1 1064
+1 1064
+2 18
+1 18
+1 18
+1 18
+1 18
+1 18
+1 18
+1 18
+1 18
+1 18
+1 18
+1 18
+1 18
+1 18
+1 36
+4 305
+1 305
+4 305
+2 305
+4 305
+1 305
+11 305
+3 305
+2 305
+2 305
+4 305
+1 305
+9 305
+1 305
+2 305
+2 305
+1 305
+1 305
+3 305
+2 305
+2 305
+2 610
+6 305
+1 305
+1 305
+1 305
+1 305
+1 305
+1 305
+1 305
+1 305
+1 305
+1 305
+1 305
-11 3815
+1 3815
+1 3815
+1 3815
+1 3815
+1 3815
+1 3815
+1 3815
+1 3815
+1 3815
+1 3815
+1 3815
+2 305
+1 305
+1 305
+1 305
+2 305
+4 610
+96 10
+1 10
+4 10
+2 10
+3 10
+4 10
+1 10
+68 10
+1 10
+1 10
+5 10
+1 10
+1 10
+7 10
+6 10
+2 10
+8 10
+1 10
+2 10
+2 10
+2 10
+2 10
+8 10
+1 10
+1 10
+1 10
+5 10
+1 10
+1 10
+3 10
+2 20
+5 10
+2 20
+1 20
+1 20
+1 20
+2 40
+1 40
+1 10
+2 40
+1 40
+1 10
+1 10
+1 10
-15 17980
+2 35960
+1 35960
+1 35960
+1 35960
+2 71920
+1 71920
+1 17980
+2 71920
+1 71920
+1 17980
+1 17980
+1 17980
-13 1115380
+1 1115380
+1 1115380
+1 1115380
+2 2230760
+1 2230760
+1 557690
+2 2230760
+1 2230760
+1 557690
+1 557690
+1 557690
+1 17990
+1 17990
+1 17990
+1 17990
+1 10
+3 10
+1 10
+5 1260
+1 1260
+1 630
+1 630
+1 630
+1 630
+1 630
+1 630
+1 630
+1 630
+1 630
+1 630
+1 630
+1 630
+1 630
+4 10
+1 10
+1 10
+1 10
+2 10
+1 10
+1 10
+1 10
+1 20

fn=(932) __memcpy_chk_avx_unaligned_erms
249 7
+1 7
+1 35
+4 7
+1 7
+6 7
+1 7
+42 7
+1 7
+2 5
+1 5
+2 3
+4 3
+1 3
+1 3
+1 1
+1 1
+1 1
+1 1
+2 1
+2 3
+17 2
+1 2
+1 2
+1 2
+2 2
+17 2
+1 2
+1 2
+1 2
+1 2

fn=(870) __mempcpy_avx_unaligned_erms
242 2
+1 2
+1 2
+1 2
+17 2
+1 2
+2 2
+1 2
+1 2
+3 2
+1 2
+1 2
+3 4

fl=(200) ./nptl/./nptl/pthread_mutex_init.c
fn=(712) pthread_mutex_init@@GLIBC_2.2.5
53 96
+12 16
+40 48
+31 32
+4 8
+9 8
+2 8
+1 80
fi=(201)
-93 16
fe=(200)
+33 16
fi=(201)
-33 8
fe=(200)
+6 8
fi=(201)
-6 16
fe=(200)

fl=(194) ./malloc/./malloc/arena.c
fn=(2942) __malloc_arena_thread_freeres
893 1080
fi=(193)
3213 120
+2 120
-2 120
+2 120
+2 240
fe=(194)
899 240
+1 120
+2 240
+13 960

fn=(688) ptmalloc_init.part.0
262 1
fi=(195) ./malloc/../sysdeps/unix/sysv/linux/not-cancel.h
97 3
fe=(194)
262 7
+5 1
fi=(195)
97 3
fi=(193)
3143 2
fe=(194)
292 2
+4 3
fi=(193)
1946 4
+3 1
-3 1
+3 2
-3 2
+3 126
-3 126
+3 252
-3 252
+11 1
fe=(194)
300 3
fi=(193)
1958 1
+2 1
fe=(194)
300 1
cob=(4)
cfi=(177)
cfn=(564)
calls=1 0 
* 25
+1 4
cob=(4)
cfi=(177)
cfn=(564)
calls=1 0 
* 26
+1 4
cob=(4)
cfi=(177)
cfn=(564)
calls=1 0 
* 25
+1 4
cob=(4)
cfi=(177)
cfn=(564)
calls=1 0 
* 25
+1 4
cob=(4)
cfi=(177)
cfn=(564)
calls=1 0 
* 26
+1 4
cob=(4)
cfi=(177)
cfn=(564)
calls=1 0 
* 25
+1 4
cob=(4)
cfi=(177)
cfn=(564)
calls=1 0 
* 25
+2 4
cob=(4)
cfi=(177)
cfn=(564)
calls=1 0 
* 25
+1 4
cob=(4)
cfi=(177)
cfn=(564)
calls=1 0 
* 25
+1 4
cob=(4)
cfi=(177)
cfn=(564)
calls=1 0 
* 25
+3 4
cob=(4)
cfi=(177)
cfn=(564)
calls=1 0 
* 25
+1 4
cob=(4)
cfi=(177)
cfn=(564)
calls=1 0 
* 25
+2 2
+10 8

fl=(91)
fn=(300)
29 2
fi=(88)
+12 4
-1 8
+2 6
+3 4
+4 6
+3 6
fe=(91)
-23 2

fl=(221) ./libio/./libio/iofflush.c
fn=(820) fflush
32 13
+1 26
-1 65
+7 26
+1 13
fi=(219)
1025 39
+1 26
fe=(221)
40 26
cfi=(215)
cfn=(822)
calls=13 793 
* 273
* 26
fi=(219)
979 26
+1 64
fe=(221)
44 65
-5 161
fi=(219)
980 60
fe=(221)
39 9

fl=(373) ./nptl/./nptl/pthread_attr_destroy.c
fn=(2812) pthread_attr_destroy
26 127
+10 381
+8 254

fl=(250) ./socket/../sysdeps/unix/sysv/linux/connect.c
fn=(1074) connect
24 2
+2 12
+4 1
-4 5

fl=(367) ./nptl/./nptl/nptl-stack.c
fn=(2796) __nptl_stack_list_add
43 127
+1 508
fi=(492) ./nptl/../include/list.h
-1 635
+2 127
+2 127
fe=(367)
+5 127
+1 127

fn=(2958) __nptl_free_stacks
58 800
+7 480
+5 240
-41 80
fi=(492)
+26 240
+1 80
fe=(367)
+23 80
-3 80
-7 80
+7 80
-39 80
+39 80
+3 80
cob=(4)
cfi=(177)
cfn=(2960) 0x0000000004ac5550
calls=80 -79 
* 31645
+4 240
cfi=(366)
cfn=(2964)
calls=80 +34 
* 480
* 160
+4 160
+4 640

fn=(2956) __nptl_deallocate_stack
112 240
+1 240
-1 480
+1 360
+4 120
-88 120
fi=(492)
+26 360
+1 120
fe=(367)
+67 120
-86 120
+86 120
-79 360
fi=(492)
-1 120
+1 240
-1 120
+2 120
+2 120
fe=(367)
+58 120
-1 120
-52 120
+52 240
+1 240
+24 480
+1 480
-23 80
cfn=(2958)
calls=80 -49 
* 35805
* 80

fn=(3242) __nptl_stack_list_del
28 36
+1 72
fi=(492)
+26 108
+1 36
fe=(367)
-19 36
+1 36

fl=(131)
fn=(406)
29 1
fi=(93) ./debug/../sysdeps/x86_64/multiarch/ifunc-memmove.h
+28 3
-1 2
+4 3
+14 2
+3 2
+8 2
+8 2
+3 5
fe=(131)

fl=(249) ./socket/../sysdeps/unix/syscall-template.S
fn=(1064) socket
120 10
+2 2

fn=(1104) getpeername
120 5
+2 1

fl=(211) ./setjmp/./setjmp/sigjmp.c
fn=(776) __sigjmp_save
28 768
+2 256
-1 128
+5 512

fl=(411)
fn=(2936)
242 1080
+2 240
+1 120
+1 240
+6 960

fl=(178) ./nptl/../sysdeps/unix/sysv/linux/x86/elision-conf.c
fn=(566) __lll_elision_init
92 2
+4 1
-4 2
+4 2
-4 1
+4 1
-4 3
+4 1
cob=(4)
cfi=(177)
cfn=(564)
calls=1 -96 
* 26
+2 4
cob=(4)
cfi=(177)
cfn=(564)
calls=1 -98 
* 26
+2 4
cob=(4)
cfi=(177)
cfn=(564)
calls=1 0 
* 26
+2 4
cob=(4)
cfi=(177)
cfn=(564)
calls=1 0 
* 26
+2 4
cob=(4)
cfi=(177)
cfn=(564)
calls=1 0 
* 26
+3 3
+1 1
+1 6

fl=(362) ./nptl/./nptl/allocatestack.c
fn=(2816) name_stack_maps
587 1482
+2 247
+4 247
-4 988
+4 247
+2 494
+5 127
+1 127
-2 127
+2 254
-1 127
+3 381
cfi=(374) ./stdio-common/./stdio-common/snprintf.c
cfn=(2818) snprintf
calls=127 26 
* 73406
* 508
cfi=(375) ./misc/../sysdeps/unix/sysv/linux/setvmaname.c
cfn=(2820) __set_vma_name
calls=127 33 
* 2705
+2 1143
-2 381
-7 360
+9 120
-9 360
+9 480
-9 120
cfi=(375)
cfn=(2820)
calls=120 33 
* 2520

fl=(119)
fn=(366)
31 1
fi=(114)
+6 2
-1 4
fe=(119)
-5 2
fi=(114)
+7 3
+3 2
+4 3
+3 4
fe=(119)

fl=(112)
fn=(352)
67 3
-23 6
-1 12
+24 6
-22 9
+3 6
+4 9
+3 12

fl=(365) ./misc/../sysdeps/unix/sysv/linux/mmap64.c
fn=(2788) mmap
47 91
+3 182
-3 546
+6 182
+5 546
+2 364
-7 455

fl=(374)
fn=(2818)
26 1524
+4 127
+1 254
-1 635
+1 127
cfi=(245)
cfn=(1046)
calls=127 +62 
* 70104
+4 635

fl=(121)
fn=(374)
29 2
fi=(122) ./string/../sysdeps/x86_64/multiarch/ifunc-memcmp.h
+5 10
+1 4
+1 4
+1 6
+3 4
+4 6
+3 8
fe=(121)
-18 4

fl=(174) ./resource/../sysdeps/unix/sysv/linux/getrlimit64.c
fn=(558) getrlimit
38 2
+1 7
+1 1

fl=(248) ./debug/./debug/strcpy_chk.c
fn=(1056) __strcpy_chk
27 28
+1 4
-1 12
+1 4
cob=(4)
cfi=(177)
cfn=(784)
calls=4 -28 
* 64
+1 8
+4 4
-1 12
+1 16
-1 4
cob=(4)
cfi=(177)
cfn=(860)
calls=4 -32 
* 54

fl=(414) ./nptl/./nptl/nptl_free_tcb.c
fn=(2954) __nptl_free_tcb
25 120
+2 240
-2 600
+6 360
+11 120
+2 240
-2 120
cfi=(367)
cfn=(2956)
calls=120 +70 
* 41245

fl=(81)
fn=(280)
86 1
fi=(82) ./string/../sysdeps/x86/cacheinfo.h
-27 1
+3 3
+2 1
+1 1
-1 2
+7 3
+2 1
+1 1
-1 2
+5 2
+2 2
+1 2
+1 2
+2 2
+2 2
fe=(81)

fl=(268) ./nptl/./nptl/pthread_cond_destroy.c
fn=(1668) pthread_cond_destroy@@GLIBC_2.3.2
42 48
+1 48
+6 336
+1 48
+1 48
fi=(403) ./nptl/../sysdeps/nptl/futex-internal.h
+95 192
fe=(268)
-95 144
+8 96

fl=(172)
fn=(554)
33 9
+2 1
cfi=(173)
cfn=(556)
calls=1 -6 
* 17
+3 1
fi=(175) ./elf/../sysdeps/nptl/pthread_early_init.h
-5 2
fe=(172)
+8 1
-3 1
+3 1
fi=(175)
-8 1
cfi=(174)
cfn=(558)
calls=1 +5 
* 10
* 3
+1 1
+4 5
+7 1
fi=(493) ./elf/../nptl/nptl-stack.h
+16 3
fi=(175)
-16 1
fi=(493)
+16 2
fi=(175)
-7 1
fi=(493)
+7 3
fi=(175)
-9 1
-6 1
+2 2
+4 4
+1 1
+3 1
cfi=(176)
cfn=(562)
calls=1 -1 
* 104
fe=(172)
-9 3
+2 2
-2 1
cfi=(178)
cfn=(566)
calls=1 +45 
* 169

fl=(181)
fn=(598)
46 6
+5 2
+4 5
+8 1
-2 1
+10 1
-9 1
+1 1
+9 3
-1 1
cfi=(182) ./misc/./misc/init-misc.c
cfn=(600) __init_misc
calls=1 -41 
* 50

fl=(184)
fn=(606)
545 1
+1 4
+1 3
+1 3
+2 1

fl=(210) ./setjmp/../sysdeps/x86_64/setjmp.S
fn=(774) __sigsetjmp
31 128
+2 128
+9 128
+1 256
+1 128
+4 128
+1 128
+1 128
+1 128
+1 128
+2 256
+2 128
+1 128
+1 128
+2 256
+2 128
+5 128
+1 128
+17 128
cfi=(211)
cfn=(776)
calls=128 -57 
* 1664

fl=(354) ./time/../sysdeps/unix/sysv/linux/clock_gettime.c
fn=(2760) clock_gettime@@GLIBC_2.17
30 20
+8 40
+2 40
+28 40
+1 40
-25 40

fl=(236)
fn=(900)
77 1512
+3 4536
+2 1512
+2 3024
-7 6048
+11 3024
+2 4152
-46 1384
+1 5536
+3 4364
+46 4152
+85 1512
+3 1512
+2 1512
+3 1512
-63 1512
+66 4536
45 879
+1 586
+51 256
+11 512
+4 128
+3 256
-71 128
+1 512
+85 384
+1 256
-83 512

fl=(252) ./csu/./csu/errno-loc.c
fn=(1086) __errno_location
25 71
+1 142
+1 71

fl=(242) ./stdlib/../stdlib/strtol.c
fn=(980) __isoc23_strtoul
125 4
+1 20
cfi=(243) ./stdlib/../stdlib/strtol_l.c
cfn=(982) ____strtoul_l_internal
calls=4 238 
* 470

fl=(85)
fn=(288)
29 1
fi=(494) ./string/../sysdeps/x86_64/multiarch/ifunc-sse4_2.h
+7 5
fe=(85)
-7 1

fl=(238) ./string/../sysdeps/x86_64/multiarch/memset-vec-unaligned-erms.S
fn=(1440) __memset_chk_avx2_unaligned_erms
152 1
+1 1
+1 5
+4 1
+1 2
+5 1
+1 1
+1 1
+1 1
+1 1
+2 1
+1 1
+1 2

fn=(920) __memset_avx2_unaligned_erms
158 161
+1 322
+5 161
+1 161
+1 161
+1 161
+1 161
+13 9
+1 9
+2 18
+53 161
+1 161
+6 154
+1 154
+12 154
+3 154
+1 154
+12 145
+1 145
+13 145
+1 145
+2 145
+3 133
+3 133
+3 133
+1 133
+1 133
+1 133
+1 133
+1 133
+1 133
-6 16
+1 16
+1 16
+1 16
+1 16
+1 16
+1 149
+3 133
+1 133
+1 133
+1 133
+3 266
-6 12
+1 12
+1 12
+1 12
+3 24
+11 7
+1 7
+1 7
+1 135223
+1 7
+1 14

fl=(196) ./malloc/./malloc/morecore.c
fn=(698) __glibc_morecore
25 4
+1 8
-1 8
+4 4
cfi=(197) ./misc/./misc/sbrk.c
cfn=(700) sbrk
calls=4 +8 
* 155
+1 8
+4 8

fl=(480) ./posix/../sysdeps/unix/sysv/linux/_exit.c
fn=(3578) _Exit
27 2
+3 2

fl=(251) ./io/../sysdeps/unix/sysv/linux/close.c
fn=(1080) close
26 3
+1 18
+1 3

fl=(269) ./nptl/./nptl/pthread_self.c
fn=(1900) pthread_self
23 18
+2 36

fl=(430)
fn=(3012)
27 60
+1 540
+7 60

fl=(207) ./stdlib/./stdlib/cxa_atexit.c
fn=(752) __cxa_atexit
67 14
-26 4
+2 16
+1 4
cfn=(754) __new_exitfn
calls=2 +36 
* 70
+2 4
+8 2
-2 2
+3 2
+1 2
-4 4
+1 2
+4 8
+1 2
+11 12

fn=(754)
80 2
+6 4
-6 8
+11 4
-10 2
+10 8
+2 4
+1 5
-1 4
-2 1
+10 1
-10 3
+13 2
+25 1
+1 2
-1 2
+7 1
+5 3
-4 1
+4 2
-5 1
+5 3
-4 1
+4 2
-18 1
-1 1
+12 1

fl=(182)
fn=(600)
30 1
+1 2
-1 4
+1 4
+2 3
cob=(4)
cfi=(177)
cfn=(602) 0x0000000004ac5660
calls=1 -33 
* 24
+4 5
+1 3
+2 4

fl=(438)
fn=(3032)
46 1400
+3 200
234 900
62 100
+1 100
-16 100
+18 200
+7 480
+1 60
-1 120
+1 120
-1 120
+4 200
+3 100
+2 100

fl=(103)
fn=(330)
65 2
-22 4
+1 2
-2 8
+2 4
+3 4
+4 6
+3 6
+11 2

fl=(261) ./misc/../sysdeps/unix/sysv/linux/writev.c
fn=(1244) writev
25 42
+1 172
+1 22
-2 120
+1 20
cfi=(404) ./nptl/./nptl/cancellation.c
cfn=(2922) __pthread_enable_asynccancel
calls=20 +5 
* 360
* 220
cfi=(404)
cfn=(2950) __pthread_disable_asynccancel
calls=20 +37 
* 300
* 20
+1 40

fl=(89)
fn=(296)
29 3
fi=(90) ./string/../sysdeps/x86_64/multiarch/ifunc-memset.h
+25 15
+3 9
+7 6
+9 6
+2 6
+10 6
+8 6
+3 15
fe=(89)

fl=(104)
fn=(332)
29 4
fi=(105) ./debug/../sysdeps/x86_64/multiarch/ifunc-memset.h
+25 20
+3 12
+7 8
+9 8
+2 8
+10 8
+8 8
+3 20
fe=(104)

fl=(132)
fn=(410)
33 1
fi=(118) ./string/../sysdeps/x86_64/multiarch/ifunc-strcpy.h
+5 2
+1 1
-1 2
+1 2
+3 2
+4 3
+3 3
fe=(132)
-16 1

fl=(197)
fn=(700)
37 32
+3 4
+3 4
-3 4
+3 4
+35 7
-20 8
+4 8
+4 12
+8 3
cfi=(198) ./misc/../sysdeps/unix/sysv/linux/brk.c
cfn=(702) brk
calls=3 -38 
* 27
* 6
+4 21
-19 2
cfi=(198)
cfn=(702)
calls=1 -23 
* 9
* 2
+4 2

fl=(460) ./nptl/./nptl/sem_init.c
fn=(3240) sem_init@@GLIBC_2.34
28 14
+4 28
+18 28
+9 70
+2 14
+1 14

fl=(123)
fn=(378)
31 2
fi=(124) ./wcsmbs/../sysdeps/x86_64/multiarch/ifunc-wmemset.h
+5 10
+1 6
fe=(123)
-6 2

fl=(243)
fn=(982)
238 20
+54 4
-54 4
+19 4
-19 16
+14 4
-14 12
+26 8
+31 16
+9 24
+2 8
+5 8
-1 4
+6 8
+4 8
+15 2
+10 16
-87 4
390 12
+1 12
+4 4
+56 20
+26 4
+1 4
-84 4
-1 4
+96 8
-5 10
+5 5
+1 15
-41 10
+2 20
+2 21
+7 4
+17 4
+4 15
+3 10
+11 8
+5 12
+1 4
+12 8
+11 20
+22 36
327 6
+15 8
-20 6
+5 6

fl=(244) ./debug/./debug/snprintf_chk.c
fn=(1044) __snprintf_chk
27 1617
+1 60
-1 339
+1 226
+9 143
+1 143
-1 572
-4 286
+4 143
-4 143
+5 286
cfi=(245)
cfn=(1046)
calls=143 +55 
* 148007
+4 715

fl=(321) ./io/../sysdeps/unix/sysv/linux/open64_nocancel.c
fn=(2378) __open_nocancel
28 4
+3 2
-3 12
+3 12
+8 14
+2 10

fl=(437)
fn=(3030)
28 50
+1 50
+1 50
+1 50
+13 50
+1 50
+16 50
+1 50
+1 50
+1 50
+1 50
+1 50
+1 50
+5 50
+1 50
+1 50
+1 50
+1 50

fl=(208) ./csu/../sysdeps/nptl/libc_start_call_main.h
fn=(770) (below main)
29 4
+15 1
-15 5
+15 1
cfi=(209) ./setjmp/../sysdeps/x86_64/bsd-_setjmp.S
cfn=(772) _setjmp
calls=1 -16 
* 38
* 1
+2 2
+5 2
+1 2
+3 2
+3 6
cob=(14)
cfi=(212)
cfn=(778)
calls=1 +34 
* 683795360
+16 2
cfi=(473) ./stdlib/./stdlib/exit.c
cfn=(3342) exit
calls=1 +63 
* 4350

fl=(120)
fn=(370)
31 1
fi=(84) ./string/../sysdeps/x86_64/multiarch/ifunc-avx2.h
+9 3
-2 4
fe=(120)
-7 2
fi=(84)
+10 2
+1 3
+3 2
+4 3
+3 5
fe=(120)

fl=(333) ./dirent/../sysdeps/unix/sysv/linux/getdents64.c
fn=(2658) __getdents
27 2
+3 6
+2 8
+1 2

fl=(461) ./nptl/./nptl/sem_wait.c
fn=(3250) sem_wait@@GLIBC_2.34
25 2310
+12 385
cfi=(462) ./nptl/./nptl/pthread_testcancel.c
cfn=(3252) pthread_testcancel@@GLIBC_2.34
calls=385 -13 
* 2695
fi=(463) ./nptl/./nptl/sem_waitcommon.c
+99 385
+3 770
+2 498
fe=(461)
-97 664
-2 219
+2 438
-2 219
cfi=(463)
cfn=(3256) __new_sem_wait_slow64.constprop.0
calls=219 164 
* 33166

fl=(223) ./nptl/./nptl/pthread_rwlock_wrlock.c
fn=(830) pthread_rwlock_wrlock@@GLIBC_2.34
23 10
+1 1
fi=(224)
603 4
+19 6
778 2
624 2
778 1
+5 2
+5 2
+1 2
-1 2
+1 6
+6 12
+7 1
947 2
+2 1
fe=(223)
27 1
+2 9

fl=(266) ./string/../sysdeps/x86_64/multiarch/strncpy-avx2.S
fn=(1408) __strncpy_avx2
54 1
+18 1
+3 1
+3 1
+1 1
+1 1
+1 1
+1 1
+3 1
+1 1
+1 1
+4 1
+7 1
+2 1
482 1
+1 1
+1 1
+1 1
+1 1
+13 2
+32 1
+2 1
+1 1
+1 1

fl=(217) ./libio/./libio/filedoalloc.c
fn=(794) _IO_file_doallocate
78 11
+6 4
fi=(219)
1025 3
+1 2
fe=(217)
84 3
cfi=(215)
cfn=(796)
calls=1 1147 
* 9
* 2
+2 4
+11 4
+4 2
cob=(4)
cfi=(177)
cfn=(800) 0x0000000004ac53f0
calls=1 0 
* 179
* 1
+1 2
+2 4
cfi=(216)
cfn=(802) _IO_setb
calls=1 329 
* 29
+1 1
+1 9
-15 1
fi=(495) ./libio/../include/sys/sysmacros.h
-44 6
fe=(217)
+44 1
-2 2
+5 2

fl=(371)
fn=(2808)
52 127
+2 127
+1 127
+1 127
+3 127
+1 127
+3 127
+2 127
+4 127
+3 127
+1 127
+1 127
+1 127
+1 127
+5 127
+2 163
+1 163
+1 163
+2 127
+8 36
+3 36
+1 36
+1 36
cfi=(358) ./nptl/./nptl/pthread_create.c
cfn=(2814) start_thread
calls=36 338 
* 19542291364

fl=(375)
fn=(2820)
33 1729
+2 1235
+14 2226
-9 4
cob=(4)
cfi=(177)
cfn=(564)
calls=1 -40 
* 26
* 3
+7 1
+1 1

fl=(399) ./nptl/./nptl/pthread_join.c
fn=(2912) pthread_join@@GLIBC_2.34
23 120
+1 480
cfi=(400) ./nptl/./nptl/pthread_join_common.c
cfn=(2914) __pthread_clockjoin_ex
calls=120 +15 
* 54049

fl=(83)
fn=(284)
31 2
fi=(84)
+9 6
-2 8
fe=(83)
-7 4
fi=(84)
+10 4
+1 6
+3 4
+4 6
+3 10
fe=(83)

fl=(428)
fn=(3008)
33 60
+2 60
-2 120
+4 180
+1 300
+9 120
+9 60
-9 60
+9 120
+4 22
+2 11
+45 22
-4 49
+4 49
-4 49
+4 49

fl=(106)
fn=(336)
28 2
fi=(84)
+12 6
-2 8
fe=(106)
-10 4
fi=(84)
+13 4
+1 6
+3 4
+4 6
+3 10
fe=(106)

fl=(133)
fn=(414)
29 3
fi=(99)
+28 9
-1 6
+4 9
+14 6
+3 6
+8 6
+8 6
+3 15
fe=(133)

fl=(230) ./string/../sysdeps/x86_64/multiarch/strchr-avx2.S
fn=(856) __strchrnul_avx2
53 666
+2 666
+1 666
+1 666
+1 666
+1 666
+3 666
+1 666
+4 666
+1 666
+1 666
+1 666
+1 666
+1 666
+1 666
+1 666
+13 666
+2 1332

fl=(402) ./nptl/./nptl/futex-internal.c
fn=(2918) __futex_abstimed_wait_cancelable64
138 1848
-61 462
+3 462
+3 693
+1 462
-27 686
+46 1792
+10 224
+28 1344
fi=(403)
-54 462
fe=(402)
-30 462
cfi=(404)
cfn=(2922)
calls=231 -26 
* 4158
* 2688
cfi=(404)
cfn=(2950)
calls=224 +6 
* 3360
* 224

fl=(164)
fn=(2734) __gettimeofday_syscall
33 30
+1 60
+2 120
+1 30

fn=(526)
42 1
fi=(496) ./time/../sysdeps/unix/sysv/linux/dl-vdso.h
-2 2
+1 2
fe=(164)
+1 2

fl=(220)
fn=(814)
25 3
+1 18
+1 3

fl=(274) ./io/../sysdeps/unix/sysv/linux/open64.c
fn=(2198) open
30 4
+3 2
-3 20
+3 12
+8 18
+2 16

fl=(464) ./nptl/./nptl/sem_post.c
fn=(3262) sem_post@@GLIBC_2.34
33 378
+2 378
+8 378
+3 756
+6 1134
+3 756
fi=(403)
209 1484
fe=(464)
76 378
+1 378

fl=(256) ./io/../sysdeps/unix/sysv/linux/access.c
fn=(1166) access
25 1
+2 8
+4 1

fl=(227) ./debug/./debug/printf_chk.c
fn=(844) __printf_chk
25 26
+7 2
-4 4
+4 2
-4 2
+4 2
+1 2
-1 2
-4 2
+5 2
-1 4
+1 4
cfi=(228)
cfn=(846)
calls=2 1522 
* 1470
+4 10

fl=(361) ./nptl/./nptl/pthread_attr_copy.c
fn=(2780) __pthread_attr_copy
25 1270
+4 254
-4 381
+4 254
+9 127
-9 381
+3 127
-3 127
+9 254
+23 254
+1 127
-1 762
+2 1397

fl=(92)
fn=(304)
29 1
fi=(93)
+28 3
-1 2
+4 3
+14 2
+3 2
+8 2
+8 2
+3 5
fe=(92)

fl=(260) ./io/../sysdeps/unix/sysv/linux/poll.c
fn=(1218) poll
27 72
+2 308
+14 41
-16 186
+2 31
cfi=(404)
cfn=(2922)
calls=31 +2 
* 558
* 341
cfi=(404)
cfn=(2950)
calls=31 +34 
* 465
* 31
+14 62

fl=(253) ./socket/../sysdeps/unix/sysv/linux/getsockopt.c
fn=(1092) getsockopt
93 2
-64 4
+73 1

fl=(408) ./malloc/./malloc/thread-freeres.c
fn=(2930) __libc_thread_freeres
31 360
+2 120
cfi=(409) ./sunrpc/./sunrpc/rpc_thread.c
cfn=(2932) __rpc_thread_destroy
calls=120 -12 
* 1560
+2 120
cfi=(410)
cfn=(2934)
calls=120 +96 
* 4920
+1 120
cfi=(412)
cfn=(2938)
calls=120 -12 
* 2880
+1 120
cfi=(413) ./dlfcn/./dlfcn/libc_dlerror_result.c
cfn=(2940) __libc_dlerror_result_free
calls=120 -8 
* 1440
+5 120
-1 120
cfi=(194)
cfn=(2942)
calls=120 893 
* 3360

fl=(209)
fn=(772)
28 128
+2 128
+2 128
cfi=(210)
cfn=(774)
calls=128 -1 
* 4480

fl=(107)
fn=(340)
30 1
fi=(101) ./wcsmbs/../sysdeps/x86_64/multiarch/ifunc-avx2.h
+10 3
-2 4
fe=(107)
-8 2
fi=(101)
+11 2
+1 3
+3 2
+4 3
+3 5
fe=(107)

fl=(429)
fn=(3010)
28 60
+1 60
+1 60
+2 60
+1 60
+1 60
+12 60
+1 60
+1 60
+1 60
+1 60
+1 60
+1 60
+6 60
+1 60
+1 60

fl=(331) ./dirent/../sysdeps/unix/sysv/linux/opendir.c
fn=(2652) opendir
82 9
-49 2
+53 2
cfi=(321)
cfn=(2378)
calls=1 -58 
* 27
* 1
-40 2
+7 3
cfi=(218)
cfn=(798)
calls=1 -23 
* 6
* 2
+2 4
+57 7
+3 2
cob=(4)
cfi=(177)
cfn=(800)
calls=1 0 
* 328
+1 2
+7 1
+2 1
+2 1
+1 1
+1 1
+1 1
+1 1
-44 8

fl=(125)
fn=(382)
29 1
fi=(118)
+9 2
+1 1
-1 2
+1 2
+3 2
+4 3
+3 3
fe=(125)
-20 1

fl=(358)
fn=(2814)
338 396
+7 72
+22 144
+3 36
cfi=(173)
cfn=(556)
calls=36 29 
* 612
+3 108
cfi=(362)
cfn=(2816)
calls=36 587 
* 23042
+4 36
fi=(376) ./nptl/../sysdeps/unix/sysv/linux/rseq-internal.h
32 72
+8 36
fe=(358)
388 180
+17 72
cfi=(209)
cfn=(772)
calls=36 28 
* 1368
* 36
+14 36
-14 36
+18 36
-4 36
+4 180
+3 72
+3 72
+2 36
fi=(372) ./nptl/../sysdeps/unix/sysv/linux/internal-signals.h
89 144
fe=(358)
431 36
fi=(372)
89 36
fe=(358)
433 36
+4 72
+11 32
+4 32
cfi=(406) ./stdlib/./stdlib/cxa_thread_atexit_impl.c
cfn=(2926) __call_tls_dtors
calls=32 148 
* 416
+3 32
cfi=(407)
cfn=(2928)
calls=32 23 
* 192
+3 32
cfi=(408)
cfn=(2930)
calls=32 31 
* 4064
+3 96
+31 64
+2 64
fi=(368) ./nptl/../sysdeps/unix/sysv/linux/internal-sigset.h
102 32
fe=(358)
508 96
fi=(368)
102 64
fe=(358)
508 96
+7 160
+1 64
+1 128
+35 96
+1 96
fi=(362)
189 32
cfi=(363)
cfn=(2784)
calls=32 27 
* 192
* 32
+2 160
+1 64
+1 64
fe=(358)
556 32
fi=(403)
146 32
fe=(358)
556 64
+17 96
+5 96
cfi=(362)
cfn=(2816)
calls=32 +9 
* 1536
* 32
+21 140
447 108
cob=(14)
cfi=(459)
cfn=(3246)
calls=4 1050 
* 187416
cob=(14)
cfi=(357)
cfn=(2824)
calls=32 44 
* 4949395600
* 32
fi=(362)
194 128
cfi=(366)
cfn=(2948)
calls=32 -77 
* 192
* 32
fi=(371)
83 26
+1 26
+1 26
+10 26
+3 26
+1 26
+1 26
cfi=(358)
cfn=(2815) start_thread'2
calls=26 338 
* 14592672208
fe=(358)

fn=(2815)
338 1001
+7 182
+22 364
+3 91
cfi=(173)
cfn=(556)
calls=91 29 
* 1547
+3 273
cfi=(362)
cfn=(2816)
calls=91 587 
* 58149
+4 91
fi=(376)
32 182
+8 91
fe=(358)
388 455
+17 182
cfi=(209)
cfn=(772)
calls=91 28 
* 3458
* 91
+14 91
-14 91
+18 91
-4 91
+4 455
+3 182
+3 182
+2 91
fi=(372)
89 364
fe=(358)
431 91
fi=(372)
89 91
fe=(358)
433 91
+4 182
+11 88
+4 88
cfi=(406)
cfn=(2926)
calls=88 148 
* 1144
+3 88
cfi=(407)
cfn=(2928)
calls=88 23 
* 528
+3 88
cfi=(408)
cfn=(2930)
calls=88 31 
* 11176
+3 264
+31 176
+2 176
fi=(368)
102 88
fe=(358)
508 264
fi=(368)
102 176
fe=(358)
508 264
+7 440
+1 176
+1 352
+35 264
+1 264
fi=(362)
189 88
cfi=(363)
cfn=(2784)
calls=88 27 
* 528
* 88
+2 440
+1 176
+1 176
fe=(358)
556 88
fi=(403)
146 88
fe=(358)
556 176
+17 264
+5 264
cfi=(362)
cfn=(2816)
calls=88 +9 
* 4224
* 88
+21 400
447 273
cob=(14)
cfi=(357)
cfn=(2824)
calls=88 44 
* 14592560259
cob=(14)
cfi=(459)
cfn=(3246)
calls=3 1050 
* 18723
* 88
fi=(362)
194 352
cfi=(366)
cfn=(2948)
calls=88 -77 
* 528
* 88
fi=(371)
83 65
+1 65
+1 65
+10 65
+3 65
+1 65
+1 65
cfi=(358)
cfn=(2815)
calls=65 338 
* 25072057365
fe=(358)

fn=(2774) pthread_create@@GLIBC_2.34
626 2032
+6 254
+13 508
+2 381
cfi=(360) ./nptl/./nptl/pthread_getattr_default_np.c
cfn=(2778) pthread_getattr_default_np@@GLIBC_2.34
calls=127 24 
* 8255
* 127
+1 254
+2 254
fi=(362)
219 127
cfi=(363)
cfn=(2784)
calls=127 27 
* 762
fi=(364) ./nptl/./nptl-stack.h
61 127
fi=(362)
219 254
fi=(364)
61 127
fi=(362)
219 127
fi=(364)
61 889
fi=(362)
223 127
fi=(364)
61 127
fi=(362)
223 254
+5 381
+10 254
+91 254
+4 254
-4 127
+4 127
+10 762
+4 254
fe=(358)
897 254
+1 254
cfi=(373)
cfn=(2812)
calls=127 26 
* 762
+3 1651
fi=(362)
347 508
+5 381
+1 127
-2 254
66 508
329 127
74 127
329 254
-1 254
74 381
-11 72
+16 216
-1 36
+3 72
+15 108
+12 72
-3 36
+3 180
cfi=(367)
cfn=(3242)
calls=36 -80 
* 324
+3 108
cfi=(367)
cfn=(2796)
calls=36 -68 
* 504
+3 108
+3 216
+3 36
+16 36
fi=(201)
-77 36
fi=(362)
+65 36
fi=(201)
-65 36
fi=(362)
+61 36
+17 36
-16 36
+4 36
+1 36
-5 36
+8 36
+2 36
+1 36
+5 288
+1 180
cob=(4)
cfi=(177)
cfn=(2666)
calls=36 0 
* 216
* 2700
cob=(4)
cfi=(177)
cfn=(2666)
calls=540 0 
* 3240
-1 1728
+2 252
fi=(201)
-80 180
cob=(4)
cfi=(177)
cfn=(918) 0x0000000004ac5740
calls=36 -59 
* 1368
fi=(362)
+83 108
cob=(4)
cfi=(177)
cfn=(3244) 0x0000000004ac5780
calls=36 0 
* 11124
361 72
477 381
+29 635
+26 127
fe=(358)
755 127
fi=(362)
547 127
fe=(358)
674 127
fi=(362)
558 127
-11 127
+11 127
+5 127
-26 127
+21 127
-11 127
fe=(358)
677 127
+12 127
fi=(362)
558 127
fe=(358)
683 127
fi=(362)
542 127
+21 127
fe=(358)
+81 127
fi=(362)
-97 127
fe=(358)
689 127
-6 127
+1 127
+1 127
+4 127
-5 127
fi=(362)
545 127
fe=(358)
688 127
+2 381
+4 127
+1 127
+8 127
-8 381
+5 254
+3 127
-3 127
-11 127
+11 127
+3 254
+5 127
+1 127
-1 127
+1 127
+4 254
+5 254
fi=(497) ./nptl/../sysdeps/x86/nptl/tls-setup.h
22 254
fe=(358)
730 254
+21 254
+4 254
+2 127
+10 127
fi=(372)
81 635
fe=(358)
772 254
fi=(372)
81 254
fe=(358)
780 381
fi=(368)
34 127
fe=(358)
609 508
836 762
cfn=(2802) create_thread
calls=127 236 
* 14884
fi=(372)
89 381
fe=(358)
836 127
fi=(372)
89 381
fe=(358)
843 254
+40 254
+10 254
83 2
-2 1
+2 1
fi=(498) ./nptl/../sysdeps/unix/sysv/linux/sigsetops.h
-29 1
fe=(358)
+27 1
+1 1
+1 1
cfi=(359) ./signal/../sysdeps/unix/sysv/linux/libc_sigaction.c
cfn=(2776) __libc_sigaction
calls=1 -40 
* 52
+7 2
fi=(498)
+14 1
fe=(358)
-14 1
fi=(498)
+14 1
fe=(358)
-14 3
638 1
-3 1
+3 2
791 254
fi=(368)
102 127
+1 127
fi=(362)
-4 364
366 1001
cfi=(365)
cfn=(2788)
calls=91 47 
* 2366
+3 273
-3 91
+3 91
+5 364
+6 182
+5 182
+1 91
+9 182
170 182
-4 273
+4 91
cfi=(366)
cfn=(2790)
calls=91 -53 
* 546
* 364
407 91
+1 91
+21 91
-18 91
-4 91
+9 182
+3 91
+7 91
-18 91
+3 91
+18 91
cob=(4)
cfi=(177)
cfn=(2792) 0x0000000004ac5700
calls=91 0 
* 56097
* 364
fe=(358)
663 2
+89 2
cfi=(216)
cfn=(2798) _IO_enable_locks
calls=2 518 
* 27
* 4
fi=(362)
442 364
+3 637
cfi=(367)
cfn=(2796)
calls=91 43 
* 1274
+2 546
+7 455
-88 182
83 72
fe=(358)

fn=(2802)
236 1524
+4 635
+4 254
+3 254
+1 254
+42 127
-3 127
+10 127
-10 127
+10 254
-10 1143
+10 127
cfi=(369)
cfn=(2804)
calls=127 97 
* 7518
+1 254
+5 127
+6 254
+12 254
+11 127
+1 1397

fl=(198)
fn=(702)
36 4
fi=(499) ./misc/../sysdeps/unix/sysv/linux/brk_call.h
-12 8
fe=(198)
+13 8
+1 8
+6 4
+1 4

fl=(216)
fn=(792)
343 1
+1 2
-1 7
+3 3
+1 1
fi=(219)
1025 3
+1 2
fe=(216)
347 2
cfi=(217)
cfn=(794)
calls=1 78 
* 281
* 2
+3 6

fn=(3566) _IO_flush_all
686 5
+5 1
-5 1
+5 1
-5 6
+5 4
cfi=(479) ./nptl/./nptl/libc-cleanup.c
cfn=(3568) __libc_cleanup_push_defer
calls=1 24 
* 13
+1 12
+3 3
-8 1
fi=(219)
1025 2
fe=(216)
708 18
+1 3
-14 9
+2 3
+1 45
+2 21
+8 18
+5 3
+1 2
cfi=(479)
cfn=(3570) __libc_cleanup_pop_restore
calls=1 54 
* 9
+4 12
-5 6

fn=(3576)
452 8
fi=(219)
1025 1
fe=(216)
452 1
+1 1
-1 1
fi=(219)
1025 2
+1 2
fe=(216)
453 2
cfi=(215)
cfn=(822)
calls=1 793 
* 21
* 2
+4 1
330 1
462 1
-7 2
332 1
466 1
337 1
-4 1
+4 1
467 1
-1 3
+2 6
-11 1
+1 2
-1 1
330 4

fn=(806)
371 11
+3 4
fi=(219)
1025 1
fe=(216)
373 2
+26 137
fi=(219)
1025 90
+1 90
fe=(216)
399 180
cfi=(215)
cfn=(790)
calls=45 732 
* 1755
* 90
+2 45
-2 45
-20 184
-4 1
+29 8

fn=(802)
329 11
+1 4
+5 2
-3 1
+3 2
-2 1
+2 2
+3 6

fn=(3564) _IO_cleanup
842 6
-66 1
+66 6
+1 1
cfn=(3566)
calls=1 686 
* 198
-67 2
+67 1
-67 3
cfi=(479)
cfn=(3568)
calls=1 24 
* 13
+1 12
+3 3
fi=(219)
1025 1
fe=(216)
785 1
-1 1
+1 4
-1 2
+1 40
+7 3
-7 3
+7 6
+2 6
+2 4
+4 1
-2 1
+3 1
-3 1
+2 2
+5 1
fi=(219)
1025 2
+1 2
fe=(216)
805 4
cfi=(215)
cfn=(3574)
calls=1 382 
* 87
+2 3
+9 1
-2 1
+2 2
-2 2
+2 4
+1 3
-37 9
+41 3
+1 2
cfi=(479)
cfn=(3570)
calls=1 54 
* 9
+33 12
-78 3
+39 27
+5 6

fn=(808) __overflow
199 5
+2 3
+2 1
fi=(219)
1025 3
+1 2
fe=(216)
203 1
+1 2
-1 1
cfi=(215)
cfn=(790)
calls=1 732 
* 151

fn=(2798)
518 2
+3 6
1044 1
523 1
+1 3
+1 1
1058 1
524 2
+1 2
1058 2
524 4
+2 2

fl=(359)
fn=(2776)
43 8
+5 2
+2 1
fi=(500) ./signal/../string/bits/string_fortified.h
-21 1
fe=(359)
+29 1
fi=(500)
-29 2
fe=(359)
+21 1
+3 1
fi=(500)
-24 3
fe=(359)
+24 1
fi=(500)
-24 3
fe=(359)
+24 2
fi=(500)
-24 1
fe=(359)
+29 1
-5 1
+5 3
fi=(500)
-29 6
fe=(359)
+29 6
+5 2
+8 6

fl=(401) ./nptl/./nptl/cleanup_compat.c
fn=(2916) _pthread_cleanup_push@@GLIBC_2.34
25 339
+3 339
+1 339
+1 678
+2 339
+1 339

fn=(2952) _pthread_cleanup_pop@@GLIBC_2.34
40 332
+3 664
+4 664
+2 332

fl=(435)
fn=(3026)
31 40
+4 80
+2 40
+1 40
+1 80
+8 200

fl=(254) ./misc/../sysdeps/posix/gethostname.c
fn=(1118) gethostname
28 14
+4 2
-4 12
+4 2
cfi=(255) ./posix/../sysdeps/unix/syscall-template.S
cfn=(1120) uname
calls=2 +88 
* 12
* 4
+3 8
cob=(4)
cfi=(177)
cfn=(784)
calls=2 -35 
* 32
+1 2
-1 2
+1 36
+2 4
+6 22

fl=(322) ./io/../sysdeps/unix/sysv/linux/read_nocancel.c
fn=(2380) __read_nocancel
25 1
+1 4
+1 1

fl=(400)
fn=(2914)
39 1440
+4 720
+5 600
+4 120
+3 120
+2 240
+1 240
+16 600
+10 240
+34 120
-4 120
+7 240
+4 240
cfi=(414)
cfn=(2954)
calls=120 25 
* 43045
* 120
+5 120
+3 1320
-44 720
cfi=(401)
cfn=(2916)
calls=120 -64 
* 840
+5 120
+8 60
cfi=(402)
cfn=(2918)
calls=12 +36 
* 1020
+2 48
-10 396
+17 360
cfi=(401)
cfn=(2952)
calls=120 -71 
* 720
* 120

fl=(86)
fn=(290)
79 5
-31 10
+1 5
-2 20
+2 10
+3 10
+4 15
+3 15
+20 5

fl=(116)
fn=(360)
60 1
-17 2
-1 4
+2 3
+2 2
+4 3
+10 1

fl=(136)
fn=(422)
29 1
fi=(494)
+7 5
fe=(136)
-7 1

fl=(234)
fn=(872)
25 272
+1 816
+5 544
+2 3264
+7 272

fl=(218)
fn=(798)
30 2
+9 8
+33 2

fl=(370)
fn=(2806)
42 1
+2 1
+1 1
+1 1
+1 1
+1 1
+4 1
+3 1
+5 1
+2 1
+1 1
+23 5

fl=(479)
fn=(3568)
24 2
+1 2
+2 4
+2 4
+3 4
+14 6
+2 2
+1 2

fn=(3570)
54 2
+1 2
+2 4
+2 2
+1 6
+11 2

fl=(472) ./sysvipc/../sysdeps/unix/sysv/linux/shmdt.c
fn=(3316) shmdt
27 3
+2 12
+4 3

fl=(332) ./dirent/../sysdeps/unix/sysv/linux/readdir64.c
fn=(2656) readdir
32 50
+5 50
-5 125
+5 25
-5 75
+2 50
+3 50
+3 25
+27 25
-27 50
+7 10
cfi=(333)
cfn=(2658)
calls=2 -20 
* 18
+1 4
+13 2
+7 3
+1 2
+3 4
-4 69
+1 46
+3 92
+4 225
-22 1
+1 1
+2 4
+2 2

fl=(473)
fn=(3342)
137 2
+1 3
-1 1
+1 1
cfn=(3344) __run_exit_handlers
calls=1 38 
* 4343

fn=(3344)
38 12
+2 2
+3 5
+11 2
+2 2
+38 2
-30 9
+2 2
+1 2
-1 2
+3 14
+44 6
+13 1
-66 1
+66 3
+2 2
+3 2
cfi=(480)
cfn=(3578)
calls=1 27 
* 4
-29 2
+1 2
-2 2
+3 2
+3 2
-3 4
+3 6
+1 6
cob=(1)
cfi=(474)
cfn=(3350)
calls=1 -82 
* 3583
cob=(9)
cfi=(188)
cfn=(3346)
calls=1 0 
* 125
+1 8
+10 3
+1 2
-79 1
cfi=(406)
cfn=(2926)
calls=1 148 
* 13
* 1
+88 1
cfi=(216)
cfn=(3564)
calls=1 842 
* 506
* 1

fl=(127)
fn=(394)
29 6
fi=(84)
+11 18
-2 24
fe=(127)
-9 12
fi=(84)
+12 12
+1 18
+3 12
+4 18
+3 30
fe=(127)

fl=(328) ./sysvipc/../sysdeps/unix/sysv/linux/shmctl.c
fn=(2620) shmctl@@GLIBC_2.2.5
87 3
-10 12
+93 3

fl=(94)
fn=(308)
29 4
fi=(93)
+28 12
-1 8
+4 12
+14 8
+3 8
+8 8
+8 8
+3 20
fe=(94)

fl=(317) ./posix/../sysdeps/unix/sysv/linux/x86/sysconf.c
fn=(2368) sysconf
32 12
+1 3
fi=(318) ./posix/../sysdeps/unix/sysv/linux/x86/../sysconf.c
+16 10
fe=(317)
-12 10
fi=(319) ./posix/../sysdeps/posix/sysconf.c
+23 11
633 1
cfi=(320) ./misc/../sysdeps/unix/sysv/linux/getsysstats.c
cfn=(2374) get_nprocs
calls=1 215 
* 418
* 2
fe=(317)

fl=(100)
fn=(324)
31 3
fi=(101)
+9 9
-2 12
fi=(102) ./wcsmbs/../sysdeps/x86_64/multiarch/wcschr.c
-7 6
fi=(101)
+10 6
+1 9
+3 6
+4 9
+3 15
fe=(100)

fn=(390)
31 1
fi=(97)
+9 3
-1 4
+2 3
+3 2
+4 4
fe=(100)
-17 1

fl=(108)
fn=(344)
31 1
fi=(109) ./string/../sysdeps/x86_64/multiarch/ifunc-strncpy.h
+4 5
+1 3
+3 2
+4 3
+3 4
fe=(108)
-15 1

fl=(334) ./dirent/../sysdeps/unix/sysv/linux/closedir.c
fn=(2664) closedir
31 1
+3 2
-3 4
+13 1
+6 1
cob=(4)
cfi=(177)
cfn=(2666)
calls=1 -50 
* 170
+2 1
+1 2
-1 1
cfi=(325)
cfn=(2388)
calls=1 -27 
* 6

fl=(477)
fn=(3364)
82 22
+1 22
-1 44
+1 22
fi=(478) ./posix/../malloc/dynarray-skeleton.c
243 11
fe=(477)
71 22
+38 44
+1 33

fl=(237)
fn=(908)
367 1512
51 4536
+1 3024
367 4536
57 3024
+8 1512
-3 1512
-23 1512
+1 6048
+1 293
+29 293
+2 293
369 586
70 1219
+2 1219
369 2438
43 4876
+31 256
+6 512
+4 384
+3 256

fl=(214) ./string/../sysdeps/x86_64/multiarch/strlen-avx2.S
fn=(786) __strlen_avx2
52 208
+13 208
+1 208
+1 208
+3 208
+2 208
+1 208
+3 208
+1 208
+8 208
+1 208
+1 207
+5 414
+26 1
+13 1
+1 1
+1 1
+6 2
+82 1
+15 1
+6 1
+1 1
+1 1

fl=(262) ./nptl/./nptl/pthread_cond_broadcast.c
fn=(1276) pthread_cond_broadcast@@GLIBC_2.3.2
39 900
+1 100
+2 100
+1 300
+45 900

fl=(264) ./socket/../sysdeps/unix/sysv/linux/recv.c
fn=(1322) recv
24 3
+4 3
-4 3
+4 15
+4 2
-8 7
+4 2
cfi=(404)
cfn=(2922)
calls=1 +3 
* 18
* 14
cfi=(404)
cfn=(2950)
calls=1 +35 
* 15
* 1
+4 3

fl=(117)
fn=(362)
29 1
fi=(118)
+9 2
+1 1
-1 2
+1 2
+3 2
+4 3
+3 3
fe=(117)
-20 1

fl=(255)
fn=(1120)
120 10
+2 2

fl=(263) ./nptl/./nptl/pthread_cond_signal.c
fn=(1290) pthread_cond_signal@@GLIBC_2.3.2
35 4113
+1 457
+5 457
+1 1371
+54 4113

fl=(406)
fn=(2926)
148 484
+1 121
-1 121
+1 363
+16 484

fl=(413)
fn=(2940)
29 600
+1 480
+9 360

fl=(462)
fn=(3252)
24 385
+1 385
+1 385
+1 1540

fl=(139)
fn=(432)
31 1
fi=(114)
+6 2
-1 4
fe=(139)
-5 2
fi=(114)
+7 3
+3 2
+4 3
+3 4
fe=(139)

fl=(231)
fn=(858)
27 1060
+1 3180
-1 7420
+4 3530
+2 1410
+3 705
fi=(436)
-7 705
fe=(231)
+8 1410
fi=(436)
-8 705
fe=(231)
+12 705
fi=(436)
-12 705
cob=(4)
cfi=(177)
cfn=(860)
calls=705 -29 
* 11751
fe=(231)
+11 2115
-9 1410
+2 2115
+11 6360

fl=(265) ./debug/./debug/strncpy_chk.c
fn=(1404) __strncpy_chk
24 1
+1 2
+3 1
cob=(4)
cfi=(177)
cfn=(1406) 0x0000000004ac54f0
calls=1 -28 
* 27

fl=(327) ./sysvipc/../sysdeps/unix/sysv/linux/shmat.c
fn=(2604) shmat
28 3
+2 12
+12 3

fl=(110)
fn=(348)
31 2
fi=(111) ./wcsmbs/../sysdeps/x86_64/multiarch/ifunc-evex.h
+7 6
-1 8
+2 6
+6 4
-3 4
+9 6
+3 8
fe=(110)
-23 2

fl=(360)
fn=(2778)
24 254
+1 254
-1 508
+1 254
+1 381
cfi=(361)
cfn=(2780)
calls=127 -1 
* 5715
+1 508
+2 381

fl=(206)
fn=(750)
242 13
+69 3
+1 3
cfi=(207)
cfn=(752)
calls=1 67 
* 72
+25 6
+6 2
-3 2
+10 2
cob=(4)
cfi=(177)
cfn=(766) 0x0000000004ac57b0
calls=1 0 
* 7
+2 2
+8 4
cfi=(208)
cfn=(770)
calls=1 29 
* 683799776
128 2
+6 3
+1 6
cob=(4)
cfi=(177)
cfn=(756) 0x0000000000110000
calls=1 0 
* 7
* 1
+3 1
+1 2
+3 2
+1 2
-1 1
+2 7
+1 4
cob=(14)
cfi=(205)
cfn=(760)
calls=1 0 
* 12
-1 4

fl=(432)
fn=(3018)
31 182
+1 182
+3 182
+1 182
+1 182
+1 182
+1 182
+2 182
+1 182
+2 182
+1 182
+1 182
+1 182
+1 162
+2 162
+1 162
+1 162
+1 162
+26 20
+1 20
+1 20
+1 20
+1 20
+1 20
+1 20
+1 20
+1 20
+26 20
+1 20
+1 20
+2 20
+1 20
+1 20
+1 20
+1 20
+1 20
+2 20
+3 20
-5 162
+2 162
+3 162

fl=(95)
fn=(312)
29 1
fi=(84)
+11 3
-2 4
fe=(95)
-9 2
fi=(84)
+12 2
+1 3
+3 2
+4 3
+3 5
fe=(95)

fl=(225) ./string/../sysdeps/x86_64/multiarch/strcmp-avx2.S
fn=(836) __strcmp_avx2
206 4
+43 4
+25 4
+1 4
+1 4
+2 4
+1 4
+4 4
+4 4
+2 4
+2 4
+3 4
+9 4
+1 4
+4 4
+10 4
+1 4
+3 4
+4 8

fn=(890) __strncmp_avx2
206 15
+24 15
+5 15
+14 15
+25 15
+1 15
+1 15
+2 15
+1 15
+4 15
+4 15
+2 15
+2 15
+3 15
+2 15
+1 15
+11 10
+10 10
+1 10
+3 10
+4 20
+5 15
+1 15
+1 15
+4 5
+1 10
957 1
+1 1
+1 1
+1 1
+2 1
+3 1
+1 1
1076 1
+1 1

fl=(463)
fn=(3256)
164 876
+8 219
-8 1314
+8 219
+3 1095
cfi=(401)
cfn=(2916)
calls=219 25 
* 1533
+6 862
+33 1272
+3 212
+6 636
cfi=(401)
cfn=(2952)
calls=212 40 
* 1272
+90 2120
183 438
cfn=(3258) do_futex_wait.constprop.0
calls=219 -72 
* 19402
+10 1272
+10 424

fn=(3258)
111 1095
cfi=(402)
cfn=(2918)
calls=219 +27 
* 18307

fl=(213) ./libio/./libio/ioputs.c
fn=(782) puts
33 10
+2 1
cob=(4)
cfi=(177)
cfn=(784)
calls=1 -35 
* 24
+1 1
-1 1
+1 3
-3 1
+6 4
+1 1
fi=(219)
1025 3
+1 2
fe=(213)
40 3
cfi=(215)
cfn=(788)
calls=1 1198 
* 3079
* 2
+1 4
+1 4
fi=(219)
979 2
+1 8
fe=(213)
46 8
-10 10
+5 2
cfi=(216)
cfn=(808)
calls=1 199 
* 169
* 2

fl=(222) ./locale/./locale/setlocale.c
fn=(828) setlocale
218 13
+7 3
+5 2
+4 1
+2 1
-2 1
cfi=(223)
cfn=(830)
calls=1 23 
* 66
+2 4
cob=(4)
cfi=(177)
cfn=(834) 0x0000000004ac5770
calls=1 0 
* 22
* 2
+3 2
cfi=(226)
cfn=(838)
calls=1 30 
* 43
+2 1
468 12

fl=(229)
fn=(866)
117 2
+1 6
-1 2
-64 2
+64 12
-66 8
+2 6
+69 2
-1 2
+1 8
-1 2
cfi=(234)
cfn=(872)
calls=2 -96 
* 38
-56 4
cfn=(850) __printf_buffer_to_file_switch
calls=2 -36 
* 26
+1 2
-8 2
+1 2
fi=(501) ./stdio-common/../libio/libioP.h
1025 2
fe=(229)
58 2
+1 2
-1 2
fi=(501)
1025 4
+1 4
fe=(229)
59 4
cfi=(215)
cfn=(788)
calls=2 1198 
* 464
* 4

fn=(848)
108 2
+1 2
fi=(247)
+18 2
fe=(229)
-18 2
fi=(247)
+28 2
-9 2
+9 2
-13 2
fe=(229)
-13 2
fi=(247)
+13 2
fe=(229)
-12 2
cfn=(850)
calls=2 -83 
* 26

fn=(850)
29 4
+1 20
+10 4
+1 4
+3 16
+1 4

fl=(409)
fn=(2932)
21 480
+1 120
-1 120
+1 120
+2 240
+15 480

fl=(267) ./socket/../sysdeps/unix/sysv/linux/recvmsg.c
fn=(1524) recvmsg
35 535
-8 450
+14 22
+8 380
-22 48
cfi=(404)
cfn=(2922)
calls=48 +4 
* 864
* 384
+14 15
-14 30
cfi=(404)
cfn=(2950)
calls=15 +36 
* 225
* 66
cfi=(404)
cfn=(2950)
calls=33 +36 
* 495
+22 192
-22 350

fl=(193)
fn=(704) alloc_perturb
1985 2631
+2 877

fn=(2668) _int_free_merge_chunk
4665 675
+1 135
-1 405
+5 810
+3 270
+5 405
+3 270
+1 270
+1 270
1992 405
4689 270
+2 39
+2 39
-1 39
+2 156
+2 78
cfn=(2678) unlink_chunk.isra.0
calls=39 1608 
* 867
+18 270
+6 228
+4 66
+9 66
-1 66
+1 198
+1 132
-1 48
-1 48
+1 144
+1 96
+2 114
+2 228
+5 114
+1 114
+2 342
+1 114
-45 114
-1 228
+1 684
-1 114
cfn=(2670) _int_free_maybe_consolidate
calls=114 +69 
* 2931
+1 21
-1 42
+1 126
-1 21
cfn=(2670)
calls=21 +69 
* 756
+39 195
+16 21
+1 63
+1 42
-37 48
+1 48
-1 48
cfn=(2678)
calls=48 1608 
* 1098
+1 48
-47 405
-2 270

fn=(2670)
4770 1485
+6 270
+22 1485
-20 104
+3 78
-2 1
cfn=(3100) malloc_consolidate
calls=1 +32 
* 133
* 1
+5 130

fn=(1014)
3359 3646
+4 7292
-4 3831
+14 1277
-14 3831
+12 1277
+4 1277
-4 1277
+4 2554
+17 3831
fi=(194)
153 3831
fe=(193)
3398 3831
cfn=(1018) _int_free
calls=1277 4495 
* 102704
+3 1277
+1 10031

fn=(1342) _int_realloc
4914 8
+11 4
+1 5
+1 4
+6 2
+2 2
+1 3
+2 4
+3 2
+89 9
-79 2
+1 1
+1 1
-2 2
+4 4
+2 1
-2 1
+2 1
-2 2
+1 1
-1 2
+4 1
-3 1
+1 1
+2 1

fn=(696) _int_malloc
3846 10681
1326 1942
+19 5823
3887 1936
1794 968
3914 1936
+65 1164
-63 2328
+3 582
+2 1164
+2 28
-6 14
+9 28
+6 28
+1 28
+7 14
-1 28
+1 70
+5 28
3165 14
3945 14
+1 28
3165 98
-2 98
+4 98
-2 98
3945 98
3163 98
+3 98
+1 98
3946 490
+2 196
+2 294
+27 772
+62 455
+1 171
+20 946
-1 946
-1 946
+1 1892
+1 1892
-2 1890
+12 4730
-1 930
+4 930
+1 465
+2 930
-3 40
+1 20
+2 40
+1 1455
+2 485
+1 1940
+2 1940
-10 485
+12 970
+1 970
+2 970
+11 1900
+29 71
+1 71
+4 142
+29 142
+8 358
+1 18
+1 18
-1 18
+4 36
-4 26
+1 26
-1 26
+4 52
3929 252
-42 6
+27 6
+66 900
+2 900
-2 900
+2 1800
+2 11
+1 22
+6 11
-4 11
+1 11
+1 11
+2 22
+7 44
-1 22
+1 22
+5 55
+1 8
-50 1764
-40 9
1345 3
3919 6
+2 6
+9 1713
4041 8
cfn=(3100)
calls=4 4811 
* 32356
* 4
+93 6
+1 6
-1 6
+1 12
-14 6
+19 12
+1 41
1985 57
4487 11652
1985 11
4020 11
1985 22
3165 294
+2 196
4163 76
+1 114
+1 38
-1 38
+57 76
+9 38
-9 76
+9 38
-9 114
+1 38
+1 38
+1 38
+1 38
+6 76
-10 88
+9 44
-9 88
+9 44
-9 132
+1 44
+1 44
+1 44
+1 44
+6 88
4070 246
4246 124
+11 1629
+2 171
+3 57
-3 57
+3 114
+1 543
+71 1629
-4 543
+1 543
+1 543
-1 543
+1 543
+1 1086
+1 1629
+5 2306
+16 1001
+2 2002
-4 2224
+8 111
+3 222
+2 48
+1 48
+1 48
-2 192
-27 48
-99 328
3163 1
+4 1
-4 1
+2 8
+1 2
+1 1
4070 2
+29 864
+2 414
-1 828
+27 17
+1 17
+4 34
+29 43
+8 105
+49 44
-48 44
+48 132
4343 1599
+3 2028
-3 1392
+3 1832
-3 1356
+3 1704
-3 844
4443 480
+1 960
+2 960
+3 1440
+17 12
4070 329
-91 1974
4169 50
4343 53
+5 212
+1 106
+24 252
+3 126
+2 63
+3 126
-3 126
+3 63
cfn=(2678)
calls=63 1608 
* 1827
+3 252
+15 118
-5 59
+5 118
+1 118
+3 59
+1 59
+1 59
+3 118
+1 27
+1 118
+2 56
+3 224
+2 84
+1 28
1985 28
4421 28
1985 56
4415 248
+2 93
+1 31
1985 31
4421 31
1985 66
4421 4
1985 8
4387 4
-1 4
+1 8
4070 1
3199 1
-21 1
+4 2
+8 1
-4 4
+4 1
+1 2
4248 1
4105 397
-1 397
+3 397
-1 397
+1 794
+1 1191
+1 794
+2 652
+4 326
+6 326
-6 326
+7 326
-7 1956
+2 978
+5 326
-4 326
+4 326
cfn=(704)
calls=326 1985 
* 1304
-7 71
+6 71
-6 71
+7 71
-7 426
+2 213
+5 71
-4 71
+4 71
cfn=(704)
calls=71 1985 
* 284
+1 397
2552 3
+12 3
-12 15
+12 3
4460 1440
cfn=(704)
calls=480 1985 
* 1920
+1 480
-9 954
+2 954
-1 477
+1 477
-3 477
+3 477
+2 477
-2 1908
+2 477
+3 954
2553 3
+36 9
+1 3
-1 3
+1 3
+9 24
+6 6
+3 9
2921 9
+1 3
+4 3
+4 15
+5 3
-2 3
+5 3
-3 6
-3 3
+2 3
+1 3
+1 3
-1 9
+1 3
4482 3
2669 9
+8 6
+1 9
+13 3
+2 3
-2 6
+8 15
+8 6
+48 4
+40 3
+19 2
+3 2
+1 6
+2 1
+1 5
cfi=(196)
cfn=(698)
calls=1 25 
* 33
+12 4
-12 1
+12 1
2008 4
3882 1
2873 1
+3 1
-1 1
+1 4
+12 1
-11 1
+11 2
2783 1
-1 2
2017 2
2745 1
+1 1
+6 3
-6 1
+6 3
-6 2
+6 6
-6 2
+6 10
+1 12
-44 9
cfi=(196)
cfn=(698)
calls=3 25 
* 162
+1 6
-1 3
+1 3
2008 3
2711 3
2008 9
2712 3
+3 6
+29 17

fn=(2678)
1608 508
+2 1524
-2 508
+2 1016
+3 508
+1 1016
+2 2032
-3 508
+6 508
+1 508
+1 1460
+2 88
+1 132
+3 88
+14 44
+1 44
+3 1016

fn=(1338) realloc
3407 22
+6 4
+4 4
3538 1
3425 1
3538 6
3425 1
cfn=(684) malloc
calls=1 3294 
* 190
-1 4
5241 1
3433 1
5242 3
-1 2
+2 2
3538 9
5244 1
3441 2
+15 3
fi=(194)
153 3
fe=(193)
3464 4
+1 2
1326 2
+19 6
3475 2
+31 2
+2 6
cfn=(1342)
calls=1 4914 
* 65
* 1
+1 5
fi=(194)
153 4
fe=(193)
3509 2

fn=(694) tcache_init.part.0
3242 4
+9 8
+1 3
cfn=(696)
calls=1 3846 
* 359
+1 2
+8 4
+9 1
fi=(199) ./malloc/../string/bits/string_fortified.h
59 2
fe=(193)
3270 1
fi=(199)
59 86
fe=(193)
3274 3

fn=(1018)
4495 8939
+4 3831
+6 5108
+1 2554
+4 6385
+8 5108
-1 2554
+1 2554
+29 1229
-20 1229
-6 1229
+6 2458
+20 4916
1792 731
4561 1462
+11 2384
+2 1788
1992 596
4593 596
1992 1192
4595 596
+1 596
+4 1192
+2 596
-2 596
+2 596
+26 2364
+30 7656
-21 270
+3 270
+3 268
+15 1
-12 1
+12 4
-12 1
cfn=(2668)
calls=1 +19 
* 94
-49 596
+22 596
-22 1192
+22 1788
+2 2384
+1 1192
-6 1192
3163 546
+4 546
-4 546
+2 2184
+1 546
+1 546
4550 546
+94 536
+2 268
cfn=(2668)
calls=134 +19 
* 15020
+3 536

fn=(684)
3294 11280
+7 2820
1326 2818
+19 7016
3311 2752
+2 5640
+3 2818
+10 1638
+8 5512
+2 2067
cfn=(696)
calls=689 3846 
* 139244
+3 1378
+8 2756
+4 2067
fi=(194)
153 2067
fe=(193)
3351 1378
+3 4914
3248 4
cfn=(694)
calls=1 -6 
* 473
+68 2
+1 4
+1 4086
3178 1182
+4 1182
+4 591
+4 591
-4 1773
+4 591
+1 591
3354 3546
-26 520
cfn=(696)
calls=130 3846 
* 19262
+1 650
fi=(194)
153 260
264 1
cfn=(688)
calls=1 -2 
* 1151
fe=(193)
1326 2

fn=(916)
3699 302
+10 151
-10 1057
+10 1208
+8 302
+3 453
+2 302
+3 1040
+7 130
+8 130
-7 260
+7 260
+14 390
cfn=(696)
calls=130 +92 
* 22251
+2 1015
fi=(194)
153 302
fe=(193)
3732 21
+1 21
+21 42
-21 42
+21 21
cfn=(696)
calls=21 +92 
* 2909
+2 42
+81 216
-68 520
+15 130
+3 520
+9 151
-12 151
+12 302
+3 755
+8 151
+2 302
+2 302
+5 27
+2 27
-2 27
+3 54
+2 13
+2 26
+2 10
+2 20
+2 14
-73 453
+3 323
+78 124
fi=(199)
59 248
fe=(193)
3837 744
fi=(199)
59 124
cob=(4)
cfi=(177)
cfn=(918)
calls=124 -59 
* 74085
fe=(193)

fn=(3100)
4811 5
+17 5
-17 25
+28 5
-28 15
+15 5
+2 5
+13 10
+1 10
-1 90
+1 90
+62 150
+1 40
-31 740
+4 466
+2 233
+1 466
+1 466
+2 466
-4 137
+1 274
+1 274
+2 274
+1 136
+4 68
+2 68
-2 136
+3 68
+9 136
-12 302
+2 302
-2 604
+3 302
+9 1233
-56 918
+4 1377
+1 1836
+8 459
-3 918
+3 459
-3 459
+4 459
-4 459
+5 459
-5 459
+5 918
+2 918
+1 221
+2 221
-1 221
+2 884
+2 1547
cfn=(2678)
calls=221 1608 
* 4671
* 1105
+3 918
+25 89
+1 178
+1 178
-23 137
+1 411
+16 274
-16 137
cfn=(2678)
calls=137 1608 
* 3045
* 548

fl=(128)
fn=(398)
29 1
fi=(109)
+6 5
+1 3
+3 2
+4 3
+3 4
fe=(128)
-17 1

fl=(320)
fn=(2374)
215 2
+1 1
-1 1
+1 1
cfn=(2376) read_sysfs_file
calls=1 -77 
* 409
+1 2
+5 2

fn=(2376)
139 1
+9 1
-9 11
+9 1
cfi=(321)
cfn=(2378)
calls=1 28 
* 27
* 1
+3 2
+39 12
72 5
cfi=(322)
cfn=(2380)
calls=1 -47 
* 6
* 1
+1 2
+5 2
-2 1
+2 2
cob=(4)
cfi=(177)
cfn=(2382) 0x0000000004ac5480
calls=1 -78 
* 21
+1 2
fi=(324) ./misc/../sysdeps/unix/sysv/linux/not-cancel.h
-4 2
cfi=(325)
cfn=(2388)
calls=1 -50 
* 6
+1 1
fe=(320)
+29 2
+45 3
+28 3
+3 3
-1 1
+1 2
+3 2
-26 4
cfi=(242)
cfn=(980)
calls=1 -33 
* 123
+1 1
-1 1
+1 2
+7 2
+2 1
+1 4
cfi=(242)
cfn=(980)
calls=1 -44 
* 139
+1 3
+7 3
-75 1
+1 2

fl=(239) ./string/./string/strdup.c
fn=(926) strdup
40 30
+1 5
cob=(4)
cfi=(177)
cfn=(784)
calls=5 -41 
* 80
* 5
+1 10
cob=(4)
cfi=(177)
cfn=(800)
calls=5 -42 
* 761
+2 10
fi=(240) ./string/../string/bits/string_fortified.h
-15 15
fe=(239)
+19 20
fi=(240)
-19 5
cob=(4)
cfi=(177)
cfn=(930) 0x0000000004ac56f0
calls=5 -29 
* 111
fe=(239)

fl=(404)
fn=(2922)
31 331
+1 331
+1 662
+4 662
+2 662
+3 1324
fi=(405) ./nptl/../nptl/descr.h
439 662
fe=(404)
45 662
+11 662

fn=(2950)
63 324
+3 972
+5 972
+3 324
+2 324
-2 324
+2 648
+7 972

fl=(115)
fn=(358)
29 1
fi=(494)
+7 5
fe=(115)
-7 1

fl=(134)
fn=(418)
29 1
fi=(135) ./string/../sysdeps/x86_64/multiarch/ifunc-evex.h
+9 3
-1 4
+2 3
+6 2
-3 2
+9 3
fe=(134)

ob=(6)
fl=(185)
fn=(3546)
0 9
cob=(4)
cfi=(177)
cfn=(3552) 0x0000000004d000c0
calls=1 0 
0 80
0 1
cfn=(3556) 0x0000000000002160
calls=1 0 
0 5
0 3

fn=(612)
0 12

fn=(3556)
0 4

ob=(2)
fl=(134)
fn=(418)
fi=(135)
54 4
fe=(134)
-25 1

ob=(6)
fl=(185)
fn=(3556)
0 1

ob=(10)
fl=(189)
fn=(1196) 0x000000000000cc10
0 798
cfn=(1204) 0x000000000000c830
calls=42 0 
0 208478
0 630
cob=(4)
cfi=(177)
cfn=(1272) 0x0000000004cbc3c0
calls=42 0 
0 2003
0 84
cfn=(1280) 0x000000000000bc80
calls=42 0 
0 2677
0 336

fn=(1300) 0x000000000000bcf0
0 8760
cob=(4)
cfi=(177)
cfn=(1302) 0x0000000004cbc510
calls=365 0 
0 6576
0 2555
cob=(4)
cfi=(177)
cfn=(1308) 0x0000000004cbc5b0
calls=365 0 
0 60461
0 5526
cob=(4)
cfi=(177)
cfn=(1318) 0x0000000004cbc390
calls=3 0 
0 934
0 24

fn=(1472) 0x000000000000ce00
0 2016
cfn=(1498) 0x000000000000b780
calls=48 0 
0 3753
0 135
cfn=(1498)
calls=27 0 
0 1475
0 339
cfn=(1204)
calls=27 0 
0 42095
0 524
cob=(4)
cfi=(177)
cfn=(1664) 0x0000000004cbc5c0
calls=48 0 
0 2208
0 144
cfn=(1280)
calls=48 0 
0 1920
0 656
cfn=(1476) 0x000000000000cce0
calls=2 0 
0 712
0 4

fn=(1688) xcb_big_requests_enable_reply
0 2
cfn=(1470) xcb_wait_for_reply
calls=1 0 
0 1460

fn=(2464) xcb_wait_for_event
0 48
cob=(4)
cfi=(177)
cfn=(1192) 0x0000000004cbc630
calls=3 0 
0 117
0 39
cob=(4)
cfi=(177)
cfn=(1094) 0x0000000004cbc380
calls=3 0 
0 261
0 27
cfn=(1204)
calls=3 0 
0 2473
0 12
cfn=(1280)
calls=3 0 
0 120
0 6
cob=(4)
cfi=(177)
cfn=(1208) 0x0000000004cbc550
calls=3 0 
0 75
0 25

fn=(1348) xcb_get_file_descriptor
0 18

fn=(1456) xcb_send_request64
0 8
cfn=(1458) xcb_send_request_with_fds64
calls=2 0 
0 2226

fn=(2638) xcb_poll_for_queued_event
0 165
cob=(4)
cfi=(177)
cfn=(1192)
calls=15 0 
0 574
0 105
cob=(4)
cfi=(177)
cfn=(1208)
calls=15 0 
0 408
0 240

fn=(3474)
0 9
cob=(4)
cfi=(177)
cfn=(3480) 0x0000000004cbc340
calls=1 0 
0 80
0 1
cfn=(3484) 0x000000000000b670
calls=1 0 
0 5
0 3

fn=(1098) 0x000000000000ba50
0 16
cob=(4)
cfi=(177)
cfn=(990) 0x0000000004cbc560
calls=1 0 
0 189
0 8
cob=(2)
cfi=(249)
cfn=(1104)
calls=1 120 
0 6
0 17

fn=(1364) xcb_connection_has_error
0 60

fn=(1398) xcb_get_setup
0 18

fn=(1418) xcb_prefetch_maximum_request_length
0 12
cob=(4)
cfi=(177)
cfn=(1192)
calls=1 0 
0 39
0 8
cob=(4)
cfi=(177)
cfn=(1208)
calls=1 0 
0 25
0 3
cfn=(1420) xcb_get_extension_data
calls=1 0 
0 5767
0 7
cfn=(1676) xcb_big_requests_enable
calls=1 0 
0 1665
0 2

fn=(1476)
0 102
cfn=(1196)
calls=2 0 
0 636
0 2

fn=(1518) 0x000000000000be60
0 3959
cob=(4)
cfi=(177)
cfn=(1520) 0x0000000004cbc590
calls=107 0 
0 5132
0 9684
cob=(4)
cfi=(177)
cfn=(1094)
calls=2 0 
0 174
0 2257
cob=(4)
cfi=(177)
cfn=(1286) 0x0000000004cbc4c0
calls=22 0 
0 550
0 5689
cob=(4)
cfi=(177)
cfn=(990)
calls=363 0 
0 78692
0 2541
cfn=(1300)
calls=363 0 
0 81767
0 3329
cob=(4)
cfi=(177)
cfn=(990)
calls=26 0 
0 2375
0 2386
cob=(4)
cfi=(177)
cfn=(1082) 0x0000000004cbc3b0
calls=70 0 
0 420
0 5459
cob=(4)
cfi=(177)
cfn=(990)
calls=337 0 
0 55659
0 4718
cob=(4)
cfi=(177)
cfn=(1286)
calls=337 0 
0 8425
0 1460
cob=(4)
cfi=(177)
cfn=(1286)
calls=5 0 
0 125
0 5

fn=(652)
0 12

fn=(944) 0x000000000000d0a0
0 23
cob=(4)
cfi=(177)
cfn=(960) 0x0000000004cbc480
calls=1 0 
0 22
0 10
cob=(4)
cfi=(177)
cfn=(976) 0x0000000004cbc360
calls=1 0 
0 118
0 20
cob=(4)
cfi=(177)
cfn=(950) 0x0000000004cbc350
calls=1 0 
0 285
0 9
cob=(4)
cfi=(177)
cfn=(990)
calls=1 0 
0 44
0 10
cob=(4)
cfi=(177)
cfn=(998) 0x0000000004cbc500
calls=1 0 
0 22
0 14
cob=(4)
cfi=(177)
cfn=(960)
calls=1 0 
0 24
0 2

fn=(1024) xcb_connect
0 4
cfn=(1026) xcb_connect_to_display_with_auth_info
calls=1 0 
0 57280

fn=(1168) xcb_connect_to_fd
0 16
cob=(4)
cfi=(177)
cfn=(1170) 0x0000000004cbc4e0
calls=1 0 
0 22262
0 9
cob=(4)
cfi=(177)
cfn=(1174) 0x0000000004cbc400
calls=1 0 
0 909
0 8
cob=(4)
cfi=(177)
cfn=(1174)
calls=1 0 
0 43
0 7
cob=(4)
cfi=(177)
cfn=(1174)
calls=1 0 
0 43
0 6
cob=(4)
cfi=(177)
cfn=(1182) 0x0000000004cbc620
calls=1 0 
0 1072
0 5
cob=(4)
cfi=(177)
cfn=(1186) 0x0000000004cbc540
calls=1 0 
0 1094
0 19
cob=(4)
cfi=(177)
cfn=(990)
calls=1 0 
0 192
0 15
cob=(4)
cfi=(177)
cfn=(1186)
calls=1 0 
0 12
0 8
cob=(4)
cfi=(177)
cfn=(1186)
calls=1 0 
0 12
0 10
cob=(4)
cfi=(177)
cfn=(1182)
calls=1 0 
0 47
0 19
cob=(4)
cfi=(177)
cfn=(1192)
calls=1 0 
0 1022
0 4
cfn=(1196)
calls=1 0 
0 5039
0 3
cob=(4)
cfi=(177)
cfn=(1208)
calls=1 0 
0 25
0 5
cob=(4)
cfi=(177)
cfn=(990)
calls=1 0 
0 186
0 7
cfn=(1300)
calls=1 0 
0 2955
0 6
cob=(4)
cfi=(177)
cfn=(1334) 0x0000000004cbc570
calls=1 0 
0 1010
0 8
cfn=(1300)
calls=1 0 
0 114
0 11
cob=(4)
cfi=(177)
cfn=(1182)
calls=1 0 
0 47
0 5
cob=(4)
cfi=(177)
cfn=(1182)
calls=1 0 
0 47
0 13

fn=(1454) xcb_send_request
0 8
cfn=(1456)
calls=2 0 
0 2234
0 4

fn=(1468) xcb_query_extension_reply
0 2
cfn=(1470)
calls=1 0 
0 3663

fn=(1944) xcb_writev
0 819
cob=(4)
cfi=(177)
cfn=(1192)
calls=39 0 
0 1501
0 195
cfn=(1196)
calls=39 0 
0 209331
0 117
cob=(4)
cfi=(177)
cfn=(1208)
calls=39 0 
0 1035
0 351

fn=(1058) 0x000000000000d340
0 22
cob=(4)
cfi=(177)
cfn=(1060) 0x0000000004cbc650
calls=2 0 
0 870
0 20

fn=(1204)
0 1950
cob=(4)
cfi=(177)
cfn=(1208)
calls=42 0 
0 2143
0 120
cob=(4)
cfi=(177)
cfn=(1208)
calls=30 0 
0 783
0 360
cob=(4)
cfi=(177)
cfn=(1214) 0x0000000004cbc5a0
calls=72 0 
0 3104
0 720
cob=(4)
cfi=(177)
cfn=(1192)
calls=72 0 
0 2777
0 2364
cfn=(1518)
calls=34 0 
0 232904
0 386
cob=(4)
cfi=(177)
cfn=(1240) 0x0000000004cbc3e0
calls=42 0 
0 2254
0 3181

fn=(1354) xcb_generate_id
0 120
cob=(4)
cfi=(177)
cfn=(1192)
calls=10 0 
0 390
0 132
cob=(4)
cfi=(177)
cfn=(1208)
calls=9 0 
0 225
0 4
cob=(4)
cfi=(177)
cfn=(1208)
calls=1 0 
0 25
0 50

fn=(1458)
0 71
cfn=(1420)
calls=1 0 
0 198
0 135
cob=(4)
cfi=(177)
cfn=(1684) 0x0000000004cbc4f0
calls=1 0 
0 915
0 8
cob=(4)
cfi=(177)
cfn=(1192)
calls=2 0 
0 78
0 14
cfn=(1460) 0x000000000000bb50
calls=2 0 
0 6
0 22
cfn=(1460)
calls=2 0 
0 6
0 90
cob=(4)
cfi=(177)
cfn=(1302)
calls=6 0 
0 92
0 96
cob=(4)
cfi=(177)
cfn=(1208)
calls=2 0 
0 50
0 33
cob=(4)
cfi=(177)
cfn=(990)
calls=2 0 
0 384
0 28

fn=(1772) xcb_poll_for_event
0 4279
cob=(4)
cfi=(177)
cfn=(1192)
calls=389 0 
0 14827
0 3153
cob=(4)
cfi=(177)
cfn=(1094)
calls=331 0 
0 37341
0 2557
cob=(4)
cfi=(177)
cfn=(1208)
calls=55 0 
0 1441
0 668
cob=(4)
cfi=(177)
cfn=(1208)
calls=334 0 
0 9316
0 2890
cfn=(1518)
calls=58 0 
0 39884
0 308
cob=(4)
cfi=(177)
cfn=(1094)
calls=3 0 
0 261
0 2511

fn=(1452) xcb_query_extension
0 27
cfn=(1454)
calls=1 0 
0 602
0 5

fn=(1460)
0 15

fn=(1498)
0 3836
cob=(4)
cfi=(177)
cfn=(1094)
calls=26 0 
0 2262
0 156

fn=(1728) xcb_take_socket
0 31
cob=(4)
cfi=(177)
cfn=(1192)
calls=1 0 
0 39
0 2
cfn=(1460)
calls=1 0 
0 3
0 7
cfn=(1476)
calls=1 0 
0 28
0 11
cob=(4)
cfi=(177)
cfn=(1208)
calls=1 0 
0 25
0 1

fn=(1958) xcb_wait_for_reply64
0 1012
cob=(4)
cfi=(177)
cfn=(1192)
calls=46 0 
0 1774
0 184
cfn=(1472)
calls=46 0 
0 51074
0 138
cob=(4)
cfi=(177)
cfn=(1208)
calls=46 0 
0 1210
0 414

fn=(2500) xcb_poll_for_reply64
0 336
cob=(4)
cfi=(177)
cfn=(1192)
calls=16 0 
0 613
0 80
cfn=(1498)
calls=16 0 
0 531
0 80
cob=(4)
cfi=(177)
cfn=(1208)
calls=16 0 
0 433
0 219
cfn=(1518)
calls=15 0 
0 2018
0 105
cfn=(1498)
calls=15 0 
0 495
0 30

fn=(942) xcb_parse_display
0 23
cob=(4)
cfi=(177)
cfn=(960)
calls=1 0 
0 920
0 16
cob=(4)
cfi=(177)
cfn=(950)
calls=1 0 
0 1230
0 6
cob=(4)
cfi=(177)
cfn=(960)
calls=1 0 
0 24
0 10
cob=(4)
cfi=(177)
cfn=(976)
calls=1 0 
0 1101
0 14
cob=(4)
cfi=(177)
cfn=(990)
calls=1 0 
0 1116
0 10
cob=(4)
cfi=(177)
cfn=(998)
calls=1 0 
0 946
0 16

fn=(1026)
0 22
cfn=(944)
calls=1 0 
0 603
0 14
cob=(4)
cfi=(177)
cfn=(990)
calls=1 0 
0 192
0 14
cob=(4)
cfi=(177)
cfn=(1040) 0x0000000004cbc370
calls=1 0 
0 1566
0 31
cob=(4)
cfi=(177)
cfn=(1052) 0x0000000004cbc580
calls=1 0 
0 963
0 6
cfn=(1058)
calls=1 0 
0 883
0 7
cob=(4)
cfi=(177)
cfn=(1070) 0x0000000004cbc600
calls=1 0 
0 892
0 3
cob=(4)
cfi=(177)
cfn=(1082)
calls=1 0 
0 1048
0 9
cob=(4)
cfi=(177)
cfn=(1094)
calls=1 0 
0 87
0 2
cob=(4)
cfi=(177)
cfn=(1094)
calls=1 0 
0 6
0 15
cfn=(1098)
calls=1 0 
0 236
0 12
cob=(4)
cfi=(177)
cfn=(1094)
calls=1 0 
0 87
0 3
cfn=(1168)
calls=1 0 
0 36315
0 17
cob=(4)
cfi=(177)
cfn=(1088) 0x0000000004cbc4d0
calls=1 0 
0 1033
0 8
cob=(4)
cfi=(177)
cfn=(1070)
calls=1 0 
0 10
0 6
cob=(4)
cfi=(177)
cfn=(1094)
calls=1 0 
0 953
0 12
cob=(4)
cfi=(177)
cfn=(1040)
calls=1 0 
0 463
0 13
cob=(4)
cfi=(177)
cfn=(1126) 0x0000000004cbc3a0
calls=1 0 
0 8681
0 10
cob=(4)
cfi=(177)
cfn=(1114) 0x0000000004cbc5d0
calls=1 0 
0 1042
0 4
cob=(4)
cfi=(177)
cfn=(1122) 0x0000000004cbc450
calls=1 0 
0 991
0 7
cob=(4)
cfi=(177)
cfn=(1052)
calls=1 0 
0 54
0 6
cfn=(1058)
calls=1 0 
0 29
0 9
cob=(4)
cfi=(177)
cfn=(1076) 0x0000000004cbc4a0
calls=1 0 
0 914
0 2

fn=(1420)
0 30
cob=(4)
cfi=(177)
cfn=(1192)
calls=2 0 
0 78
0 6
cfn=(1422) 0x0000000000013640
calls=2 0 
0 2101
0 12
cob=(4)
cfi=(177)
cfn=(1208)
calls=1 0 
0 25
0 19
cfn=(1468)
calls=1 0 
0 3665
0 3
cob=(4)
cfi=(177)
cfn=(1208)
calls=1 0 
0 25
0 1

fn=(1676)
0 16
cfn=(1454)
calls=1 0 
0 1644
0 5

fn=(3484)
0 5

fn=(1280)
0 1302
cob=(4)
cfi=(177)
cfn=(1286)
calls=93 0 
0 3322
0 93

fn=(1416) xcb_get_maximum_request_length
0 11
cfn=(1418)
calls=1 0 
0 7528
0 2
cob=(4)
cfi=(177)
cfn=(1192)
calls=1 0 
0 39
0 4
cob=(4)
cfi=(177)
cfn=(1208)
calls=1 0 
0 25
0 9
cfn=(1688)
calls=1 0 
0 1462
0 7
cob=(4)
cfi=(177)
cfn=(1094)
calls=1 0 
0 87
0 1

fn=(1422)
0 26
cob=(4)
cfi=(177)
cfn=(1192)
calls=2 0 
0 78
0 12
cob=(4)
cfi=(177)
cfn=(1208)
calls=1 0 
0 25
0 2
cob=(4)
cfi=(177)
cfn=(1208)
calls=1 0 
0 25
0 36
cob=(4)
cfi=(177)
cfn=(1122)
calls=1 0 
0 16
0 4
cfn=(1452)
calls=1 0 
0 634
0 8
cob=(4)
cfi=(177)
cfn=(1334)
calls=1 0 
0 218
0 19
cob=(4)
cfi=(177)
cfn=(1436) 0x0000000004cbc5f0
calls=1 0 
0 990
0 8

fn=(1470)
0 42
cob=(4)
cfi=(177)
cfn=(1192)
calls=2 0 
0 78
0 22
cfn=(1472)
calls=2 0 
0 4907
0 6
cob=(4)
cfi=(177)
cfn=(1208)
calls=2 0 
0 50
0 18

ob=(5)
fl=(180)
fn=(3390) 0x0000000000001060
0 5

fn=(3380)
0 9
cob=(4)
cfi=(177)
cfn=(3386) 0x000000000483d030
calls=1 0 
0 80
0 1
cfn=(3390)
calls=1 0 
0 5
0 3

fn=(592)
0 12

ob=(4)
fl=(177)
fn=(716)
0 7

fn=(784)
0 396
cob=(2)
cfi=(214)
cfn=(786)
calls=198 52 
0 2780

fn=(826)
0 2
cob=(2)
cfi=(222)
cfn=(828)
calls=1 218 
0 173

fn=(868)
0 4
cob=(2)
cfi=(232)
cfn=(870)
calls=2 242 
0 28

fn=(896) 0x000000000497a0a0
0 1564
cob=(2)
cfi=(236)
cfn=(900)
calls=782 77 
0 28280
cob=(1)
cfi=(191)
cfn=(678)
calls=1 71 
0 938
0 5

fn=(922) 0x000000000497a040
0 8
cob=(2)
cfi=(239)
cfn=(926)
calls=4 40 
0 559
cob=(1)
cfi=(191)
cfn=(678)
calls=1 71 
0 840
0 5

fn=(1070)
0 4
cob=(2)
cfi=(250)
cfn=(1074)
calls=2 24 
0 20
cob=(1)
cfi=(191)
cfn=(678)
calls=1 71 
0 873
0 5

fn=(1140)
0 2
cob=(2)
cfi=(214)
cfn=(786)
calls=1 52 
0 14
cob=(1)
cfi=(191)
cfn=(678)
calls=1 71 
0 929
0 5

fn=(1356) 0x0000000004979db0
0 8
cob=(2)
cfi=(259)
cfn=(1190)
calls=4 27 
0 40
cob=(1)
cfi=(191)
cfn=(678)
calls=1 71 
0 1118
0 5

fn=(1360) 0x0000000004979f40
0 40
cob=(10)
cfi=(189)
cfn=(1364)
calls=20 0 
0 60
cob=(1)
cfi=(191)
cfn=(678)
calls=1 71 
0 1035
0 5

fn=(1940) 0x0000000004979bf0
0 78
cob=(10)
cfi=(189)
cfn=(1944)
calls=39 0 
0 213349
cob=(1)
cfi=(191)
cfn=(678)
calls=1 71 
0 934
0 5

fn=(2062)
0 2
cob=(12)
cfi=(202)
cfn=(2064)
calls=1 0 
0 26122

fn=(2092)
0 4
cob=(11)
cfi=(190)
cfn=(2096) XESetEventToWire
calls=2 0 
0 338
cob=(1)
cfi=(191)
cfn=(678)
calls=1 71 
0 841
0 5

fn=(2150)
0 36
cob=(11)
cfi=(190)
cfn=(1720) _XGetRequest
calls=18 0 
0 522
cob=(1)
cfi=(191)
cfn=(678)
calls=1 71 
0 771
0 5

fn=(2232)
0 2
cob=(2)
cfi=(238)
cfn=(920)
calls=1 158 
0 65585

fn=(2440)
0 2
cob=(11)
cfi=(190)
cfn=(1694) XCreateGC
calls=1 0 
0 648

fn=(2460) 0x0000000004979f10
0 6
cob=(10)
cfi=(189)
cfn=(2464)
calls=3 0 
0 3203
cob=(1)
cfi=(191)
cfn=(678)
calls=1 71 
0 1036
0 5

fn=(2618)
0 6
cob=(2)
cfi=(328)
cfn=(2620)
calls=3 87 
0 18

fn=(2622)
0 6
cob=(11)
cfi=(190)
cfn=(2624) XCreatePixmap
calls=3 0 
0 702

fn=(2634) 0x0000000004979dd0
0 30
cob=(10)
cfi=(189)
cfn=(2638)
calls=15 0 
0 1492
cob=(1)
cfi=(191)
cfn=(678)
calls=1 71 
0 1087
0 5

fn=(2662)
0 2
cob=(2)
cfi=(334)
cfn=(2664)
calls=1 31 
0 189

fn=(736)
0 7

fn=(2960)
0 160
cob=(1)
cfi=(46)
cfn=(2962)
calls=80 636 
0 31485

fn=(3332)
0 2
cob=(11)
cfi=(190)
cfn=(3334) XDestroyWindow
calls=1 0 
0 197

fn=(3432)
0 4

fn=(3544)
0 4

fn=(672) 0x0000000004979de0
0 460
cob=(2)
cfi=(193)
cfn=(684)
calls=230 3294 
0 43766
cob=(1)
cfi=(191)
cfn=(678)
calls=1 71 
0 889
0 5

fn=(876)
0 862
cob=(2)
cfi=(193)
cfn=(684)
calls=431 3294 
0 52187

fn=(882) 0x00000000049798d0
0 12
cob=(2)
cfi=(235)
cfn=(886)
calls=6 24 
0 1982
cob=(1)
cfi=(191)
cfn=(678)
calls=1 71 
0 901
0 5

fn=(1088)
0 2
cob=(2)
cfi=(253)
cfn=(1092)
calls=1 93 
0 7
cob=(1)
cfi=(191)
cfn=(678)
calls=1 71 
0 1019
0 5

fn=(1126)
0 2
cob=(9)
cfi=(188)
cfn=(1130)
calls=1 0 
0 7625
cob=(1)
cfi=(191)
cfn=(678)
calls=1 71 
0 1049
0 5

fn=(1170)
0 2
cob=(2)
cfi=(193)
cfn=(916)
calls=1 3699 
0 21399
cob=(1)
cfi=(191)
cfn=(678)
calls=1 71 
0 856
0 5

fn=(1436)
0 2
cob=(2)
cfi=(238)
cfn=(1440)
calls=1 152 
0 19
cob=(1)
cfi=(191)
cfn=(678)
calls=1 71 
0 964
0 5

fn=(1664)
0 96
cob=(2)
cfi=(268)
cfn=(1668)
calls=48 42 
0 960
cob=(1)
cfi=(191)
cfn=(678)
calls=1 71 
0 1147
0 5

fn=(1896) 0x0000000004979f00
0 36
cob=(2)
cfi=(269)
cfn=(1900)
calls=18 23 
0 54
cob=(1)
cfi=(191)
cfn=(678)
calls=1 71 
0 844
0 5

fn=(2020)
0 4
cob=(11)
cfi=(190)
cfn=(2022) XInternAtom
calls=2 0 
0 8762

fn=(2078)
0 12
cob=(2)
cfi=(193)
cfn=(684)
calls=6 3294 
0 554
cob=(1)
cfi=(191)
cfn=(678)
calls=1 71 
0 930
0 5

fn=(2276) 0x0000000004857300
0 4
cob=(3)
cfi=(293) ./math/../sysdeps/ieee754/dbl-64/e_asin.c
cfn=(2278) __ieee754_asin_fma
calls=2 47 
0 108

fn=(2400)
0 2
cob=(11)
cfi=(190)
cfn=(2402) XGetWMNormalHints
calls=1 0 
0 4050

fn=(2446)
0 2
cob=(11)
cfi=(190)
cfn=(2448) XMapRaised
calls=1 0 
0 607

fn=(2606)
0 12
cob=(11)
cfi=(190)
cfn=(892) XSetErrorHandler
calls=6 0 
0 612

fn=(2666)
0 1634
cob=(2)
cfi=(193)
cfn=(1014)
calls=817 3359 
0 3432

fn=(2762)
0 26
cob=(3)
cfi=(355) ./math/../sysdeps/ieee754/dbl-64/s_tan.c
cfn=(2764) __tan_fma
calls=13 50 
0 962

fn=(2792)
0 182
cob=(1)
cfi=(46)
cfn=(2794)
calls=91 626 
0 55915

fn=(2874)
0 18356494
cob=(3)
cfi=(391) ./math/../sysdeps/ieee754/flt-32/e_powf.c
cfn=(2876) __powf_fma
calls=9178247 148 
0 590306706

fn=(2910)
0 240
cob=(2)
cfi=(399)
cfn=(2912)
calls=120 23 
0 54649

fn=(3244)
0 72
cob=(1)
cfi=(46)
cfn=(528)
calls=36 523 
0 11052

fn=(3326)
0 6
cob=(11)
cfi=(190)
cfn=(3328) XFreePixmap
calls=3 0 
0 591

fn=(3376)
0 4

fn=(3404) 0x0000000004857220
0 2
cob=(2)
cfi=(476)
cfn=(3362)
calls=1 30 
0 78

fn=(3472)
0 4

fn=(3516)
0 2
cob=(2)
cfi=(476)
cfn=(3362)
calls=1 30 
0 78

fn=(756)
0 7

fn=(800)
0 14
cob=(2)
cfi=(193)
cfn=(684)
calls=7 3294 
0 1254

fn=(860)
0 6614
cob=(2)
cfi=(232)
cfn=(862)
calls=3307 255 
0 52517

fn=(912) 0x0000000004979ca0
0 106
cob=(2)
cfi=(193)
cfn=(916)
calls=53 3699 
0 62035
cob=(1)
cfi=(191)
cfn=(678)
calls=1 71 
0 833
0 5

fn=(930)
0 10
cob=(2)
cfi=(232)
cfn=(932)
calls=5 249 
0 101

fn=(1020) 0x0000000004979ab0
0 2
cob=(10)
cfi=(189)
cfn=(1024)
calls=1 0 
0 57284
cob=(1)
cfi=(191)
cfn=(678)
calls=1 71 
0 896
0 5

fn=(1040)
0 4
cob=(2)
cfi=(244)
cfn=(1044)
calls=2 27 
0 1104
cob=(1)
cfi=(191)
cfn=(678)
calls=1 71 
0 916
0 5

fn=(1060)
0 4
cob=(2)
cfi=(249)
cfn=(1064)
calls=2 120 
0 12
cob=(1)
cfi=(191)
cfn=(678)
calls=1 71 
0 849
0 5

fn=(1076)
0 2
cob=(2)
cfi=(251)
cfn=(1080)
calls=1 26 
0 8
cob=(1)
cfi=(191)
cfn=(678)
calls=1 71 
0 899
0 5

fn=(1406)
0 2
cob=(2)
cfi=(266)
cfn=(1408)
calls=1 54 
0 25

fn=(2180)
0 2
cob=(2)
cfi=(254)
cfn=(1118)
calls=1 28 
0 76

fn=(2336)
0 448
cob=(2)
cfi=(311)
cfn=(2338)
calls=224 404 
0 226072

fn=(2366)
0 2
cob=(2)
cfi=(317)
cfn=(2368)
calls=1 32 
0 467

fn=(2570)
0 6
cob=(2)
cfi=(193)
cfn=(916)
calls=3 3699 
0 705

fn=(2598)
0 6
cob=(2)
cfi=(326)
cfn=(2600)
calls=3 28 
0 21

fn=(2608)
0 6
cob=(12)
cfi=(202)
cfn=(2610)
calls=3 0 
0 795

fn=(3360)
0 2
cob=(2)
cfi=(476)
cfn=(3362)
calls=1 30 
0 78

fn=(3450)
0 4

fn=(3562)
0 4

fn=(628)
0 7

fn=(658)
0 7

fn=(854)
0 1332
cob=(2)
cfi=(230)
cfn=(856)
calls=666 53 
0 12654

fn=(878)
0 2
cob=(11)
cfi=(190)
cfn=(880) XOpenDisplay
calls=1 0 
0 165322

fn=(938) 0x000000000497a0d0
0 2
cob=(10)
cfi=(189)
cfn=(942)
calls=1 0 
0 5432
cob=(1)
cfi=(191)
cfn=(678)
calls=1 71 
0 978
0 5

fn=(1192)
0 1204
cob=(2)
cfi=(236)
cfn=(900)
calls=602 77 
0 21837
cob=(1)
cfi=(191)
cfn=(678)
calls=1 71 
0 978
0 5

fn=(1318)
0 6
cob=(2)
cfi=(264)
cfn=(1322)
calls=3 24 
0 86
cob=(1)
cfi=(191)
cfn=(678)
calls=1 71 
0 837
0 5

fn=(1334)
0 4
cob=(2)
cfi=(193)
cfn=(1338)
calls=2 3407 
0 361
cob=(1)
cfi=(191)
cfn=(678)
calls=1 71 
0 858
0 5

fn=(1768) 0x0000000004979e30
0 778
cob=(10)
cfi=(189)
cfn=(1772)
calls=389 0 
0 119436
cob=(1)
cfi=(191)
cfn=(678)
calls=1 71 
0 984
0 5

fn=(2088)
0 4
cob=(11)
cfi=(190)
cfn=(2016) XESetWireToEvent
calls=2 0 
0 338
cob=(1)
cfi=(191)
cfn=(678)
calls=1 71 
0 830
0 5

fn=(2324)
0 33740370
cob=(3)
cfi=(309) ./math/../sysdeps/x86_64/fpu/s_fmin.S
cfn=(2326) fmin
calls=16870185 23 
0 101221110

fn=(2382)
0 2
cob=(2)
cfi=(323)
cfn=(2384)
calls=1 61 
0 19

fn=(2408)
0 2
cob=(11)
cfi=(190)
cfn=(2410) XSetWMNormalHints
calls=1 0 
0 458

fn=(2586)
0 6
cob=(11)
cfi=(190)
cfn=(2590) _XGetBitsPerPixel
calls=3 0 
0 111
cob=(1)
cfi=(191)
cfn=(678)
calls=1 71 
0 846
0 5

fn=(2614)
0 26
cob=(11)
cfi=(190)
cfn=(2616) XSync
calls=13 0 
0 54191

fn=(2650)
0 2
cob=(2)
cfi=(331)
cfn=(2652)
calls=1 82 
0 412

fn=(638)
0 7

fn=(2900) 0x0000000004857330
0 308974
cob=(3)
cfi=(293)
cfn=(2902) __ieee754_acos_fma
calls=154487 184 
0 9281102

fn=(2998)
0 280
cob=(2)
cfi=(244)
cfn=(1044)
calls=140 27 
0 151019

fn=(3064)
0 20
cob=(12)
cfi=(202)
cfn=(3066)
calls=10 0 
0 2920

fn=(3206) 0x0000000004857370
0 756
cob=(3)
cfi=(453) ./math/../sysdeps/ieee754/dbl-64/e_pow.c
cfn=(3208) __ieee754_pow_fma
calls=378 283 
0 40068

fn=(3320)
0 6
cob=(2)
cfi=(193)
cfn=(1014)
calls=3 3359 
0 255
cob=(1)
cfi=(191)
cfn=(678)
calls=1 71 
0 844
0 5

fn=(3336)
0 2
cob=(11)
cfi=(190)
cfn=(3338) XFreeGC
calls=1 0 
0 320

fn=(3422) 0x0000000004932140
0 2
cob=(2)
cfi=(476)
cfn=(3362)
calls=1 30 
0 78

fn=(3490)
0 4

fn=(3534)
0 2
cob=(2)
cfi=(476)
cfn=(3362)
calls=1 30 
0 78

fn=(766)
0 2
cob=(1)
cfi=(48)
cfn=(768)
calls=1 118 
0 5

fn=(564)
0 42
cob=(1)
cfi=(11)
cfn=(28)
calls=21 387 
0 493

fn=(602)
0 2
cob=(2)
cfi=(183)
cfn=(604)
calls=1 53 
0 22

fn=(998)
0 4
cob=(2)
cfi=(232)
cfn=(932)
calls=2 249 
0 40
cob=(1)
cfi=(191)
cfn=(678)
calls=1 71 
0 919
0 5

fn=(1082)
0 142
cob=(2)
cfi=(252)
cfn=(1086)
calls=71 25 
0 284
cob=(1)
cfi=(191)
cfn=(678)
calls=1 71 
0 1037
0 5

fn=(1162)
0 2
cob=(2)
cfi=(256)
cfn=(1166)
calls=1 25 
0 10
cob=(1)
cfi=(191)
cfn=(678)
calls=1 71 
0 894
0 5

fn=(1174)
0 6
cob=(2)
cfi=(257)
cfn=(1178)
calls=3 38 
0 123
cob=(1)
cfi=(191)
cfn=(678)
calls=1 71 
0 861
0 5

fn=(1400) 0x0000000004979e60
0 2
cob=(2)
cfi=(265)
cfn=(1404)
calls=1 24 
0 31
cob=(1)
cfi=(191)
cfn=(678)
calls=1 71 
0 861
0 5

fn=(1520)
0 214
cob=(2)
cfi=(267)
cfn=(1524)
calls=107 35 
0 4056
cob=(1)
cfi=(191)
cfn=(678)
calls=1 71 
0 857
0 5

fn=(1684)
0 2
cob=(2)
cfi=(225)
cfn=(836)
calls=1 206 
0 20
cob=(1)
cfi=(191)
cfn=(678)
calls=1 71 
0 888
0 5

fn=(2054) 0x0000000004979e80
0 4
cob=(2)
cfi=(248)
cfn=(1056)
calls=2 27 
0 106
cob=(1)
cfi=(191)
cfn=(678)
calls=1 71 
0 904
0 5

fn=(2182)
0 22
cob=(2)
cfi=(235)
cfn=(886)
calls=11 24 
0 3333

fn=(2196)
0 4
cob=(2)
cfi=(274)
cfn=(2198)
calls=2 30 
0 72

fn=(2280)
0 308978
cob=(3)
cfi=(294) ./math/./math/w_atan2_compat.c
cfn=(2282) atan2
calls=154489 32 
0 22984201

fn=(2312)
0 91314646
cob=(3)
cfi=(305) ./math/../sysdeps/x86_64/fpu/s_fmax.S
cfn=(2314) fmax
calls=45657323 23 
0 273943938

fn=(2626)
0 6
cob=(11)
cfi=(190)
cfn=(2628) XFlush
calls=3 0 
0 8163

fn=(588)
0 7

fn=(726)
0 7

fn=(2690)
0 2
cob=(2)
cfi=(239)
cfn=(926)
calls=1 40 
0 493

fn=(2970)
0 74
cob=(2)
cfi=(232)
cfn=(862)
calls=37 255 
0 16223939

fn=(3462) 0x0000000004979890
0 2
cob=(2)
cfi=(476)
cfn=(3362)
calls=1 30 
0 78

fn=(904) 0x0000000004979dc0
0 1564
cob=(2)
cfi=(237)
cfn=(908)
calls=782 367 
0 19948
cob=(1)
cfi=(191)
cfn=(678)
calls=1 71 
0 964
0 5

fn=(1208)
0 1204
cob=(2)
cfi=(237)
cfn=(908)
calls=602 367 
0 15157
cob=(1)
cfi=(191)
cfn=(678)
calls=1 71 
0 1028
0 5

fn=(1272)
0 84
cob=(2)
cfi=(262)
cfn=(1276)
calls=42 39 
0 966
cob=(1)
cfi=(191)
cfn=(678)
calls=1 71 
0 948
0 5

fn=(2240)
0 2
cob=(2)
cfi=(282)
cfn=(2242)
calls=1 25 
0 8

fn=(2284) 0x0000000004857260
0 308978
cob=(3)
cfi=(295) ./math/../sysdeps/ieee754/dbl-64/e_atan2.c
cfn=(2286) __ieee754_atan2_fma
calls=154489 60 
0 18812998

fn=(2392)
0 2
cob=(11)
cfi=(190)
cfn=(2394) XCreateWindow
calls=1 0 
0 376

fn=(2592)
0 6
cob=(11)
cfi=(190)
cfn=(2596) _XInitImageFuncPtrs
calls=3 0 
0 93
cob=(1)
cfi=(191)
cfn=(678)
calls=1 71 
0 879
0 5

fn=(2740)
0 1214
cob=(3)
cfi=(348) ./math/../sysdeps/ieee754/dbl-64/s_sincos.c
cfn=(2742) __sincos_fma
calls=607 37 
0 33330

fn=(2758)
0 40
cob=(2)
cfi=(354)
cfn=(2760)
calls=20 30 
0 220

fn=(3068)
0 20
cob=(11)
cfi=(190)
cfn=(3070) XCopyArea
calls=10 0 
0 2270

fn=(3238)
0 28
cob=(2)
cfi=(460)
cfn=(3240)
calls=14 28 
0 168

fn=(3260)
0 756
cob=(2)
cfi=(464)
cfn=(3262)
calls=378 33 
0 6020

fn=(3314)
0 6
cob=(2)
cfi=(472)
cfn=(3316)
calls=3 27 
0 18

fn=(3396)
0 4

fn=(3440)
0 2
cob=(2)
cfi=(476)
cfn=(3362)
calls=1 30 
0 78

fn=(3508)
0 4

fn=(3552)
0 2
cob=(2)
cfi=(476)
cfn=(3362)
calls=1 30 
0 78

fn=(708) 0x000000000497a060
0 8
cob=(2)
cfi=(200)
cfn=(712)
calls=4 53 
0 180
cob=(1)
cfi=(191)
cfn=(678)
calls=1 71 
0 979
0 5

fn=(780)
0 2
cob=(2)
cfi=(213)
cfn=(782)
calls=1 33 
0 3344

fn=(818)
0 26
cob=(2)
cfi=(221)
cfn=(820)
calls=13 32 
0 918

fn=(842)
0 4
cob=(2)
cfi=(227)
cfn=(844)
calls=2 25 
0 1534

fn=(990)
0 1468
cob=(2)
cfi=(193)
cfn=(684)
calls=734 3294 
0 136631
cob=(1)
cfi=(191)
cfn=(678)
calls=1 71 
0 925
0 5

fn=(1122)
0 4
cob=(2)
cfi=(214)
cfn=(786)
calls=2 52 
0 28
cob=(1)
cfi=(191)
cfn=(678)
calls=1 71 
0 970
0 5

fn=(1144)
0 4
cob=(2)
cfi=(193)
cfn=(1014)
calls=2 3359 
0 119
cob=(1)
cfi=(191)
cfn=(678)
calls=1 71 
0 797
0 5

fn=(1158)
0 2
cob=(2)
cfi=(244)
cfn=(1044)
calls=1 27 
0 557
cob=(1)
cfi=(191)
cfn=(678)
calls=1 71 
0 962
0 5

fn=(1302)
0 742
cob=(2)
cfi=(232)
cfn=(862)
calls=371 255 
0 4863
cob=(1)
cfi=(191)
cfn=(678)
calls=1 71 
0 1058
0 5

fn=(1350) 0x0000000004979b30
0 20
cob=(10)
cfi=(189)
cfn=(1354)
calls=10 0 
0 946
cob=(1)
cfi=(191)
cfn=(678)
calls=1 71 
0 920
0 5

fn=(1412) 0x0000000004979e50
0 2
cob=(10)
cfi=(189)
cfn=(1416)
calls=1 0 
0 9175
cob=(1)
cfi=(191)
cfn=(678)
calls=1 71 
0 1078
0 5

fn=(1986) 0x0000000004979ae0
0 14
cob=(2)
cfi=(214)
cfn=(786)
calls=7 52 
0 98
cob=(1)
cfi=(191)
cfn=(678)
calls=1 71 
0 924
0 5

fn=(2116)
0 4
cob=(11)
cfi=(190)
cfn=(2120) XESetCloseDisplay
calls=2 0 
0 343
cob=(1)
cfi=(191)
cfn=(678)
calls=1 71 
0 859
0 5

fn=(2174)
0 2
cob=(11)
cfi=(190)
cfn=(2178) XESetErrorString
calls=1 0 
0 174
cob=(1)
cfi=(191)
cfn=(678)
calls=1 71 
0 830
0 5

fn=(2200)
0 4
cob=(2)
cfi=(251)
cfn=(1080)
calls=2 26 
0 16

fn=(2272)
0 4
cob=(3)
cfi=(292) ./math/./math/w_asin_compat.c
cfn=(2274) asin
calls=2 29 
0 124

fn=(2452)
0 2
cob=(11)
cfi=(190)
cfn=(2454) XWindowEvent
calls=1 0 
0 19818

fn=(2572)
0 6
cob=(12)
cfi=(202)
cfn=(2574)
calls=3 0 
0 4721

fn=(2602)
0 6
cob=(2)
cfi=(327)
cfn=(2604)
calls=3 28 
0 18

fn=(2720)
0 614
cob=(11)
cfi=(190)
cfn=(2722) XNextEvent
calls=307 0 
0 78889

fn=(2772)
0 254
cob=(2)
cfi=(358)
cfn=(2774)
calls=127 626 
0 143940

fn=(3082)
0 82
cob=(11)
cfi=(190)
cfn=(3084) XkbKeycodeToKeysym
calls=41 0 
0 81741

fn=(3480)
0 2
cob=(2)
cfi=(476)
cfn=(3362)
calls=1 30 
0 78

fn=(950)
0 4
cob=(2)
cfi=(235)
cfn=(886)
calls=2 24 
0 566
cob=(1)
cfi=(191)
cfn=(678)
calls=1 71 
0 940
0 5

fn=(976)
0 4
cob=(2)
cfi=(242)
cfn=(980)
calls=2 125 
0 232
cob=(1)
cfi=(191)
cfn=(678)
calls=1 71 
0 978
0 5

fn=(1010) 0x0000000004979900
0 782
cob=(2)
cfi=(193)
cfn=(1014)
calls=391 3359 
0 41912
cob=(1)
cfi=(191)
cfn=(678)
calls=1 71 
0 797
0 5

fn=(1094)
0 740
cob=(2)
cfi=(193)
cfn=(1014)
calls=370 3359 
0 39913
cob=(1)
cfi=(191)
cfn=(678)
calls=1 71 
0 861
0 5

fn=(1148)
0 2
cob=(2)
cfi=(193)
cfn=(684)
calls=1 3294 
0 45
cob=(1)
cfi=(191)
cfn=(678)
calls=1 71 
0 884
0 5

fn=(1154)
0 2
cob=(2)
cfi=(207)
cfn=(752)
calls=1 67 
0 76
cob=(1)
cfi=(191)
cfn=(678)
calls=1 71 
0 944
0 5

fn=(1186)
0 6
cob=(2)
cfi=(259)
cfn=(1190)
calls=3 27 
0 30
cob=(1)
cfi=(191)
cfn=(678)
calls=1 71 
0 1077
0 5

fn=(1308)
0 730
cob=(2)
cfi=(232)
cfn=(862)
calls=365 255 
0 58795
cob=(1)
cfi=(191)
cfn=(678)
calls=1 71 
0 931
0 5

fn=(1344) 0x0000000004979990
0 2
cob=(10)
cfi=(189)
cfn=(1348)
calls=1 0 
0 18
cob=(1)
cfi=(191)
cfn=(678)
calls=1 71 
0 1026
0 5

fn=(1724) 0x0000000004979ed0
0 2
cob=(10)
cfi=(189)
cfn=(1728)
calls=1 0 
0 147
cob=(1)
cfi=(191)
cfn=(678)
calls=1 71 
0 928
0 5

fn=(1954) 0x0000000004979e20
0 92
cob=(10)
cfi=(189)
cfn=(1958)
calls=46 0 
0 55806
cob=(1)
cfi=(191)
cfn=(678)
calls=1 71 
0 983
0 5

fn=(2098)
0 4
cob=(2)
cfi=(225)
cfn=(836)
calls=2 206 
0 40
cob=(1)
cfi=(191)
cfn=(678)
calls=1 71 
0 888
0 5

fn=(2358)
0 1406
cob=(2)
cfi=(193)
cfn=(1014)
calls=703 3359 
0 45691

fn=(2420)
0 2
cob=(11)
cfi=(190)
cfn=(2422) XSetWMProtocols
calls=1 0 
0 726

fn=(2560)
0 2
cob=(11)
cfi=(190)
cfn=(2562) XPutBackEvent
calls=1 0 
0 253

fn=(2576)
0 6
cob=(2)
cfi=(193)
cfn=(916)
calls=3 3699 
0 717
cob=(1)
cfi=(191)
cfn=(678)
calls=1 71 
0 856
0 5

fn=(618)
0 7

fn=(2712)
0 2
cob=(11)
cfi=(190)
cfn=(2714) XChangeWindowAttributes
calls=1 0 
0 308

fn=(2732)
0 60
cob=(2)
cfi=(164)
cfn=(2734)
calls=30 33 
0 240

fn=(3202)
0 756
cob=(3)
cfi=(452) ./math/./w_pow_template.c
cfn=(3204) pow@@GLIBC_2.29
calls=378 31 
0 49140

fn=(3248)
0 770
cob=(2)
cfi=(461)
cfn=(3250)
calls=385 25 
0 41749

fn=(3310)
0 6
cob=(12)
cfi=(202)
cfn=(3312)
calls=3 0 
0 750

fn=(3414)
0 4

fn=(3526)
0 4

fn=(648)
0 7

fn=(608)
0 7

fn=(834)
0 2
cob=(2)
cfi=(225)
cfn=(836)
calls=1 206 
0 20

fn=(888)
0 30
cob=(2)
cfi=(225)
cfn=(890)
calls=15 206 
0 369

fn=(918)
0 320
cob=(2)
cfi=(238)
cfn=(920)
calls=160 158 
0 75133

fn=(960)
0 8
cob=(2)
cfi=(183)
cfn=(604)
calls=4 53 
0 84
cob=(1)
cfi=(191)
cfn=(678)
calls=1 71 
0 893
0 5

fn=(1052)
0 4
cob=(2)
cfi=(248)
cfn=(1056)
calls=2 27 
0 104
cob=(1)
cfi=(191)
cfn=(678)
calls=1 71 
0 904
0 5

fn=(1114)
0 2
cob=(2)
cfi=(254)
cfn=(1118)
calls=1 28 
0 76
cob=(1)
cfi=(191)
cfn=(678)
calls=1 71 
0 959
0 5

fn=(1134)
0 4
cob=(2)
cfi=(235)
cfn=(886)
calls=2 24 
0 450
cob=(1)
cfi=(191)
cfn=(678)
calls=1 71 
0 901
0 5

fn=(1182)
0 8
cob=(2)
cfi=(200)
cfn=(712)
calls=4 53 
0 180
cob=(1)
cfi=(191)
cfn=(678)
calls=1 71 
0 1020
0 5

fn=(1214)
0 144
cob=(2)
cfi=(260)
cfn=(1218)
calls=72 27 
0 2095
cob=(1)
cfi=(191)
cfn=(678)
calls=1 71 
0 860
0 5

fn=(1240)
0 84
cob=(2)
cfi=(261)
cfn=(1244)
calls=42 25 
0 1316
cob=(1)
cfi=(191)
cfn=(678)
calls=1 71 
0 849
0 5

fn=(1286)
0 914
cob=(2)
cfi=(263)
cfn=(1290)
calls=457 35 
0 10511
cob=(1)
cfi=(191)
cfn=(678)
calls=1 71 
0 992
0 5

fn=(1394) 0x0000000004979fa0
0 2
cob=(10)
cfi=(189)
cfn=(1398)
calls=1 0 
0 18
cob=(1)
cfi=(191)
cfn=(678)
calls=1 71 
0 908
0 5

fn=(1930) 0x00000000049799d0
0 116
cob=(2)
cfi=(262)
cfn=(1276)
calls=58 39 
0 1334
cob=(1)
cfi=(191)
cfn=(678)
calls=1 71 
0 989
0 5

fn=(1976) 0x0000000004979d30
0 56
cob=(2)
cfi=(232)
cfn=(862)
calls=28 255 
0 896
cob=(1)
cfi=(191)
cfn=(678)
calls=1 71 
0 1058
0 5

fn=(2084)
0 4
cob=(11)
cfi=(190)
cfn=(1982) XInitExtension
calls=2 0 
0 8715
cob=(1)
cfi=(191)
cfn=(678)
calls=1 71 
0 829
0 5

fn=(2156)
0 4
cob=(11)
cfi=(190)
cfn=(1938) _XReply
calls=2 0 
0 6872
cob=(1)
cfi=(191)
cfn=(678)
calls=1 71 
0 743
0 5

fn=(2416)
0 2
cob=(11)
cfi=(190)
cfn=(2418) XStoreName
calls=1 0 
0 323

fn=(2496) 0x0000000004979ce0
0 32
cob=(10)
cfi=(189)
cfn=(2500)
calls=16 0 
0 4940
cob=(1)
cfi=(191)
cfn=(678)
calls=1 71 
0 1035
0 5

fn=(2580)
0 6
cob=(11)
cfi=(190)
cfn=(2584) _XGetScanlinePad
calls=3 0 
0 111
cob=(1)
cfi=(191)
cfn=(678)
calls=1 71 
0 830
0 5

fn=(2654)
0 50
cob=(2)
cfi=(332)
cfn=(2656)
calls=25 32 
0 1008

fn=(2716)
0 632
cob=(11)
cfi=(190)
cfn=(2718) XPending
calls=316 0 
0 517557

fn=(2896)
0 308974
cob=(3)
cfi=(398) ./math/./math/w_acos_compat.c
cfn=(2898) acos
calls=154487 29 
0 10516998

fn=(3386)
0 2
cob=(2)
cfi=(476)
cfn=(3362)
calls=1 30 
0 78

fn=(3498)
0 2
cob=(2)
cfi=(476)
cfn=(3362)
calls=1 30 
0 78

ob=(3)
fl=(153)
fn=(476)
27 1
fi=(142) ./math/../sysdeps/x86_64/fpu/multiarch/ifunc-fma.h
+2 4
+1 3
fe=(153)
-3 1

fl=(158)
fn=(496)
49 6

fl=(151)
fn=(472)
27 1
fi=(152) ./math/../sysdeps/x86_64/fpu/multiarch/ifunc-fma4.h
+4 4
+1 2
fe=(151)
-5 1

fl=(348)
fn=(2742)
37 7891
fi=(349) ./math/../sysdeps/x86/fpu/fenv_private.h
415 607
+1 1821
+3 607
-3 607
+3 1821
fe=(348)
44 1821
+2 1214
+7 1174
-3 1174
+9 40
+16 40
+32 6070
-54 2268
+2 567
-1 567
+1 567
fi=(349)
431 1214
fi=(350) ./math/../sysdeps/ieee754/dbl-64/s_sin.c
135 20
+7 20
-7 20
+7 20
-6 20
-8 20
+14 80
-6 20
+6 80
-14 20
+14 80
-14 20
+5 40
+7 20
-7 20
+7 20
+1 40
-8 20
+6 20
+1 40
+1 20
-1 40
+1 40
-1 20
+1 60
+2 80
+1 100
-40 20
fe=(348)
-43 20
fi=(350)
+43 60
+4 20
+3 20
+1 40
+1 20
-1 20
+1 20
+2 20
-2 20
+2 40
+1 20
fe=(348)
-54 20
+1 20
+18 40
fi=(350)
+75 60
+8 20
-7 20
+3 20
-1 20
+1 20
-1 20
+5 40
+4 20
-4 20
+1 40
+3 40
+1 60
fe=(348)
-85 60
+2 40
+1 20
+3 100
fi=(350)
+38 20
+7 20
+7 20
-7 20
+7 20
-6 20
-8 20
+14 80
-6 20
+6 80
-14 20
+14 80
-14 20
fe=(348)
-31 20
fi=(350)
+7 20
+1 20
fe=(348)
-6 20
fi=(350)
+6 60
+3 20
+3 20
+1 40
+1 20
-1 20
+1 20
+2 20
-2 20
+2 40
+1 20
fe=(348)
-17 60
+1 20
fi=(350)
+29 320
fe=(348)

fl=(149)
fn=(464)
26 2
fi=(142)
+3 8
+1 6
fe=(149)
-4 2

fl=(163)
fn=(522)
26 1
fi=(144) ./math/../sysdeps/x86_64/fpu/multiarch/ifunc-avx-fma4.h
+6 5
+1 2
fe=(163)
-7 1

fl=(148)
fn=(460)
27 1
fi=(142)
+2 4
+1 3
fe=(148)
-3 1

fl=(147)
fn=(456)
27 1
fi=(142)
+2 4
+1 3
fe=(147)
-3 1

fl=(157)
fn=(492)
26 2
fi=(142)
+3 8
+1 6
fe=(157)
-4 2

fl=(292)
fn=(2274)
29 2
+1 8
+8 2
cob=(4)
cfi=(177)
cfn=(2276)
calls=2 -38 
* 112

fl=(453)
fn=(3208)
283 378
fi=(454) ./math/../sysdeps/ieee754/dbl-64/math_config.h
85 756
fe=(453)
-40 1512
292 378
45 378
292 1134
-8 378
+8 1512
62 378
+5 378
+10 378
+11 378
-26 378
+50 756
-49 378
+1 378
+48 378
-22 378
-27 378
+1 378
+8 378
-5 378
+5 1512
-7 378
+23 378
+2 378
-25 756
+12 756
+18 378
+17 756
-23 378
+2 756
+5 378
+1 378
+4 378
-1 378
+12 378
-10 378
+10 378
-10 378
+10 378
+1 1512
+1 378
+1 756
369 378
+1 378
fi=(454)
85 378
fe=(453)
-40 756
193 378
+1 378
370 378
194 756
+31 1512
+18 378
fi=(454)
85 378
fe=(453)
227 378
+2 378
+4 378
+1 378
-5 378
+4 378
+1 378
-1 378
+4 378
-6 378
+12 1134
-3 378
+3 1512
+1 756
fi=(454)
97 378
fe=(453)
249 756
380 756

fl=(305)
fn=(2314)
23 45657323
+1 45657323
+1 45657323
+1 45657323
+1 45657323
+23 45657323

fl=(150)
fn=(468)
30 2
fi=(142)
-1 8
+1 8
fe=(150)

fl=(293)
fn=(2902)
184 154487
+5 463461
+1 308974
+2 463461
+4 308974
+11 260354
-23 361824
+41 120608
+18 45180
+18 7746
+19 3954
+19 2144
+1 3315
+3 462
+1 66
+1 132
+3 33
-3 33
+1 33
+1 66
+1 99
-8 2078
+3 14546
+1 2078
+1 4156
+3 1039
-3 1039
+1 1039
+1 2078
+1 3117
+1 1171
+1 231
+2 66
-1 66
-2 3117
+1 7273
+2 2078
-1 2078
+8 33
+1 33
+2 66
199 24310
-2 24310
+1 72930
+1 24310
-1 72930
+2 24310
-2 24310
+2 72930
+1 24310
+2 24310
+23 37714
+1 37714
-1 113142
+1 150856
+1 22150
+4 22150
-1 44300
+1 22150
-4 22150
+3 22150
-1 22150
+1 44300
-1 22150
+1 22150
-1 66450
+1 22150
-1 22150
-1 22150
+1 44300
-1 22150
+1 44300
+2 22150
+2 22150
-2 22150
+2 22150
-4 22150
+3 22150
+1 44300
-2 15564
-1 31128
+1 15564
-4 15564
+3 15564
-1 15564
+1 31128
-1 15564
+1 15564
-1 46692
+1 15564
-1 15564
-1 15564
+1 31128
-1 15564
+1 31128
+2 15564
+2 15564
-2 15564
+2 15564
-4 15564
+3 15564
+1 68842
+56 42884
+1 42884
+1 21442
+39 128652
-39 37790
+39 233172
208 236934
+2 349365
+1 36754
+3 73508
-1 36754
+1 36754
-3 36754
+3 36754
-1 36754
+1 36754
-1 73508
+1 36754
-1 36754
-1 36754
+1 110262
-1 36754
+1 73508
+1 36754
+2 36754
-2 36754
+2 36754
-3 36754
+2 36754
+1 110262
-2 66238
-1 33119
+1 33119
-3 33119
+3 33119
-1 33119
+1 33119
-1 66238
+1 33119
-1 33119
-1 33119
+1 99357
-1 33119
+1 66238
+1 33119
+2 33119
-2 33119
+2 33119
-3 33119
+2 33119
+1 165595
+1 66238
+1 33119
+2 33119
-2 36754
+2 36754
+24 74868
+1 18717
-1 18717
+1 74868
+5 18717
-1 37434
+1 18717
-4 18717
+3 74868
-1 18717
+1 37434
-1 37434
+1 18717
-1 37434
+1 18717
-1 18717
-1 18717
+1 37434
-1 18717
+1 37434
+2 18717
+2 18717
-2 18717
+2 18717
-4 18717
+3 18717
+1 56151
+38 37790
+1 75580
-82 227880
+7 36754
+1 73508
+29 26468
+16 1896
+1 1896
-1 5688
+1 7584
+1 1618
+5 1618
-1 3236
+1 1618
-5 1618
+4 1618
-1 1618
+1 3236
-1 1618
+1 1618
-1 1618
-1 1618
+1 1618
+1 1618
-2 3236
+2 1618
-2 3236
+1 1618
-1 1618
-1 1618
+1 3236
-1 1618
+1 3236
+3 1618
+2 1618
-2 278
-1 556
+1 278
-5 278
+4 278
-1 278
+1 556
-1 278
+1 278
-1 278
-1 278
+1 278
+1 278
-2 556
+2 278
-2 556
+1 278
-1 278
-1 278
+1 556
-1 278
+1 556
+3 278
+2 278
-2 1896
+2 1618
-5 1618
+4 1618
+1 5132
-5 278
+4 278
+1 2452
+10 905
+1 905
-1 4525
+1 3620
+1 788
+5 788
-1 788
+1 788
-5 788
+4 3940
-1 788
+1 1576
-1 1576
+1 788
-1 788
-1 788
+2 788
-2 1576
+2 788
-2 1576
+1 788
-1 788
-1 788
+1 1576
-1 788
+1 788
+3 117
-1 117
+1 117
-5 117
+4 585
-1 117
+1 234
-1 234
+1 117
-1 117
-1 117
+2 117
-2 234
+2 117
-2 234
+1 117
-1 117
-1 117
+1 234
-1 117
+1 1022
+3 1576
-3 788
+4 788
+1 3940
-2 234
-3 117
+4 117
+1 1373
+22 2078
+1 2078
-1 1039
+2 1039
+2 2078
-16 2078

fn=(2278)
47 2
+6 6
+1 4
+2 4
+7 4
+8 4
+1 12
+2 10
+1 2
+3 2
-1 4
+1 2
-3 2
+2 4
+1 2
-1 4
+1 2
-1 2
-1 2
+1 6
-1 2
+1 4
+1 2
+2 2
-2 2
+2 2
-3 2
+2 2
+1 2
+2 8

fl=(398)
fn=(2898)
29 154487
+1 617948
+8 154487
cob=(4)
cfi=(177)
cfn=(2900)
calls=154487 -38 
* 9590076

fl=(161)
fn=(510)
26 1
fi=(144)
+6 5
+1 2
fe=(161)
-7 1

fl=(156)
fn=(498)
27 1
fi=(152)
+4 4
+1 2
fe=(156)
-5 1

fn=(488)
35 1
fi=(152)
-4 4
+1 2
+3 1
fe=(156)

fl=(143)
fn=(444)
27 1
fi=(144)
+5 5
+1 2
fe=(143)
-6 1

fl=(159)
fn=(502)
26 1
fi=(142)
+3 4
+1 3
fe=(159)
-4 1

fl=(452)
fn=(3204)
31 2268
+1 756
cob=(4)
cfi=(177)
cfn=(3206)
calls=378 -32 
* 40824
+1 2646
+12 1512
+4 1134

fl=(154)
fn=(480)
26 1
fi=(142)
+3 4
+1 3
fe=(154)
-4 1

fl=(294)
fn=(2282)
32 308978
+3 1081423
-3 154489
+6 154489
-6 308978
+6 463467
cob=(4)
cfi=(177)
cfn=(2284)
calls=154489 -38 
* 19121976
+1 1081423
+3 308978

fl=(295)
fn=(2286)
60 926934
+13 154489
-13 772445
+13 463467
+6 463467
+2 617956
+7 308978
+5 2
-3 4
fi=(349)
415 154487
+1 617948
+9 154487
-6 308974
fe=(295)
180 308974
+2 154487
-2 308974
+1 463461
+2 676
+4 1352
+22 338
+2 338
-2 154825
+2 154149
-2 308298
+7 308974
+15 113086
+1 339258
+1 339258
+3 463461
+3 77522
+2 77522
-2 77522
+2 41286
+2 243
+7 486
-1 243
-1 243
-1 243
-2 243
+1 243
-1 243
+7 243
53 729
254 243
110 617948
363 772445
92 4
+3 4
+3 308974
+21 308974
+23 308974
+25 308974
+16 308298
-2 308298
+6 308298
fi=(349)
431 308974
fe=(295)
172 308974
+44 308974
+7 308974
+2 41401
+1 124203
+1 165604
-18 308974
+97 76965
+2 76965
-2 76965
+2 112414
+2 4511
+5 13533
-1 4511
-1 4511
-1 4511
-1 4511
+5 9022
-5 4511
+5 22555
+1 13533
+1 4511
53 13533
320 4511
-46 113758
+2 5194
+6 5194
+1 5194
-1 5194
-1 5194
-1 5194
-1 5194
-2 5194
+1 5194
-1 5194
+6 31164
+1 5194
+62 10388
+1 5194
53 15582
349 5194
-3 548
+1 274
53 822
349 274
-11 41516
+14 102420
+7 20484
-6 20484
+1 122904
+4 20484
-4 20484
+4 40968
-1 20484
-1 20484
-1 20484
+4 20484
+1 20484
53 61452
362 20484
-3 51685
+1 51685
53 155055
362 51685
257 61200
+2 20400
-2 20400
+3 20400
-3 20400
+1 20400
+1 81600
+1 142800
+1 20400
+3 20400
-3 40800
+6 40800
-1 20400
-4 20400
+3 20400
-1 40800
-1 20400
+5 20400
53 61200
270 20400
+20 258425
+9 51685
-8 51685
+1 310110
+6 51685
-6 51685
+6 51685
-1 51685
-1 51685
-1 51685
-1 51685
53 51685
323 258480
+8 51696
-7 51696
+1 310176
+5 51696
+1 51696
-6 51696
+5 51696
-1 51696
-1 51696
-1 51696
-1 51696
+6 51696
53 155088
334 51696
+6 274
+4 274
+1 274
-1 822
-1 274
-2 274
+1 274
-1 274
+4 1644
+1 548

fl=(146)
fn=(452)
34 2
fi=(144)
-2 10
+1 4
fe=(146)
+1 2

fn=(514)
27 1
fi=(144)
+5 5
+1 2
fe=(146)
-6 1

fl=(145)
fn=(448)
27 1
fi=(142)
+2 4
+1 3
fe=(145)
-3 1

fl=(391)
fn=(2876)
148 9178247
fi=(502) ./math/../sysdeps/ieee754/flt-32/math_config.h
-81 18356494
fe=(391)
+76 9178247
+11 9178247
-11 9178247
+11 18356494
-5 9178247
+5 18356494
-99 9178247
+6 9178247
+5 9178247
-1 9178247
-9 9178247
+1 9178247
+13 9178247
206 9178247
56 9178247
+2 9178247
+1 9178247
+12 9178247
-10 9178247
+5 9178247
-4 9178247
-1 9178247
+1 9178247
-1 9178247
+4 9178247
+1 9178247
+4 9178247
+1 9178247
-2 9178247
+4 9178247
-1 9178247
+2 9178247
+1 9178247
206 9178247
+1 36712988
104 5073978
+13 5073978
-4 5073978
-9 5073978
fi=(502)
-15 5073978
fe=(391)
+17 5073978
+9 5073978
-4 5073978
+1 5073978
-1 5073978
+2 5073978
-5 5073978
+5 5073978
+2 5073978
+1 5073978
+1 5073978
+2 5073978
-1 5073978
+1 5073978
230 5073978
+1 10147956
-20 9399848
+3 9399848
+9 14099772
+3 1863873
+1 25636
cfi=(392) ./math/../sysdeps/ieee754/flt-32/math_errf.c
cfn=(2906) __math_may_uflowf
calls=25636 59 
* 281996
-3 4078633
cfi=(392)
cfn=(2878) __math_uflowf
calls=4078633 50 
* 44864963

fl=(392)
fn=(2880) xflowf
44 16417076
+1 4104269
cfn=(2882) with_errnof.constprop.0
calls=4104269 -18 
* 12312807

fn=(2882)
27 8208538
+2 4104269

fn=(2878)
50 4078633
+1 8157266
cfn=(2880)
calls=4078633 -7 
* 32629064

fn=(2906)
59 25636
+1 51272
cfn=(2880)
calls=25636 -16 
* 205088

fl=(355)
fn=(2764)
50 117
fi=(349)
415 13
+1 39
+3 13
-3 13
+3 39
fe=(355)
68 26
+1 52
+8 52
+3 39
+8 39
+17 39
fi=(349)
431 26
fe=(355)
-60 104
107 13
+1 13
-1 13
+3 13
+1 13
-4 13
+3 39
-2 13
+2 13
-2 39
+1 13
+2 39
+1 13
+1 13
+1 52
+1 13
+1 13
+2 13

fl=(160)
fn=(506)
27 1
fi=(142)
+2 4
+1 3
fe=(160)
-3 1

fl=(141)
fn=(440)
26 1
fi=(142)
+3 4
+1 3
fe=(141)
-4 1

fl=(162)
fn=(518)
26 2
fi=(152)
+5 8
+1 4
fe=(162)
-6 2

fl=(155)
fn=(484)
27 1
fi=(144)
+5 5
+1 2
fe=(155)
-6 1

fl=(309)
fn=(2326)
23 16870185
+1 16870185
+1 16870185
+1 16870185
+1 16870185
+23 16870185

fl=(204)
fn=(3398)
0 9
cob=(4)
cfi=(177)
cfn=(3404)
calls=1 0 
0 80
0 1
cfn=(3408) 0x0000000000010430
calls=1 0 
0 5
0 3

fn=(740)
0 12

fn=(3408)
0 5

ob=(13)
fl=(203)
fn=(3416)
0 9
cob=(4)
cfi=(177)
cfn=(3422)
calls=1 0 
0 80
0 1
cfn=(3426) 0x0000000000002260
calls=1 0 
0 5
0 3

fn=(730)
0 12

fn=(3426)
0 5

ob=(11)
fl=(190)
fn=(1696)
0 8532
cob=(4)
cfi=(177)
cfn=(896)
calls=711 0 
0 27095
0 10701
cfn=(1884) _XAllocIDs
calls=9 0 
0 5173
0 21339

fn=(1750) 0x0000000000040930
0 8799

fn=(1820) 0x000000000001e6e0
0 126
cfn=(1870) _XData32
calls=2 0 
0 90
0 16

fn=(1928) 0x00000000000277a0
0 116
cob=(4)
cfi=(177)
cfn=(1930)
calls=58 0 
0 2444

fn=(2096)
0 40
cfn=(1696)
calls=2 0 
0 192
0 14
cfn=(1876)
calls=2 0 
0 78
0 14

fn=(2396) _XProcessWindowAttributes
0 103
cfn=(1870)
calls=2 0 
0 105
0 16

fn=(2406) XGetWindowProperty
0 36
cfn=(1696)
calls=1 0 
0 471
0 4
cfn=(1720)
calls=1 0 
0 29
0 19
cfn=(1938)
calls=1 0 
0 3365
0 19
cfn=(1876)
calls=1 0 
0 39
0 15

fn=(2454)
0 17
cfn=(1696)
calls=1 0 
0 96
0 2
cfn=(2456) _XFreeEventCookies
calls=1 0 
0 16
0 213
cfn=(2556) _XDeq
calls=1 0 
0 31
0 5
cfn=(1876)
calls=1 0 
0 39
0 25
cfn=(2458) _XReadEvents
calls=2 0 
0 3782
0 13
cfn=(2458)
calls=1 0 
0 15577
0 2

fn=(2524) 0x0000000000044940
0 6066
cfn=(2532) _XEnq
calls=337 0 
0 80891
0 2359
cob=(4)
cfi=(177)
cfn=(1010)
calls=337 0 
0 37773

fn=(2722)
0 3377
cfn=(1696)
calls=307 0 
0 29180
0 614
cfn=(2456)
calls=307 0 
0 4912
0 9210
cfn=(2556)
calls=307 0 
0 8923
0 921
cfn=(2724) _XStoreEventCookie
calls=307 0 
0 5833
0 1535
cfn=(1876)
calls=307 0 
0 12849
0 1535

fn=(3086) 0x0000000000094470
0 10
cfn=(1980) XkbUseExtension
calls=1 0 
0 37
0 7
cfn=(3092) XkbGetMap
calls=1 0 
0 78183
0 8
cfn=(1696)
calls=1 0 
0 95
0 6
cfn=(1876)
calls=1 0 
0 42
0 10
cfn=(3138) XkbSelectEventDetails
calls=1 0 
0 247
0 5
cfn=(1696)
calls=1 0 
0 95
0 6
cfn=(1876)
calls=1 0 
0 42
0 13
cfn=(3138)
calls=1 0 
0 263
0 2

fn=(3338)
0 13
cfn=(1696)
calls=1 0 
0 95
0 26
cfn=(1720)
calls=1 0 
0 29
0 9
cfn=(1876)
calls=1 0 
0 42
0 5
cfn=(3340) _XFreeExtData
calls=1 0 
0 5
0 2
cob=(4)
cfi=(177)
cfn=(1010)
calls=1 0 
0 87
0 7

fn=(894)
0 39
cob=(4)
cfi=(177)
cfn=(896)
calls=13 0 
0 1450

fn=(1876)
0 10766
cob=(4)
cfi=(177)
cfn=(904)
calls=769 0 
0 21187

fn=(1980)
0 80
cob=(4)
cfi=(177)
cfn=(882)
calls=1 0 
0 340
0 5
cfn=(1982)
calls=1 0 
0 5144
0 9
cfn=(1696)
calls=1 0 
0 96
0 4
cfn=(1720)
calls=1 0 
0 29
0 12
cfn=(1938)
calls=1 0 
0 3365
0 7
cfn=(1876)
calls=1 0 
0 39
0 15
cfn=(2016)
calls=1 0 
0 169
0 13
cob=(4)
cfi=(177)
cfn=(882)
calls=1 0 
0 340
0 9
cob=(4)
cfi=(177)
cfn=(912)
calls=1 0 
0 241
0 10
cob=(4)
cfi=(177)
cfn=(882)
calls=1 0 
0 349
0 8

fn=(1982)
0 48
cfn=(1984) XQueryExtension
calls=3 0 
0 12241
0 21
cfn=(1696)
calls=3 0 
0 288
0 9
cob=(4)
cfi=(177)
cfn=(912)
calls=3 0 
0 723
0 15
cob=(4)
cfi=(177)
cfn=(922)
calls=3 0 
0 316
0 51
cfn=(1876)
calls=3 0 
0 117
0 30

fn=(2414) XChangeProperty
0 69
cfn=(1696)
calls=3 0 
0 288
0 12
cfn=(1720)
calls=3 0 
0 87
0 67
cob=(4)
cfi=(177)
cfn=(1976)
calls=1 0 
0 17
0 21
cfn=(1876)
calls=3 0 
0 117
0 71
cfn=(1870)
calls=2 0 
0 175
0 8

fn=(2556)
0 4931
cfn=(2558) _XIsEventCookie
calls=308 0 
0 1540
0 2483

fn=(2562)
0 11
cfn=(1696)
calls=1 0 
0 96
0 3
cfn=(2564) _XPutBackEvent
calls=1 0 
0 93
0 6
cfn=(1876)
calls=1 0 
0 39
0 5

fn=(3116) 0x0000000000092c50
0 26

fn=(892)
0 91
cfn=(894)
calls=7 0 
0 1237
0 96
cfn=(902)
calls=7 0 
0 1165
0 40

fn=(1410) _XVIDtoVisual
0 27

fn=(1732) _XSend
0 2320
cob=(4)
cfi=(177)
cfn=(1940)
calls=39 0 
0 214366
0 312
cfn=(1736) 0x0000000000040da0
calls=39 0 
0 1131
0 1286

fn=(1886) 0x0000000000026f40
0 63
cfn=(1888) 0x0000000000026ee0
calls=9 0 
0 153
0 99
cob=(4)
cfi=(177)
cfn=(1896)
calls=9 0 
0 894
0 36

fn=(2052) _XUpdateAtomCache
0 54
cob=(4)
cfi=(177)
cfn=(672)
calls=2 0 
0 94
0 28
cob=(4)
cfi=(177)
cfn=(2054)
calls=2 0 
0 1019
0 26

fn=(2394)
0 19
cfn=(1696)
calls=1 0 
0 96
0 4
cfn=(1720)
calls=1 0 
0 29
0 28
cfn=(1818)
calls=1 0 
0 9
0 12
cfn=(1876)
calls=1 0 
0 39
0 15
cfn=(2396)
calls=1 0 
0 124
0 1

fn=(2564)
0 40
cfn=(2558)
calls=1 0 
0 5
0 48

fn=(2590)
0 111

fn=(3070)
0 190
cfn=(1696)
calls=10 0 
0 950
0 70
cfn=(1720)
calls=10 0 
0 290
0 230
cfn=(1876)
calls=10 0 
0 420
0 120

fn=(3340)
0 5

fn=(3452)
0 2
cfn=(3454) XFreeThreads
calls=1 0 
0 372

fn=(3138)
0 48
cfn=(1696)
calls=2 0 
0 190
0 36
cfn=(1720)
calls=2 0 
0 58
0 51
cfn=(1876)
calls=2 0 
0 84
0 43

fn=(1734) _XEventsQueued
0 244
cfn=(1736)
calls=4 0 
0 116
0 1024
cfn=(2524)
calls=312 0 
0 118779
0 656
cfn=(1744) 0x0000000000040bc0
calls=328 0 
0 150127
0 1032
cob=(4)
cfi=(177)
cfn=(1360)
calls=16 0 
0 80
0 68
cfn=(1732)
calls=12 0 
0 200531
0 48

fn=(1748) 0x0000000000040a00
0 3771
cfn=(1750)
calls=419 0 
0 8799
0 17886
cob=(4)
cfi=(177)
cfn=(1768)
calls=389 0 
0 121203
0 2691
cob=(4)
cfi=(177)
cfn=(2634)
calls=15 0 
0 2614
0 15

fn=(1870)
0 370

fn=(1904) 0x0000000000027100
0 117
cob=(4)
cfi=(177)
cfn=(1896)
calls=9 0 
0 45
0 844
cob=(4)
cfi=(177)
cfn=(896)
calls=58 0 
0 2242
0 393

fn=(2008) 0x000000000003d870
0 477
cob=(4)
cfi=(177)
cfn=(1010)
calls=22 0 
0 1914
0 6
cob=(4)
cfi=(177)
cfn=(1010)
calls=1 0 
0 87

fn=(2404) XGetWMSizeHints
0 28
cfn=(2406)
calls=1 0 
0 3997
0 7
cob=(4)
cfi=(177)
cfn=(1010)
calls=1 0 
0 6
0 9

fn=(2412) XSetWMSizeHints
0 75
cfn=(2414)
calls=1 0 
0 373
0 7

fn=(2536) _XSetLastRequestRead
0 8072

fn=(2628)
0 30
cfn=(1696)
calls=3 0 
0 1413
0 6
cfn=(1722) _XFlush
calls=3 0 
0 6570
0 15
cfn=(1876)
calls=3 0 
0 117
0 12

fn=(662)
0 12

fn=(3094) XkbGetUpdatedMap
0 36
cfn=(1696)
calls=1 0 
0 95
0 4
cfn=(3096) 0x000000000008ff20
calls=1 0 
0 52
0 7
cfn=(1938)
calls=1 0 
0 26531
0 7
cfn=(3102) _XkbReadGetMapReply
calls=1 0 
0 50873
0 6
cfn=(1876)
calls=1 0 
0 42
0 3

fn=(3334)
0 11
cfn=(1696)
calls=1 0 
0 95
0 4
cfn=(1720)
calls=1 0 
0 29
0 8
cfn=(1876)
calls=1 0 
0 42
0 8

fn=(3454)
0 7
cob=(4)
cfi=(177)
cfn=(1010)
calls=1 0 
0 117
0 5
cob=(4)
cfi=(177)
cfn=(1010)
calls=1 0 
0 117
0 5
cob=(4)
cfi=(177)
cfn=(1010)
calls=1 0 
0 117
0 4

fn=(3466) 0x000000000001a7c0
0 5

fn=(1392) _XPollfdCacheInit
0 8
cob=(4)
cfi=(177)
cfn=(672)
calls=1 0 
0 192
0 11

fn=(1694)
0 34
cfn=(1696)
calls=2 0 
0 192
0 4
cob=(4)
cfi=(177)
cfn=(672)
calls=2 0 
0 378
0 58
cfn=(1720)
calls=2 0 
0 2593
0 8
cfn=(1818)
calls=2 0 
0 18
0 49
cfn=(1876)
calls=2 0 
0 78
0 32
cfn=(1718) _XUpdateGCCache
calls=2 0 
0 121
0 10
cfn=(1820)
calls=2 0 
0 232
0 2

fn=(1722)
0 60
cfn=(1732)
calls=4 0 
0 2170
0 32
cfn=(1734)
calls=4 0 
0 5736
0 10
cob=(4)
cfi=(177)
cfn=(1724)
calls=1 0 
0 1082
0 10

fn=(1880) XSynchronize
0 16
cfn=(1696)
calls=1 0 
0 2314
0 10
cfn=(1876)
calls=1 0 
0 39
0 7

fn=(1884)
0 162
cfn=(1928)
calls=9 0 
0 1237
0 189
cfn=(1886)
calls=9 0 
0 1245
0 45
cfn=(1876)
calls=9 0 
0 351
0 72
cob=(4)
cfi=(177)
cfn=(1350)
calls=9 0 
0 864
0 90
cfn=(1904)
calls=9 0 
0 819
0 99

fn=(2024) 0x000000000002bc30
0 489
cfn=(1720)
calls=2 0 
0 58
0 32
cob=(4)
cfi=(177)
cfn=(1976)
calls=2 0 
0 28
0 40
cob=(4)
cfi=(177)
cfn=(912)
calls=1 0 
0 259
0 10

fn=(2448)
0 11
cfn=(1696)
calls=1 0 
0 471
0 4
cfn=(1720)
calls=1 0 
0 29
0 8
cfn=(1720)
calls=1 0 
0 29
0 8
cfn=(1876)
calls=1 0 
0 39
0 8

fn=(3328)
0 33
cfn=(1696)
calls=3 0 
0 285
0 12
cfn=(1720)
calls=3 0 
0 87
0 24
cfn=(1876)
calls=3 0 
0 126
0 24

fn=(3122) _XkbFreeReadBuffer
0 17
cob=(4)
cfi=(177)
cfn=(1010)
calls=1 0 
0 207
0 8

fn=(910) XSetIOErrorHandler
0 13
cfn=(894)
calls=1 0 
0 42
0 12
cfn=(902)
calls=1 0 
0 28
0 10

fn=(1720)
0 2002
cfn=(1722)
calls=1 0 
0 2530
0 4

fn=(1736)
0 2030

fn=(1744)
0 4834
cfn=(2008)
calls=1 0 
0 108
0 2824
cfn=(1748)
calls=403 0 
0 153393
0 1787
cob=(4)
cfi=(177)
cfn=(2496)
calls=16 0 
0 6012
0 65
cfn=(1748)
calls=1 0 
0 72
0 3635
cfn=(1748)
calls=15 0 
0 3514
0 15

fn=(2402)
0 3
cfn=(2404)
calls=1 0 
0 4047

fn=(2418)
0 14
cob=(4)
cfi=(177)
cfn=(1986)
calls=1 0 
0 16
0 12
cfn=(2414)
calls=1 0 
0 271
0 10

fn=(2596)
0 93

fn=(670) XInitThreads
0 19
cob=(4)
cfi=(177)
cfn=(672)
calls=1 0 
0 2719
0 6
cob=(4)
cfi=(177)
cfn=(672)
calls=1 0 
0 192
0 6
cob=(4)
cfi=(177)
cfn=(672)
calls=1 0 
0 192
0 8
cob=(4)
cfi=(177)
cfn=(708)
calls=1 0 
0 1031
0 6
cob=(4)
cfi=(177)
cfn=(708)
calls=1 0 
0 47
0 6
cob=(4)
cfi=(177)
cfn=(708)
calls=1 0 
0 47
0 22

fn=(3092)
0 13
cob=(4)
cfi=(177)
cfn=(912)
calls=1 0 
0 245
0 7
cob=(4)
cfi=(177)
cfn=(912)
calls=1 0 
0 243
0 17
cfn=(3094)
calls=1 0 
0 77656
0 2

fn=(880)
0 25
cob=(4)
cfi=(177)
cfn=(882)
calls=1 0 
0 1191
0 9
cob=(4)
cfi=(177)
cfn=(912)
calls=1 0 
0 5786
0 5
cob=(4)
cfi=(177)
cfn=(922)
calls=1 0 
0 1096
0 7
cfn=(936) _XConnectXCB
calls=1 0 
0 70551
0 386
cfn=(1366) 0x0000000000027550
calls=1 0 
0 987
0 4
cfn=(1392)
calls=1 0 
0 211
0 5
cob=(4)
cfi=(177)
cfn=(882)
calls=1 0 
0 340
0 5
cob=(4)
cfi=(177)
cfn=(912)
calls=1 0 
0 16617
0 16
cob=(4)
cfi=(177)
cfn=(912)
calls=1 0 
0 227
0 6
cob=(4)
cfi=(177)
cfn=(1394)
calls=1 0 
0 933
0 60
cob=(4)
cfi=(177)
cfn=(672)
calls=1 0 
0 192
0 19
cob=(4)
cfi=(177)
cfn=(1400)
calls=1 0 
0 899
0 12
cob=(4)
cfi=(177)
cfn=(912)
calls=1 0 
0 241
0 51
cob=(4)
cfi=(177)
cfn=(912)
calls=1 0 
0 237
0 137
cob=(4)
cfi=(177)
cfn=(912)
calls=2 0 
0 20690
0 9618
cob=(4)
cfi=(177)
cfn=(882)
calls=1 0 
0 340
0 6
cfn=(892)
calls=1 0 
0 2017
0 5
cfn=(910)
calls=1 0 
0 105
0 9
cob=(4)
cfi=(177)
cfn=(1412)
calls=1 0 
0 10260
0 25
cfn=(1694)
calls=1 0 
0 3161
0 19
cfn=(1410)
calls=1 0 
0 27
0 13
cob=(4)
cfi=(177)
cfn=(912)
calls=1 0 
0 241
0 116
cfn=(1880)
calls=1 0 
0 2386
0 5
cfn=(1696)
calls=1 0 
0 96
0 4
cfn=(1720)
calls=1 0 
0 29
0 14
cfn=(1938)
calls=1 0 
0 5578
0 12
cfn=(1876)
calls=1 0 
0 39
0 4
cfn=(1980)
calls=1 0 
0 10247
0 1

fn=(902)
0 39
cob=(4)
cfi=(177)
cfn=(904)
calls=13 0 
0 1294

fn=(936)
0 18
cob=(4)
cfi=(177)
cfn=(912)
calls=1 0 
0 237
0 8
cob=(4)
cfi=(177)
cfn=(938)
calls=1 0 
0 6417
0 13
cob=(4)
cfi=(177)
cfn=(1010)
calls=1 0 
0 889
0 7
cfn=(894)
calls=1 0 
0 42
0 9
cfn=(902)
calls=1 0 
0 28
0 2
cob=(4)
cfi=(177)
cfn=(1344)
calls=1 0 
0 1051
0 6
cob=(4)
cfi=(177)
cfn=(1350)
calls=1 0 
0 1027
0 6
cob=(4)
cfi=(177)
cfn=(672)
calls=1 0 
0 192
0 4
cob=(4)
cfi=(177)
cfn=(672)
calls=1 0 
0 192
0 9
cob=(4)
cfi=(177)
cfn=(1356)
calls=1 0 
0 1135
0 4
cob=(4)
cfi=(177)
cfn=(1356)
calls=1 0 
0 12
0 2
cob=(4)
cfi=(177)
cfn=(1360)
calls=1 0 
0 1045
0 7
cob=(4)
cfi=(177)
cfn=(1020)
calls=1 0 
0 58187
0 2

fn=(1984)
0 63
cob=(4)
cfi=(177)
cfn=(1986)
calls=3 0 
0 977
0 27
cfn=(1696)
calls=3 0 
0 288
0 12
cfn=(1720)
calls=3 0 
0 87
0 12
cob=(4)
cfi=(177)
cfn=(1986)
calls=3 0 
0 48
0 33
cfn=(1732)
calls=3 0 
0 1749
0 15
cfn=(1938)
calls=3 0 
0 8735
0 33
cfn=(1876)
calls=3 0 
0 117
0 45

fn=(2022)
0 60
cfn=(1696)
calls=3 0 
0 288
0 21
cfn=(2024)
calls=3 0 
0 916
0 28
cfn=(1938)
calls=2 0 
0 6434
0 14
cfn=(1876)
calls=2 0 
0 78
0 41
cfn=(1876)
calls=1 0 
0 39
0 18
cfn=(2052)
calls=2 0 
0 1221
0 6

fn=(2120)
0 45
cfn=(1696)
calls=2 0 
0 192
0 14
cfn=(1876)
calls=2 0 
0 78
0 14

fn=(2178)
0 25
cfn=(1696)
calls=1 0 
0 96
0 7
cfn=(1876)
calls=1 0 
0 39
0 7

fn=(2558)
0 3080

fn=(3096)
0 9
cfn=(1720)
calls=1 0 
0 29
0 14

fn=(3102)
0 55
cfn=(3104) _XkbInitReadBuffer
calls=1 0 
0 1016
0 851
cfn=(3110) _XkbGetReadBufferPtr
calls=28 0 
0 532
0 575
cfn=(3110)
calls=27 0 
0 513
0 2972
cfn=(3110)
calls=6 0 
0 114
0 1022
cob=(4)
cfi=(177)
cfn=(912)
calls=27 0 
0 6689
0 117
cob=(4)
cfi=(177)
cfn=(912)
calls=6 0 
0 1416
0 27
cob=(4)
cfi=(177)
cfn=(912)
calls=1 0 
0 2523
0 3509
cfn=(3110)
calls=248 0 
0 4712
0 6152
cfn=(3112) _XkbReadBufferCopyKeySyms
calls=224 0 
0 9672
0 1124
cfn=(3108) XkbAllocClientMap
calls=1 0 
0 505
0 18
cfn=(3116)
calls=1 0 
0 26
0 281
cfn=(3110)
calls=1 0 
0 19
0 215
cob=(4)
cfi=(177)
cfn=(912)
calls=1 0 
0 5497
0 9
cfn=(3122)
calls=1 0 
0 232
0 6
cfn=(3108)
calls=1 0 
0 470
0 4

fn=(3108)
0 95
cob=(4)
cfi=(177)
cfn=(912)
calls=1 0 
0 415
0 11
cob=(4)
cfi=(177)
cfn=(912)
calls=1 0 
0 452
0 2

fn=(3114) _XkbReadCopyKeySyms
0 4072

fn=(1366)
0 10
cob=(4)
cfi=(177)
cfn=(672)
calls=1 0 
0 47
0 5
cob=(4)
cfi=(177)
cfn=(672)
calls=1 0 
0 189
0 6
cob=(4)
cfi=(177)
cfn=(672)
calls=1 0 
0 192
0 4
cob=(4)
cfi=(177)
cfn=(672)
calls=1 0 
0 192
0 4
cob=(4)
cfi=(177)
cfn=(672)
calls=1 0 
0 192
0 25
cob=(4)
cfi=(177)
cfn=(708)
calls=1 0 
0 47
0 4
cob=(4)
cfi=(177)
cfn=(1356)
calls=1 0 
0 12
0 4
cob=(4)
cfi=(177)
cfn=(1356)
calls=1 0 
0 12
0 42

fn=(1946) 0x000000000003d6a0
0 192
cob=(4)
cfi=(177)
cfn=(672)
calls=24 0 
0 1556
0 472

fn=(2016)
0 60
cfn=(1696)
calls=3 0 
0 288
0 21
cfn=(1876)
calls=3 0 
0 117
0 21

fn=(2410)
0 3
cfn=(2412)
calls=1 0 
0 455

fn=(2422)
0 14
cfn=(2022)
calls=1 0 
0 402
0 12
cfn=(2414)
calls=1 0 
0 288
0 10

fn=(2456)
0 4928

fn=(2532)
0 8047
cfn=(2534) _XWireToEvent
calls=337 0 
0 27560
0 6307
cob=(4)
cfi=(177)
cfn=(672)
calls=189 0 
0 38221
0 756

fn=(2534)
0 5055
cfn=(2536)
calls=337 0 
0 8072
0 14433

fn=(2584)
0 111

fn=(668)
0 2
cfn=(670)
calls=1 0 
0 4301

fn=(2714)
0 15
cfn=(1696)
calls=1 0 
0 96
0 4
cfn=(1720)
calls=1 0 
0 29
0 9
cfn=(1876)
calls=1 0 
0 39
0 15
cfn=(2396)
calls=1 0 
0 100
0 1

fn=(2718)
0 3160
cfn=(1696)
calls=316 0 
0 30036
0 2528
cfn=(1876)
calls=316 0 
0 13224
0 1616
cfn=(1734)
calls=12 0 
0 466969
0 24

fn=(2724)
0 2456
cfn=(2558)
calls=307 0 
0 1535
0 1842

fn=(3104)
0 22
cob=(4)
cfi=(177)
cfn=(672)
calls=1 0 
0 188
0 9
cfn=(3106) _XRead
calls=1 0 
0 790
0 7

fn=(3110)
0 5890

fn=(3112)
0 3808
cfn=(3114)
calls=224 0 
0 4072
0 1792

fn=(3456)
0 9
cob=(4)
cfi=(177)
cfn=(3462)
calls=1 0 
0 80
0 1
cfn=(3466)
calls=1 0 
0 5
0 3

fn=(1718)
0 121

fn=(1818)
0 81

fn=(1888)
0 153

fn=(1938)
0 600
cfn=(1732)
calls=24 0 
0 14310
0 212
cfn=(1946)
calls=24 0 
0 2220
0 558
cfn=(1876)
calls=46 0 
0 1854
0 184
cob=(4)
cfi=(177)
cfn=(1954)
calls=46 0 
0 56886
0 322
cfn=(1904)
calls=46 0 
0 2648
0 644
cfn=(1928)
calls=46 0 
0 1242
0 451
cfn=(2524)
calls=13 0 
0 3283
0 118
cfn=(1744)
calls=59 0 
0 17533
0 289
cfn=(2008)
calls=22 0 
0 2376
0 180
cfn=(1736)
calls=24 0 
0 696
0 792
cob=(4)
cfi=(177)
cfn=(1976)
calls=24 0 
0 1399
0 157
cob=(4)
cfi=(177)
cfn=(1010)
calls=23 0 
0 2001
0 334

fn=(2458)
0 42
cfn=(1732)
calls=3 0 
0 655
0 18
cfn=(1736)
calls=3 0 
0 87
0 45
cfn=(2524)
calls=3 0 
0 1252
0 36
cob=(4)
cfi=(177)
cfn=(1360)
calls=3 0 
0 15
0 51
cfn=(2524)
calls=9 0 
0 3775
0 24
cfn=(1744)
calls=12 0 
0 6823
0 60
cfn=(1876)
calls=3 0 
0 117
0 9
cob=(4)
cfi=(177)
cfn=(2460)
calls=3 0 
0 4250
0 21
cfn=(1904)
calls=3 0 
0 174
0 24
cfn=(1928)
calls=3 0 
0 81
0 18
cfn=(1744)
calls=3 0 
0 1776
0 6

fn=(2616)
0 182
cfn=(1696)
calls=13 0 
0 2364
0 52
cfn=(1720)
calls=13 0 
0 377
0 65
cfn=(1938)
calls=13 0 
0 50409
0 91
cfn=(1876)
calls=13 0 
0 534
0 117

fn=(2624)
0 75
cfn=(1696)
calls=3 0 
0 288
0 12
cfn=(1720)
calls=3 0 
0 87
0 30
cfn=(1818)
calls=3 0 
0 27
0 24
cfn=(1876)
calls=3 0 
0 117
0 42

fn=(3084)
0 2418
cfn=(3086)
calls=1 0 
0 79071
0 252

fn=(3106)
0 23
cob=(4)
cfi=(177)
cfn=(1976)
calls=1 0 
0 571
0 8
cob=(4)
cfi=(177)
cfn=(1010)
calls=1 0 
0 181
0 7

totals: 20226685019
