# This file uses centimeters as units for non-parametric coordinates.

mtllib nornFemale_nten.mtl
g default
v 0.337055 4.738583 0.272843
v 0.250405 5.061754 0.070373
v 0.187710 5.093741 -0.190729
v 0.248218 5.138307 -0.099401
v 0.970494 3.572892 0.088216
v 1.017337 3.567389 0.155308
v 1.114743 3.617116 0.119543
v 1.122870 3.598870 0.025260
v 1.065756 3.568569 -0.009670
v 0.690337 4.147939 -0.064632
v 0.848606 4.190241 -0.096998
v 0.880315 4.165524 -0.216209
v 0.782119 4.068973 -0.274571
v 0.674015 4.057913 -0.152925
v 0.474385 4.735980 0.006631
v 0.608081 4.871804 -0.056202
v 0.605743 4.897132 -0.180411
v 0.500756 4.831317 -0.304029
v 0.388264 4.726054 -0.181432
v 0.419741 4.785535 0.066227
v 0.435283 5.032152 0.016117
v 0.429475 5.075322 -0.125730
v 0.366770 4.938811 -0.300623
v 0.349437 4.757281 -0.189308
v 0.298763 4.848476 0.256659
v 0.582081 4.436410 -0.042673
v 0.731006 4.526535 -0.092447
v 0.750843 4.535605 -0.187418
v 0.640924 4.450451 -0.289242
v 0.532868 4.394238 -0.166645
v 0.789226 3.971390 0.014303
v 0.984279 4.016408 -0.060375
v 0.990891 3.971347 -0.174536
v 0.870044 3.919090 -0.230766
v 0.748211 3.908311 -0.082118
v 0.171931 4.896564 -0.267479
v 0.442989 4.763655 0.026890
v 0.530786 4.956535 -0.010601
v 0.533462 5.007865 -0.157576
v 0.433967 4.883655 -0.298092
v 0.375214 4.740387 -0.184276
v 1.050012 3.816373 0.029388
v 1.056965 3.784190 -0.074732
v 0.967712 3.743045 -0.119780
v 0.859579 3.740185 0.002658
v 0.902557 3.768802 0.084651
v -0.482816 1.963946 -0.004250
v -0.538187 2.913201 -0.052988
v -0.456865 2.913528 -0.048862
v -0.401135 1.964217 0.037157
v -0.560933 2.985542 -0.092084
v -0.534528 2.657206 -0.049462
v -0.447815 2.657583 -0.041593
v -0.506655 2.418843 -0.027860
v -0.426804 2.418848 -0.004631
v -0.436440 2.530723 -0.021584
v -0.519439 2.530815 -0.037768
v -0.419211 2.303098 0.007730
v -0.499603 2.302944 -0.020876
v -0.409953 2.137013 0.022802
v -0.491006 2.136769 -0.012361
v 0.482753 1.963946 -0.008885
v 0.537654 2.913201 -0.058153
v 0.456375 2.913528 -0.053246
v 0.401473 1.964217 0.033304
v 0.560023 2.985542 -0.097465
v 0.534028 2.657206 -0.054591
v 0.447395 2.657583 -0.045890
v 0.506364 2.418843 -0.032723
v 0.426740 2.418848 -0.008728
v 0.436213 2.530723 -0.025773
v 0.519052 2.530815 -0.042753
v 0.419266 2.303098 0.003705
v 0.499380 2.302944 -0.025672
v 0.410153 2.137013 0.018865
v 0.490864 2.136769 -0.017074
v 0.412893 3.604333 -0.148319
v 0.531852 3.413873 -0.149243
v 0.438087 3.233796 -0.249616
v 0.189166 3.226087 -0.317410
v 0.105464 3.399505 -0.305382
v 0.176868 3.606821 -0.248889
v 0.251353 3.518817 -0.311726
v 0.381950 3.523952 -0.276187
v 0.442506 3.429526 -0.274780
v 0.396921 3.330276 -0.315030
v 0.256254 3.318192 -0.353002
v 0.199640 3.423619 -0.346947
v 0.337076 3.439955 -0.346289
v -0.414298 3.604333 -0.144348
v -0.533260 3.413873 -0.144130
v -0.440464 3.233796 -0.245399
v -0.192205 3.226087 -0.315580
v -0.108391 3.399505 -0.304355
v -0.179249 3.606821 -0.247179
v -0.254334 3.518817 -0.309298
v -0.384584 3.523952 -0.272507
v -0.445124 3.429526 -0.270519
v -0.399927 3.330276 -0.311205
v -0.259631 3.318192 -0.350526
v -0.202962 3.423619 -0.345014
v -0.340385 3.439955 -0.343037
v -0.489312 3.601365 0.320574
v -0.532830 3.440461 0.471051
v -0.649186 3.260045 0.398900
v -0.689816 3.211540 0.148673
v -0.641891 3.361512 0.037156
v -0.561939 3.569660 0.076548
v -0.645447 3.507445 0.156529
v -0.623990 3.533956 0.287608
v -0.643906 3.454255 0.364004
v -0.693904 3.354057 0.332236
v -0.717734 3.319100 0.192288
v -0.689209 3.409289 0.118744
v -0.700999 3.452638 0.249655
v 0.492367 3.601365 0.315862
v 0.537328 3.440461 0.465914
v 0.652985 3.260045 0.392649
v 0.691212 3.211540 0.142044
v 0.642218 3.361512 0.030992
v 0.562648 3.569660 0.071150
v 0.646920 3.507445 0.150325
v 0.626722 3.533956 0.281604
v 0.647371 3.454255 0.357806
v 0.697062 3.354057 0.325559
v 0.719547 3.319100 0.185388
v 0.690317 3.409289 0.112122
v 0.703363 3.452638 0.242914
v 0.674263 1.879725 0.658994
v 0.617011 2.829182 0.607185
v 0.683721 2.829470 0.653876
v 0.783252 1.879725 0.667075
v 0.590850 2.901603 0.585953
v 0.620908 2.573104 0.610592
v 0.693698 2.573950 0.655199
v 0.650384 2.334674 0.626950
v 0.735407 2.334674 0.660730
v 0.749180 2.222010 0.662557
v 0.657175 2.222010 0.618940
v 0.766797 2.052743 0.664893
v 0.666065 2.052743 0.650874
v 0.688252 2.704331 0.654477
v 0.617295 2.703728 0.607014
v 0.715974 2.448318 0.658153
v 0.636672 2.448390 0.623833
v 0.463640 1.876350 0.645305
v 0.489833 2.819651 0.619880
v 0.401309 2.828465 0.629906
v 0.325349 1.879034 0.695345
v 0.528052 2.895564 0.576288
v 0.496727 2.573130 0.605930
v 0.397578 2.572407 0.643933
v 0.481096 2.327557 0.617002
v 0.363121 2.333973 0.666305
v 0.379818 2.452041 0.655465
v 0.496898 2.448087 0.601636
v 0.351883 2.217394 0.674945
v 0.475903 2.211708 0.625423
v 0.338373 2.052516 0.685332
v 0.469659 2.048193 0.635546
v 0.627749 2.701473 0.479613
v 0.639714 2.446964 0.467532
v 0.645972 2.211740 0.461213
v 0.663080 1.876350 0.443941
v 0.640727 2.818753 0.466576
v 0.647120 2.826893 0.358758
v 0.648567 2.699778 0.364102
v 0.663937 2.446218 0.332600
v 0.673542 2.217311 0.318640
v 0.685998 1.876638 0.297095
v 0.624039 2.870579 0.506548
v 0.638430 2.571876 0.468828
v 0.654384 2.570624 0.355039
v 0.644549 2.329505 0.462650
v 0.666480 2.331629 0.334680
v 0.652546 2.046051 0.454577
v 0.680489 2.049138 0.305585
v 0.447929 1.879725 0.434823
v 0.503300 2.828980 0.483562
v 0.421979 2.829306 0.479435
v 0.366248 1.879996 0.393417
v 0.526046 2.901320 0.522658
v 0.499641 2.572985 0.480035
v 0.412928 2.573361 0.472167
v 0.471768 2.334621 0.458434
v 0.391917 2.334626 0.435205
v 0.401554 2.446501 0.452157
v 0.484552 2.446593 0.468341
v 0.384324 2.218877 0.422844
v 0.464716 2.218723 0.451450
v 0.375066 2.052792 0.407772
v 0.456119 2.052547 0.442934
v -0.457424 1.876350 0.649726
v -0.483860 2.819651 0.624554
v -0.395243 2.828465 0.633730
v -0.318659 1.879034 0.698436
v -0.522495 2.895564 0.581331
v -0.490887 2.573130 0.610671
v -0.391378 2.572407 0.647721
v -0.475151 2.327557 0.621593
v -0.356707 2.333973 0.669761
v -0.373507 2.452041 0.659081
v -0.491099 2.448087 0.606379
v -0.345387 2.217394 0.678292
v -0.469877 2.211708 0.629963
v -0.331778 2.052516 0.688549
v -0.463536 2.048193 0.640026
v -0.667905 1.879725 0.665437
v -0.611154 2.829182 0.613080
v -0.677412 2.829470 0.660410
v -0.776812 1.879725 0.674564
v -0.585197 2.901603 0.591598
v -0.615017 2.573104 0.616525
v -0.687376 2.573950 0.661829
v -0.644335 2.334674 0.633165
v -0.729029 2.334674 0.667760
v -0.742785 2.222010 0.669719
v -0.651203 2.222010 0.625221
v -0.760379 2.052743 0.672224
v -0.659785 2.052743 0.657238
v -0.681937 2.704331 0.661054
v -0.611439 2.703728 0.612912
v -0.709622 2.448318 0.664996
v -0.630654 2.448390 0.629916
v -0.623116 2.701473 0.485617
v -0.635196 2.446964 0.473652
v -0.641515 2.211740 0.467394
v -0.658788 1.876350 0.450286
v -0.636218 2.818753 0.472706
v -0.643646 2.826893 0.364954
v -0.645042 2.699778 0.370311
v -0.660713 2.446218 0.338959
v -0.670452 2.217311 0.325091
v -0.683114 1.876638 0.303667
v -0.619148 2.870579 0.512515
v -0.633900 2.571876 0.474936
v -0.650946 2.570624 0.361305
v -0.640078 2.329505 0.468817
v -0.663236 2.331629 0.341063
v -0.648152 2.046051 0.460820
v -0.677524 2.049138 0.312104
v -0.443734 1.879725 0.439104
v -0.498635 2.828980 0.488371
v -0.417356 2.829306 0.483464
v -0.362455 1.879996 0.396915
v -0.521004 2.901320 0.527684
v -0.495010 2.572985 0.484810
v -0.408376 2.573361 0.476109
v -0.467345 2.334621 0.462942
v -0.387721 2.334626 0.438947
v -0.397194 2.446501 0.455991
v -0.480034 2.446593 0.472972
v -0.380247 2.218877 0.426514
v -0.460361 2.218723 0.455891
v -0.371134 2.052792 0.411354
v -0.451846 2.052547 0.447293
v -0.550876 1.509263 0.548485
v -0.569024 1.566071 0.566809
v -0.646155 1.649453 0.644684
v -0.676293 1.785139 0.675112
v -0.693924 1.750832 0.556169
v -0.663253 1.736313 0.507555
v -0.670286 1.747318 0.440271
v -0.562828 1.734218 0.393513
v -0.566864 1.643593 0.446537
v -0.655350 1.646008 0.548213
v -0.625374 1.650163 0.495922
v -0.590318 1.591929 0.528821
v -0.572769 1.529224 0.521890
v -0.529794 1.659712 0.441010
v -0.505943 1.545025 0.465477
v -0.486175 1.523560 0.483160
v -0.439056 1.720309 0.435587
v -0.503312 1.728550 0.395766
v -0.557185 1.750832 0.691601
v -0.508869 1.736313 0.660465
v -0.441520 1.747318 0.666852
v -0.395795 1.734218 0.558950
v -0.448778 1.643593 0.563494
v -0.549600 1.646008 0.652952
v -0.497599 1.650163 0.622476
v -0.530834 1.591929 0.587737
v -0.524071 1.529224 0.570123
v -0.443607 1.659712 0.526373
v -0.468302 1.545025 0.502758
v -0.398620 1.728550 0.499458
v 0.556116 1.509263 0.543172
v 0.574440 1.566071 0.561320
v 0.652315 1.649453 0.638451
v 0.682743 1.785139 0.668588
v 0.699232 1.750832 0.549481
v 0.668096 1.736313 0.501165
v 0.674482 1.747318 0.433816
v 0.566580 1.734218 0.388091
v 0.571124 1.643593 0.441074
v 0.660583 1.646008 0.541896
v 0.630107 1.650163 0.489895
v 0.595367 1.591929 0.523130
v 0.577753 1.529224 0.516367
v 0.534004 1.659712 0.435903
v 0.510388 1.545025 0.460598
v 0.490791 1.523560 0.478470
v 0.443218 1.720309 0.431352
v 0.507088 1.728550 0.390916
v 0.563799 1.750832 0.686220
v 0.515186 1.736313 0.655550
v 0.447901 1.747318 0.662582
v 0.401143 1.734218 0.555124
v 0.454167 1.643593 0.559160
v 0.555843 1.646008 0.647646
v 0.503552 1.650163 0.617670
v 0.536452 1.591929 0.582614
v 0.529520 1.529224 0.565065
v 0.448640 1.659712 0.522090
v 0.473107 1.545025 0.498239
v 0.403396 1.728550 0.495608
v 0.589894 1.593484 -0.118267
v 0.608043 1.650292 -0.136590
v 0.685174 1.733675 -0.214466
v 0.715311 1.869360 -0.244893
v 0.732943 1.835053 -0.125950
v 0.702272 1.820535 -0.077337
v 0.709305 1.831540 -0.010052
v 0.601847 1.818440 0.036706
v 0.605882 1.727814 -0.016318
v 0.694368 1.730230 -0.117994
v 0.664393 1.734385 -0.065703
v 0.629336 1.676151 -0.098603
v 0.611788 1.613446 -0.091671
v 0.568813 1.743933 -0.010791
v 0.544962 1.629246 -0.035258
v 0.525193 1.607781 -0.052941
v 0.478075 1.804531 -0.005369
v 0.542331 1.812772 0.034453
v 0.596204 1.835053 -0.261383
v 0.547887 1.820535 -0.230247
v 0.480538 1.831540 -0.236633
v 0.434814 1.818440 -0.128731
v 0.487797 1.727814 -0.133275
v 0.588619 1.730230 -0.222733
v 0.536618 1.734385 -0.192257
v 0.569852 1.676151 -0.157518
v 0.563089 1.613446 -0.139904
v 0.482626 1.743933 -0.096155
v 0.507321 1.629246 -0.072539
v 0.437638 1.812772 -0.069239
v -0.591003 1.593484 -0.112598
v -0.609326 1.650292 -0.130747
v -0.687201 1.733675 -0.207878
v -0.717629 1.869360 -0.238015
v -0.734119 1.835053 -0.118907
v -0.702982 1.820535 -0.070591
v -0.709369 1.831540 -0.003242
v -0.601467 1.818440 0.042482
v -0.606011 1.727814 -0.010501
v -0.695469 1.730230 -0.111323
v -0.664993 1.734385 -0.059322
v -0.630254 1.676151 -0.092556
v -0.612640 1.613446 -0.085793
v -0.568890 1.743933 -0.005330
v -0.545275 1.629246 -0.030025
v -0.525677 1.607781 -0.047897
v -0.478104 1.804531 -0.000779
v -0.541975 1.812772 0.039658
v -0.598686 1.835053 -0.255647
v -0.550073 1.820535 -0.224976
v -0.482788 1.831540 -0.232009
v -0.436030 1.818440 -0.124551
v -0.489054 1.727814 -0.128586
v -0.590730 1.730230 -0.217072
v -0.538439 1.734385 -0.187097
v -0.571338 1.676151 -0.152040
v -0.564407 1.613446 -0.134492
v -0.483527 1.743933 -0.091517
v -0.507994 1.629246 -0.067665
v -0.438283 1.812772 -0.065034
v -0.662636 2.785694 -0.049039
v -0.674600 2.531185 -0.036959
v -0.680859 2.295962 -0.030640
v -0.697967 1.960572 -0.013367
v -0.675614 2.902975 -0.036003
v -0.682006 2.911114 0.071816
v -0.683454 2.783999 0.066472
v -0.698823 2.530439 0.097974
v -0.708428 2.301533 0.111934
v -0.720885 1.960859 0.133478
v -0.658926 2.954800 -0.075974
v -0.673317 2.656097 -0.038255
v -0.689271 2.654846 0.075534
v -0.679436 2.413727 -0.032077
v -0.701366 2.415851 0.095894
v -0.687433 2.130272 -0.024003
v -0.715375 2.133359 0.124988
v -0.709149 1.963946 -0.228420
v -0.651898 2.913404 -0.176611
v -0.718608 2.913692 -0.223303
v -0.818139 1.963946 -0.236501
v -0.625736 2.985824 -0.155380
v -0.655795 2.657326 -0.180019
v -0.728584 2.658171 -0.224626
v -0.685271 2.418896 -0.196377
v -0.770293 2.418896 -0.230157
v -0.784067 2.306231 -0.231983
v -0.692062 2.306231 -0.188367
v -0.801684 2.136965 -0.234319
v -0.700951 2.136965 -0.220300
v -0.723139 2.788553 -0.223904
v -0.652182 2.787949 -0.176441
v -0.750861 2.532539 -0.227580
v -0.671559 2.532611 -0.193259
v -0.498527 1.960571 -0.214731
v -0.524720 2.903873 -0.189306
v -0.436195 2.912686 -0.199333
v -0.360236 1.963256 -0.264771
v -0.562939 2.979785 -0.145715
v -0.531614 2.657352 -0.175356
v -0.432465 2.656629 -0.213360
v -0.515983 2.411778 -0.186429
v -0.398007 2.418195 -0.235732
v -0.414704 2.536262 -0.224891
v -0.531785 2.532309 -0.171063
v -0.386770 2.301616 -0.244371
v -0.510790 2.295929 -0.194849
v -0.373259 2.136737 -0.254759
v -0.504546 2.132415 -0.204973
v 0.496442 1.960571 -0.219507
v 0.522878 2.903873 -0.194335
v 0.434262 2.912686 -0.203511
v 0.357677 1.963256 -0.268217
v 0.561514 2.979785 -0.151112
v 0.529906 2.657352 -0.180452
v 0.430396 2.656629 -0.217502
v 0.514169 2.411778 -0.191374
v 0.395726 2.418195 -0.239542
v 0.412526 2.536262 -0.228862
v 0.530118 2.532309 -0.176160
v 0.384406 2.301616 -0.248073
v 0.508895 2.295929 -0.199744
v 0.370796 2.136737 -0.258330
v 0.502555 2.132415 -0.209807
v 0.706924 1.963946 -0.235218
v 0.650172 2.913404 -0.182861
v 0.716431 2.913692 -0.230191
v 0.815830 1.963946 -0.244345
v 0.624216 2.985824 -0.161380
v 0.654036 2.657326 -0.186306
v 0.726394 2.658171 -0.231610
v 0.683354 2.418896 -0.202947
v 0.768048 2.418896 -0.237541
v 0.781804 2.306231 -0.239500
v 0.690222 2.306231 -0.195002
v 0.799397 2.136965 -0.242005
v 0.698804 2.136965 -0.227019
v 0.720956 2.788553 -0.230836
v 0.650458 2.787949 -0.182694
v 0.748641 2.532539 -0.234778
v 0.669673 2.532611 -0.199697
v 0.662134 2.785694 -0.055399
v 0.674215 2.531185 -0.043434
v 0.680534 2.295962 -0.037175
v 0.697806 1.960572 -0.020067
v 0.675237 2.902975 -0.042487
v 0.682664 2.911114 0.065265
v 0.684061 2.783999 0.059907
v 0.699732 2.530439 0.091260
v 0.709470 2.301533 0.105127
v 0.722133 1.960859 0.126552
v 0.658166 2.954800 -0.082297
v 0.672918 2.656097 -0.044717
v 0.689965 2.654846 0.068914
v 0.679097 2.413727 -0.038598
v 0.702255 2.415851 0.089156
v 0.687170 2.130272 -0.030602
v 0.716542 2.133359 0.118115
v 0.864265 4.670630 -0.107019
v 0.776727 4.746487 -0.129255
v 0.649155 4.739225 -0.024149
v 0.618632 4.690716 0.028328
v 0.865557 4.584443 -0.102946
v 0.569736 4.620418 0.030478
v 0.824327 4.491956 -0.060592
v 0.781359 4.598385 -0.100369
v 0.817210 4.587346 -0.253348
v 0.696309 4.635047 -0.352812
v 0.751749 4.531962 -0.069951
v 0.775429 4.498825 -0.205730
v 0.610500 4.578298 -0.292797
v 0.639498 4.749471 -0.083418
v 0.664265 4.795208 -0.164111
v 0.613699 4.758911 -0.245646
v 0.717563 4.714762 -0.119264
v 0.768537 4.777970 -0.196561
v 0.688000 4.746277 -0.282486
v 0.780431 4.660283 -0.103294
v 0.839382 4.674010 -0.218538
v 0.739365 4.695727 -0.316017
v 0.556652 4.797558 -0.374024
v 0.488978 4.657537 -0.404633
v 0.535805 4.840560 -0.268428
v 0.515287 4.744400 -0.378006
v 0.763976 4.608302 -0.237551
v 0.736869 4.550870 -0.206657
v 0.610137 4.516882 -0.290112
v 0.732975 4.612225 -0.376024
v 0.778361 4.664530 -0.214967
v 0.794609 4.714173 -0.323352
v 0.664745 4.743163 -0.179654
v 0.732397 4.731979 -0.200708
v 0.721079 4.799101 -0.275351
v 0.614717 4.820327 -0.222614
v -0.239976 5.189230 0.086526
v -0.297856 5.179637 0.039462
v -0.404671 5.133483 0.029531
v -0.140728 5.123882 0.075393
v -0.426412 5.022081 0.002242
v -0.131776 5.226233 -0.005381
v -0.200883 5.304684 -0.067967
v -0.343758 5.336411 -0.117782
v -0.455787 5.177725 -0.122997
v -0.484847 4.996386 -0.159394
v 0.240796 5.189230 0.084218
v 0.298221 5.179637 0.036601
v 0.404936 5.133483 0.025645
v 0.141445 5.123882 0.074039
v 0.426414 5.022081 -0.001852
v 0.200222 5.304684 -0.069893
v 0.131719 5.226233 -0.006646
v 0.342612 5.336411 -0.121077
v 0.454585 5.177725 -0.127367
v 0.483294 4.996386 -0.164041
v 0.185730 5.264000 -0.074217
v 0.286229 5.286393 -0.110343
v 0.137381 5.208630 -0.029578
v 0.142830 5.120798 -0.320537
v 0.150846 4.903487 -0.373496
v 0.134863 4.844509 -0.290547
v 0.151888 4.995477 -0.385848
v 0.230295 5.236570 -0.241578
v 0.088833 5.351549 -0.180387
v 0.095555 5.263697 -0.096943
v 0.108824 5.320348 -0.243477
v 0.077705 4.810716 -0.388509
v 0.069967 4.885716 -0.446743
v 0.064906 4.998444 -0.423174
v 0.075977 5.253860 -0.334738
v 0.070087 5.145324 -0.382213
v -0.186434 5.264000 -0.072431
v -0.287275 5.286393 -0.107590
v -0.137658 5.208630 -0.028258
v -0.145901 5.120798 -0.319151
v -0.154425 4.903487 -0.372031
v -0.137646 4.844509 -0.289239
v -0.155585 4.995477 -0.384372
v -0.232604 5.236570 -0.239356
v -0.096481 5.263697 -0.096021
v -0.090560 5.351549 -0.179526
v -0.111157 5.320348 -0.242421
v -0.074252 4.885716 -0.446051
v -0.081431 4.810716 -0.387745
v -0.068965 4.998444 -0.422532
v -0.079187 5.253860 -0.333993
v -0.073753 5.145324 -0.381523
v 0.321959 4.921791 0.156457
v 0.386032 5.097463 0.142400
v 0.304804 5.134410 0.129661
v 0.224547 5.098078 0.117002
v 0.181896 5.055529 0.113723
v 0.350339 5.279968 0.003562
v 0.264072 5.294379 0.075096
v 0.114820 5.196209 0.059804
v 0.510653 5.210633 -0.012897
v 0.542919 5.043278 -0.054204
v -0.320442 4.921791 0.159541
v -0.384647 5.097463 0.146099
v -0.303545 5.134410 0.132582
v -0.223414 5.098078 0.119153
v -0.180796 5.055529 0.115464
v -0.263339 5.294379 0.077627
v -0.350289 5.279968 0.006925
v -0.114241 5.196209 0.060903
v -0.510753 5.210633 -0.007994
v -0.543415 5.043278 -0.048990
v -0.194785 4.986084 0.243994
v -0.200434 5.025034 0.267224
v -0.246122 5.026315 0.282880
v -0.278280 4.982019 0.270950
v -0.251009 4.904381 0.264122
v -0.213532 5.184241 0.107937
v -0.358738 5.250078 0.132271
v -0.136305 5.107138 0.101253
v -0.516852 5.081802 0.156820
v -0.459864 4.864792 0.100892
v 0.197118 4.986084 0.242113
v 0.202991 5.025034 0.265288
v 0.248827 5.026315 0.280504
v 0.280869 4.982019 0.268266
v 0.253533 4.904381 0.261700
v 0.359991 5.250078 0.128821
v 0.214559 5.184241 0.105882
v 0.137271 5.107138 0.099939
v 0.460811 4.864792 0.096472
v 0.518334 5.081802 0.151850
v 0.238058 5.013174 0.332742
v 0.258642 4.952411 0.345614
v 0.151840 5.022469 0.337390
v 0.176343 4.947645 0.290657
v 0.220559 4.891311 0.348192
v 0.298619 5.128129 0.282863
v 0.157728 5.102074 0.227345
v 0.109561 4.981035 0.142495
v 0.415772 4.966176 0.238116
v 0.292616 4.841936 0.213360
v -0.234853 5.013174 0.335012
v -0.255312 4.952411 0.348082
v -0.148594 5.022469 0.338832
v -0.173545 4.947645 0.292337
v -0.217206 4.891311 0.350294
v -0.155538 5.102074 0.228848
v -0.295890 5.128129 0.285717
v -0.108188 4.981035 0.143540
v -0.413467 4.966176 0.242097
v -0.290554 4.841936 0.216159
v 0.140434 4.895871 0.394179
v 0.179141 4.922119 0.391834
v 0.164788 4.951272 0.385043
v 0.131255 4.958377 0.364195
v 0.161551 4.929840 0.318636
v 0.237794 4.810158 0.374677
v 0.331830 5.001741 0.362717
v 0.216104 5.087106 0.340679
v 0.085409 5.026776 0.312511
v 0.176343 4.947645 0.290657
v -0.136644 4.895871 0.395509
v -0.175371 4.922119 0.393536
v -0.161084 4.951272 0.386607
v -0.127752 4.958377 0.365439
v -0.158485 4.929840 0.320172
v -0.328333 5.001741 0.365886
v -0.234186 4.810158 0.376943
v -0.212823 5.087106 0.342738
v -0.082405 5.026776 0.313317
v -0.173545 4.947645 0.292337
v 0.631698 5.120108 -0.128125
v 0.602169 5.041465 -0.038753
v 0.579474 4.989730 -0.002692
v 0.668153 4.967387 -0.133829
v 0.665319 4.948051 -0.102895
v 0.657157 4.903510 -0.103165
v 0.544309 4.895307 -0.001244
v 0.648566 4.882414 -0.103852
v 0.658378 4.897952 -0.168584
v 0.577697 4.976887 -0.267076
v 0.625910 5.022408 -0.213508
v 0.668360 4.949851 -0.174894
v 0.643673 4.879698 -0.168627
v 0.559320 4.907092 -0.242748
v 0.483934 4.939657 0.026020
v 0.406724 4.986930 0.099789
v 0.478149 4.989278 0.143361
v 0.528082 5.142907 0.022436
v 0.571477 5.260306 -0.100650
v 0.599429 5.128938 -0.209007
v 0.543234 5.137812 -0.311241
v 0.481691 5.015787 -0.384709
v 0.469541 4.942741 -0.306038
v 0.523229 4.981202 0.065324
v 0.582824 5.089355 -0.014340
v 0.596741 5.183299 -0.114978
v 0.604368 5.079375 -0.218680
v 0.552730 5.063296 -0.313317
v 0.423257 5.203850 0.081245
v 0.491795 5.291981 -0.010546
v 0.611330 5.414430 -0.117944
v 0.537310 5.355074 -0.309319
v 0.504047 5.251709 -0.493910
v 0.468901 5.007260 -0.535456
v 0.454085 5.004995 -0.366217
v 0.383520 5.170810 -0.353665
v 0.400522 5.239156 -0.230761
v 0.427530 5.289279 -0.085746
v 0.381003 5.077635 -0.031707
v 0.404804 5.031508 0.069896
v 0.429019 4.966048 -0.319092
v 0.383394 5.025403 -0.233986
v 0.375863 5.058348 -0.182741
v 0.373975 5.088770 -0.114804
v 0.637636 5.126330 -0.133874
v 0.610723 5.046857 -0.035472
v 0.596241 4.983755 0.003931
v 0.700689 4.963733 -0.134177
v 0.716589 4.905715 -0.134253
v 0.694786 4.930134 -0.082897
v 0.689192 4.876052 -0.134122
v 0.661895 4.907391 -0.064293
v 0.701969 4.831022 -0.118146
v 0.642044 4.807318 -0.125972
v 0.563774 4.929196 0.025333
v 0.620908 4.859459 -0.064111
v 0.662075 4.958736 -0.064117
v 0.630221 4.943923 -0.044715
v 0.539955 4.886713 -0.001049
v 0.658386 5.033386 -0.133974
v 0.701220 4.831899 -0.134180
v 0.643737 4.807360 -0.133904
v 0.609779 5.046857 -0.232014
v 0.594920 4.983755 -0.271276
v 0.694294 4.930134 -0.185398
v 0.661226 4.907391 -0.203685
v 0.701815 4.831022 -0.150220
v 0.641968 4.807318 -0.141818
v 0.562249 4.929196 -0.292365
v 0.620239 4.859459 -0.203474
v 0.661404 4.958736 -0.203863
v 0.629365 4.943923 -0.222959
v 0.538685 4.886713 -0.265756
v -0.047435 5.802128 0.481483
v 0.002323 5.751469 0.484021
v 0.002393 5.790553 0.498414
v 0.002334 5.833602 0.486130
v 0.052056 5.802128 0.481006
v 0.002334 5.833602 0.486130
v 0.002393 5.790553 0.498414
v 0.002323 5.751469 0.484021
v 0.000940 6.100938 0.195853
v 0.001185 6.064635 0.246893
v 0.001919 5.927420 0.399791
v 0.002063 5.876356 0.429828
v 0.002334 5.833602 0.486130
v 0.001640 5.993257 0.341690
v 0.000647 6.156268 0.134764
v 0.000288 6.186111 0.059909
v -0.000350 6.230960 -0.072814
v -0.001210 6.234258 -0.252107
v -0.001481 6.132424 -0.308609
v 0.001484 6.024155 0.309248
v -0.002113 6.087506 -0.440188
v -0.003241 5.834515 -0.675273
v -0.001070 5.779621 -0.222913
v -0.002277 5.708065 -0.474330
v 0.063911 5.783653 0.465948
v 0.038596 5.899833 0.411824
v 0.054258 5.846850 0.449844
v 0.052056 5.802128 0.481006
v 0.035044 5.703943 0.489483
v 0.021260 5.710432 0.490167
v 0.072005 5.931974 0.299684
v 0.075737 5.982475 0.246509
v 0.111298 5.998614 0.199921
v 0.109422 6.020819 0.165855
v 0.036636 6.083965 0.184734
v 0.037424 6.025823 0.272817
v 0.061831 6.040108 0.225767
v 0.028306 6.070856 0.224144
v 0.057655 5.878301 0.397690
v 0.081102 5.831111 0.433857
v 0.070582 6.054277 0.182800
v 0.045174 5.983457 0.327368
v 0.040194 6.153084 0.127062
v 0.113744 6.055632 0.079238
v 0.063157 5.944038 0.097159
v 0.077121 6.006730 0.056388
v 0.065919 5.966609 -0.085801
v 0.110511 5.997132 -0.114736
v 0.114353 6.130982 0.018339
v 0.047823 6.180520 0.057579
v 0.056438 6.198980 -0.085657
v 0.118503 6.119468 -0.126381
v 0.060128 6.121595 -0.227208
v 0.073103 5.965572 -0.269741
v 0.064386 5.812203 -0.237629
v 0.095305 5.922412 0.166097
v 0.084808 5.917978 0.243648
v 0.075982 5.895071 0.313364
v 0.063648 5.850253 0.390025
v 0.080778 5.819166 0.418275
v 0.065641 5.767337 0.449448
v -0.059435 5.783653 0.466540
v -0.034641 5.899833 0.412176
v -0.049937 5.846850 0.450344
v -0.047435 5.802128 0.481483
v -0.030343 5.703943 0.489797
v -0.016553 5.710432 0.490348
v -0.069125 5.931974 0.300361
v -0.073367 5.982475 0.247225
v -0.109374 5.998614 0.200980
v -0.107825 6.020819 0.166898
v -0.034861 6.083965 0.185077
v -0.034803 6.025823 0.273164
v -0.059661 6.040108 0.226350
v -0.026153 6.070856 0.224405
v -0.053834 5.878301 0.398225
v -0.076933 5.831111 0.434615
v -0.068824 6.054277 0.183469
v -0.042029 5.983457 0.327787
v -0.038973 6.153084 0.127442
v -0.112978 6.055632 0.080326
v -0.062221 5.944038 0.097761
v -0.076576 6.006730 0.057126
v -0.066740 5.966609 -0.085165
v -0.111607 5.997132 -0.113670
v -0.114172 6.130982 0.019436
v -0.047268 6.180520 0.058036
v -0.057258 6.198980 -0.085111
v -0.119711 6.119468 -0.125238
v -0.062307 6.121595 -0.226621
v -0.075689 5.965572 -0.269027
v -0.066664 5.812203 -0.237000
v -0.093706 5.922412 0.167005
v -0.082465 5.917978 0.244451
v -0.072970 5.895071 0.314079
v -0.059901 5.850253 0.390618
v -0.076758 5.819166 0.419031
v -0.061323 5.767337 0.450058
v 0.002334 5.833602 0.486130
v 0.052056 5.802128 0.481006
v 0.052056 5.802128 0.481006
v -0.047435 5.802128 0.481483
v -0.047435 5.802128 0.481483
v 0.112943 5.702413 0.458001
v 0.116568 5.764809 0.429349
v 0.158542 5.800464 0.386854
v 0.159420 5.736402 0.406259
v 0.132008 5.782062 0.407116
v 0.159189 5.762721 0.389867
v 0.182933 5.815342 0.335272
v 0.191951 5.856726 0.248626
v 0.177947 5.871199 0.152680
v 0.161285 5.860980 0.071009
v 0.136664 5.888530 0.073649
v 0.152140 5.896493 0.160888
v 0.162664 5.891364 0.245295
v 0.156207 5.852693 0.334268
v 0.132171 5.841505 0.329167
v 0.112599 5.766602 0.398299
v 0.145915 5.744717 0.375474
v 0.170561 5.798222 0.318444
v 0.138765 5.879433 0.247217
v 0.178048 5.836327 0.238564
v 0.129205 5.884332 0.168641
v 0.164200 5.848161 0.150714
v 0.148307 5.837191 0.072464
v 0.114246 5.876332 0.082874
v 0.148039 5.682286 0.429980
v 0.166011 5.724348 0.396016
v 0.197019 5.720576 0.352550
v 0.174846 5.686323 0.385921
v 0.165256 5.656034 0.403590
v 0.185792 5.690560 0.365114
v 0.213810 5.678405 0.322706
v 0.189993 5.651784 0.359759
v 0.186380 5.627293 0.369591
v 0.209324 5.655382 0.325856
v 0.234408 5.635077 0.283335
v 0.208963 5.615184 0.324813
v 0.141258 5.755547 0.427540
v 0.181727 5.701485 0.396580
v 0.199877 5.667278 0.369293
v 0.219849 5.630802 0.331188
v -0.108541 5.702413 0.459064
v -0.112441 5.764809 0.430449
v -0.154820 5.800464 0.388358
v -0.155513 5.736402 0.407771
v -0.128093 5.782062 0.408364
v -0.155439 5.762721 0.391377
v -0.179706 5.815342 0.337013
v -0.189555 5.856726 0.250458
v -0.176473 5.871199 0.154381
v -0.160596 5.860980 0.072554
v -0.135951 5.888530 0.074957
v -0.150588 5.896493 0.162341
v -0.160302 5.891364 0.246845
v -0.152991 5.852693 0.335752
v -0.129004 5.841505 0.330421
v -0.108770 5.766602 0.399361
v -0.142304 5.744717 0.376857
v -0.167496 5.798222 0.320067
v -0.136386 5.879433 0.248538
v -0.175750 5.836327 0.240262
v -0.127580 5.884332 0.169873
v -0.162746 5.848161 0.152283
v -0.147604 5.837191 0.073884
v -0.113445 5.876332 0.083967
v -0.143904 5.682286 0.431382
v -0.162201 5.724348 0.397591
v -0.193625 5.720576 0.354425
v -0.171133 5.686323 0.387582
v -0.161374 5.656034 0.405158
v -0.182278 5.690560 0.366881
v -0.210702 5.678405 0.324743
v -0.186531 5.651784 0.361566
v -0.182824 5.627293 0.371363
v -0.206186 5.655382 0.327850
v -0.231677 5.635077 0.285572
v -0.205835 5.615184 0.326804
v -0.137423 5.755221 0.429525
v -0.175228 5.702279 0.396830
v -0.193581 5.668338 0.369471
v -0.214885 5.632013 0.332819
v -0.220759 4.844598 0.364090
v -0.261051 4.775556 0.477962
v -0.254035 4.682652 0.553877
v -0.197067 4.578502 0.574160
v -0.097088 4.505254 0.518379
v -0.105774 4.493107 0.531220
v -0.209585 4.572749 0.589749
v -0.265535 4.684088 0.565823
v -0.276150 4.786552 0.483809
v -0.229664 4.859769 0.375125
v -0.142281 4.465860 0.546606
v -0.259375 4.562499 0.600802
v -0.316701 4.674484 0.574392
v -0.324716 4.791800 0.484454
v -0.288592 4.868104 0.374736
v -0.257064 4.906957 0.297955
v -0.196296 4.440547 0.523829
v -0.303655 4.536166 0.564459
v -0.366290 4.643080 0.539113
v -0.376497 4.753723 0.445103
v -0.335789 4.830531 0.330611
v -0.291148 4.875678 0.255548
v -0.232395 4.446593 0.481124
v -0.316600 4.521051 0.514775
v -0.375746 4.620443 0.491391
v -0.385309 4.717853 0.412546
v -0.344299 4.785552 0.310589
v -0.328019 4.452095 0.341429
v -0.357610 4.547230 0.150366
v -0.366446 4.644245 0.220758
v -0.325264 4.739679 0.198619
v -0.335874 4.780344 0.304798
v -0.379054 4.709795 0.405528
v -0.367995 4.617924 0.480718
v -0.317859 4.517452 0.507810
v -0.219809 4.452405 0.462779
v -0.058000 4.469861 0.532591
v -0.119339 4.428584 0.570738
v -0.146221 4.406088 0.558868
v -0.173997 4.393983 0.516299
v -0.183251 4.893268 0.291467
v -0.297859 4.498388 0.015300
v -0.333883 4.433173 0.204784
v -0.288976 4.846669 0.212481
v -0.326007 4.607590 0.107272
v -0.265490 4.545449 -0.018258
v -0.339028 4.658981 0.172403
v -0.354027 4.731762 0.264807
v -0.174773 4.898265 -0.255556
v -0.184309 4.726709 -0.209818
v -0.197901 4.586854 -0.142693
v -0.167753 4.552505 -0.160659
v -0.171904 4.361021 0.060685
v 0.000160 4.355633 0.033384
v -0.000694 4.536153 -0.144597
v -0.151348 4.716087 -0.242570
v -0.134462 4.895015 -0.284919
v -0.001076 4.708868 -0.224212
v -0.001323 4.895440 -0.275559
v 0.224244 4.844598 0.361954
v 0.265627 4.775556 0.475433
v 0.259341 4.682652 0.551412
v 0.202570 4.578502 0.572241
v 0.102060 4.505254 0.517423
v 0.110869 4.493107 0.530180
v 0.215238 4.572749 0.587710
v 0.270955 4.684088 0.563248
v 0.280782 4.786552 0.481136
v 0.233255 4.859769 0.372903
v 0.147522 4.465860 0.545215
v 0.265131 4.562499 0.598284
v 0.322201 4.674484 0.571325
v 0.329352 4.791800 0.481315
v 0.292176 4.868104 0.371948
v 0.259912 4.906957 0.295474
v 0.201316 4.440547 0.521921
v 0.309060 4.536166 0.561518
v 0.371449 4.643080 0.535572
v 0.380753 4.753723 0.441468
v 0.338947 4.830531 0.327372
v 0.293588 4.875678 0.252741
v 0.237003 4.446593 0.478871
v 0.321527 4.521051 0.511711
v 0.380446 4.620443 0.487761
v 0.389252 4.717853 0.408828
v 0.347265 4.785552 0.307270
v 0.331282 4.452095 0.338264
v 0.359037 4.547230 0.146926
v 0.368548 4.644245 0.217229
v 0.327156 4.739679 0.195487
v 0.338784 4.780344 0.301559
v 0.382929 4.709795 0.401870
v 0.372593 4.617924 0.477163
v 0.322720 4.517452 0.504735
v 0.224242 4.452405 0.460648
v 0.063110 4.469861 0.532009
v 0.124812 4.428584 0.569566
v 0.151580 4.406088 0.557439
v 0.178945 4.393983 0.514605
v 0.186041 4.893268 0.289694
v 0.297992 4.498388 0.012440
v 0.335833 4.433173 0.201569
v 0.291003 4.846669 0.209697
v 0.327022 4.607590 0.104137
v 0.265302 4.545449 -0.020806
v 0.340668 4.658981 0.169141
v 0.356553 4.731762 0.261396
v 0.172311 4.898265 -0.257222
v 0.182286 4.726709 -0.211577
v 0.196522 4.586854 -0.144586
v 0.166203 4.552505 -0.162262
v 0.172478 4.361021 0.059032
v 0.149012 4.716087 -0.244012
v 0.131721 4.895015 -0.286197
v 0.003631 4.258510 0.756501
v 0.003437 4.327241 0.716107
v 0.003209 4.484881 0.668571
v 0.002633 4.571819 0.548595
v 0.136617 4.482564 0.562429
v 0.153896 4.416674 0.561844
v 0.226637 4.372858 0.539772
v 0.166228 4.241658 0.550308
v 0.086092 4.267324 0.622955
v 0.077567 4.415716 0.655476
v 0.092975 4.352988 0.636313
v 0.045163 4.322337 0.687821
v 0.037805 4.260306 0.736153
v 0.063533 4.239114 0.599725
v 0.029744 4.185380 0.677985
v 0.003353 4.178523 0.698497
v 0.002771 4.190018 0.577240
v 0.076429 4.211024 0.573307
v -0.131212 4.482564 0.563714
v -0.148495 4.416674 0.563295
v -0.221444 4.372858 0.541923
v -0.160937 4.241658 0.551879
v -0.080108 4.267324 0.623753
v -0.071271 4.415716 0.656191
v -0.086862 4.352988 0.637176
v -0.038558 4.322337 0.688223
v -0.030736 4.260306 0.736482
v -0.057772 4.239114 0.600307
v -0.023234 4.185380 0.678239
v -0.070921 4.211024 0.574014
v 0.082698 4.207639 0.639845
v 0.049044 4.241292 0.640007
v 0.003073 4.253611 0.640227
v -0.042898 4.241292 0.640448
v -0.076551 4.207639 0.640609
v -0.088869 4.161667 0.640669
v -0.076551 4.115695 0.640609
v -0.042898 4.082042 0.640448
v 0.003073 4.069724 0.640227
v 0.049044 4.082042 0.640007
v 0.082698 4.115695 0.639845
v 0.095016 4.161667 0.639786
v 0.100949 4.218130 0.656696
v 0.059616 4.259462 0.656895
v 0.003155 4.274590 0.657166
v -0.053307 4.259462 0.657437
v -0.094640 4.218130 0.657635
v -0.109768 4.161667 0.657708
v -0.094640 4.105205 0.657635
v -0.053307 4.063872 0.657437
v 0.003155 4.048742 0.657166
v 0.059616 4.063872 0.656895
v 0.100949 4.105205 0.656696
v 0.116077 4.161667 0.656624
v 0.119068 4.228637 0.639670
v 0.070043 4.277662 0.639906
v 0.003073 4.295608 0.640227
v -0.063897 4.277662 0.640549
v -0.112922 4.228637 0.640784
v -0.130866 4.161667 0.640870
v -0.112922 4.094696 0.640784
v -0.063897 4.045671 0.640549
v 0.003073 4.027727 0.640227
v 0.070043 4.045671 0.639906
v 0.119068 4.094696 0.639670
v 0.137012 4.161667 0.639584
v 0.003170 4.121781 0.660285
v 0.059822 4.088808 0.664728
v 0.052496 4.036756 0.660071
v 0.022380 4.001848 0.654986
v 0.003144 3.930899 0.654985
v 0.003241 4.001444 0.675180
v 0.003279 4.057440 0.683085
v 0.061464 4.084828 0.646164
v 0.054933 4.037221 0.640938
v 0.023729 3.996841 0.641571
v -0.053438 4.088808 0.665271
v -0.046157 4.036756 0.660544
v -0.016091 4.001848 0.655171
v -0.055258 4.084828 0.646725
v -0.048778 4.037221 0.641436
v -0.017569 3.996841 0.641769
v -0.135996 4.363767 0.550360
v -0.191318 4.438880 0.522018
v -0.162237 4.398971 0.530040
v -0.261760 4.505304 0.466120
v -0.335725 4.449334 0.521559
v -0.317330 4.343436 0.524776
v -0.187403 4.259166 0.532588
v 0.141274 4.363767 0.549029
v 0.196321 4.438880 0.520158
v 0.167318 4.398971 0.528458
v 0.340716 4.449334 0.518312
v 0.266223 4.505304 0.463586
v 0.192507 4.259166 0.530764
v 0.322353 4.343436 0.521706
v -0.265202 4.482834 0.473568
v -0.220836 4.343154 0.499113
v -0.321213 4.440488 0.504966
v -0.330840 4.386210 0.520081
v -0.348912 4.457222 0.323403
v -0.460540 4.417845 0.332140
v -0.435814 4.285134 0.364502
v -0.368948 4.222003 0.405219
v -0.261217 4.182845 0.440395
v 0.269736 4.482834 0.471001
v 0.225617 4.343154 0.496970
v 0.326046 4.440488 0.501859
v 0.335818 4.386210 0.516881
v 0.463707 4.417845 0.327704
v 0.352001 4.457222 0.320039
v 0.439293 4.285134 0.360301
v 0.372821 4.222003 0.401658
v 0.265433 4.182845 0.437867
v -0.328019 4.452095 0.341429
v -0.405182 4.424876 0.347468
v -0.267400 4.262432 0.422299
v -0.388090 4.333139 0.369838
v -0.341869 4.289500 0.397984
v -0.400401 4.392228 0.127017
v -0.376154 4.245128 0.133904
v -0.328892 4.183307 0.183643
v -0.304959 4.443485 0.200174
v -0.298713 4.149028 0.307991
v 0.331282 4.452095 0.338264
v 0.408499 4.424876 0.343562
v 0.271442 4.262432 0.419713
v 0.391623 4.333139 0.366095
v 0.345674 4.289500 0.394683
v 0.377422 4.245128 0.130287
v 0.401602 4.392228 0.123167
v 0.330640 4.183307 0.180477
v 0.306866 4.443485 0.197237
v 0.301656 4.149028 0.305109
v -0.333608 4.434455 0.205017
v -0.359845 4.345567 0.151766
v -0.318846 4.264195 0.156647
v -0.300375 4.219370 0.192788
v -0.288431 4.194515 0.282998
v -0.167976 4.475675 0.033967
v -0.190432 4.359733 -0.012360
v -0.231078 4.252047 -0.021413
v -0.237837 4.170398 0.019160
v -0.165888 4.107362 0.204745
v 0.335561 4.434455 0.201805
v 0.361285 4.345567 0.148304
v 0.320335 4.264195 0.153579
v 0.302212 4.219370 0.189896
v 0.291134 4.194515 0.280216
v 0.190304 4.359733 -0.014187
v 0.168294 4.475675 0.032353
v 0.230862 4.252047 -0.023630
v 0.238010 4.170398 0.016876
v 0.167846 4.107362 0.203143
v 0.338745 3.572064 0.542891
v 0.315107 3.483643 0.593191
v 0.403947 3.491867 0.598625
v 0.363568 3.424778 0.578885
v 0.405093 3.408339 0.557930
v 0.350245 3.384724 0.539110
v 0.431771 3.410440 0.509764
v 0.493022 3.445642 0.533911
v 0.451138 3.472048 0.558298
v 0.485487 3.557570 0.589582
v 0.380694 3.554689 0.570940
v 0.391659 3.686852 0.521172
v 0.577686 3.441253 0.453137
v 0.564050 3.496114 0.434031
v 0.597182 3.555543 0.503228
v 0.571585 3.645272 0.505628
v 0.492945 3.730873 0.485010
v 0.409980 3.740444 0.493382
v -0.333517 3.572064 0.546118
v -0.309398 3.483643 0.596189
v -0.398182 3.491867 0.602475
v -0.357994 3.424778 0.582349
v -0.399718 3.408339 0.561793
v -0.345053 3.384724 0.542448
v -0.386638 3.686852 0.524908
v -0.375195 3.554689 0.574569
v -0.479804 3.557570 0.594216
v -0.445758 3.472048 0.562603
v -0.487873 3.445642 0.538619
v -0.426857 3.410440 0.513886
v -0.405224 3.740444 0.497295
v -0.488266 3.730873 0.489720
v -0.566704 3.645272 0.511092
v -0.592322 3.555543 0.508938
v -0.559857 3.496114 0.439426
v -0.573309 3.441253 0.458662
v -0.395420 3.641695 0.489079
v -0.448701 3.635944 0.484218
v -0.499028 3.600821 0.497931
v -0.515464 3.557974 0.496549
v -0.503265 3.485012 0.464291
v -0.494634 3.520212 0.451950
v -0.463122 3.817213 0.385821
v -0.520799 3.797798 0.357194
v -0.606358 3.788557 0.414168
v -0.662165 3.647362 0.377744
v -0.654088 3.569835 0.371059
v -0.572291 3.476232 0.326341
v 0.400097 3.641695 0.485260
v 0.453329 3.635944 0.479888
v 0.503785 3.600821 0.493117
v 0.520209 3.557974 0.491578
v 0.507699 3.485012 0.459438
v 0.498950 3.520212 0.447180
v 0.524204 3.797798 0.352177
v 0.466805 3.817213 0.381357
v 0.610306 3.788557 0.408328
v 0.665761 3.647362 0.371369
v 0.657620 3.569835 0.364762
v 0.575398 3.476232 0.320832
v 0.563731 3.506849 0.330729
v 0.622612 3.579437 0.364820
v 0.624161 3.629777 0.369966
v 0.576706 3.673736 0.398648
v 0.492032 3.680902 0.355190
v 0.422619 3.718360 0.341692
v 0.643121 3.497043 0.200145
v 0.723997 3.631785 0.200365
v 0.705950 3.703299 0.211141
v 0.633865 3.823370 0.226197
v 0.575489 3.841902 0.209377
v 0.418359 3.756391 0.189590
v -0.419319 3.718360 0.345734
v -0.488599 3.680902 0.359898
v -0.572852 3.673736 0.404166
v -0.620581 3.629777 0.375941
v -0.619081 3.579437 0.370780
v -0.560530 3.506849 0.336126
v -0.416519 3.756391 0.193598
v -0.573452 3.841902 0.214892
v -0.631664 3.823370 0.232272
v -0.703890 3.703299 0.217908
v -0.722041 3.631785 0.207306
v -0.641170 3.497043 0.206310
v -0.477973 3.723487 0.198508
v -0.566681 3.715674 0.214438
v -0.610619 3.701686 0.227556
v -0.665134 3.671169 0.216714
v -0.617794 3.528686 0.207960
v -0.678834 3.630093 0.208712
v -0.418713 3.774929 0.171927
v -0.592925 3.909282 0.039537
v -0.610686 3.828659 -0.004557
v -0.623602 3.693769 -0.067238
v -0.645897 3.615421 -0.087209
v -0.557421 3.542449 -0.042199
v 0.479856 3.723487 0.193910
v 0.568714 3.715674 0.208987
v 0.612775 3.701686 0.221683
v 0.667184 3.671169 0.210319
v 0.619762 3.528686 0.202019
v 0.680806 3.630093 0.202185
v 0.527696 3.813421 0.045073
v 0.420344 3.774929 0.167899
v 0.604658 3.806994 0.024753
v 0.639729 3.710242 -0.006392
v 0.664668 3.591524 -0.023659
v 0.560726 3.533215 -0.055308
v 0.350652 3.806877 0.082313
v 0.394028 3.790120 -0.041672
v 0.421677 3.754524 -0.125599
v 0.440842 3.687075 -0.157244
v 0.460767 3.608579 -0.151630
v 0.445846 3.551611 -0.173079
v 0.253431 3.904969 -0.165133
v 0.176217 3.839105 0.062243
v 0.276676 3.886008 -0.257152
v 0.278905 3.684623 -0.316908
v 0.275911 3.549706 -0.359742
v 0.240632 3.557913 -0.218185
v -0.349846 3.806877 0.085675
v -0.394409 3.790120 -0.037887
v -0.422863 3.754524 -0.121545
v -0.442332 3.687075 -0.153004
v -0.454682 3.604964 -0.184370
v -0.447487 3.551611 -0.168791
v -0.175611 3.839105 0.063932
v -0.252862 3.964371 -0.167654
v -0.279132 3.886008 -0.254484
v -0.281935 3.684623 -0.314216
v -0.279352 3.549706 -0.357077
v -0.242716 3.557913 -0.215864
v 0.429723 3.763134 0.155814
v 0.475468 3.784279 0.046519
v 0.536722 3.748193 0.028433
v 0.564624 3.682737 0.000674
v 0.554915 3.547575 -0.043241
v 0.584468 3.599575 -0.014713
v 0.401450 3.903947 -0.113317
v 0.350972 3.868500 0.046867
v 0.462304 3.808461 -0.198467
v 0.462492 3.697649 -0.235340
v 0.483519 3.583074 -0.229748
v 0.467844 3.503166 -0.252281
v -0.428208 3.763134 0.159933
v -0.527837 3.800107 0.041088
v -0.542042 3.725428 0.001271
v -0.553477 3.677280 -0.057986
v -0.555305 3.547575 -0.037911
v -0.579332 3.615663 -0.086813
v -0.350506 3.868500 0.050234
v -0.402519 3.903947 -0.109458
v -0.464188 3.808461 -0.194019
v -0.464730 3.697649 -0.230889
v -0.477803 3.578003 -0.264144
v -0.470245 3.503166 -0.247778
v 0.002970 3.813952 0.618690
v 0.234550 3.755907 0.568478
v 0.390504 3.640115 0.531786
v 0.212642 3.380391 0.624242
v 0.130358 3.274559 0.531931
v 0.002572 3.252269 0.535848
v 0.003000 3.706950 0.625020
v 0.157881 3.657957 0.602206
v 0.283198 3.499989 0.596520
v 0.214006 3.514287 0.596107
v 0.146874 3.367403 0.589333
v 0.110845 3.303764 0.611874
v 0.003251 3.621308 0.677172
v 0.098002 3.587322 0.671092
v 0.127358 3.508871 0.663526
v 0.087679 3.424044 0.653693
v 0.003137 3.404613 0.653533
v 0.003325 3.505205 0.692621
v 0.002844 3.336511 0.592565
v 0.002840 3.291948 0.591566
v 0.208374 3.316156 0.532656
v 0.329153 3.464099 0.629398
v 0.235397 3.367616 0.642894
v 0.357705 3.522839 0.601580
v 0.480975 3.534250 0.609119
v 0.424947 3.441160 0.581729
v 0.354143 3.427166 0.636158
v 0.482566 3.418350 0.552652
v 0.344891 3.368794 0.582313
v 0.254267 3.347669 0.626956
v 0.240066 3.358072 0.570641
v 0.268264 3.367616 0.540425
v 0.406461 3.385583 0.526539
v -0.229081 3.755907 0.570703
v -0.385381 3.640115 0.535510
v -0.206639 3.380391 0.626255
v -0.125245 3.274559 0.533158
v -0.152092 3.657957 0.603694
v -0.277458 3.499989 0.599212
v -0.208273 3.514287 0.598134
v -0.141209 3.367403 0.590716
v -0.104966 3.303764 0.612910
v -0.091555 3.587322 0.672002
v -0.120982 3.508871 0.664718
v -0.081399 3.424044 0.654504
v -0.203251 3.316156 0.534632
v -0.323095 3.464099 0.632529
v -0.229214 3.367616 0.645125
v -0.351913 3.522839 0.604986
v -0.475106 3.534250 0.613709
v -0.419343 3.441160 0.585782
v -0.348019 3.427166 0.639529
v -0.477239 3.418350 0.557259
v -0.339285 3.368794 0.585597
v -0.248237 3.347669 0.629368
v -0.234577 3.358072 0.572920
v -0.263064 3.367616 0.542975
v -0.401388 3.385583 0.530417
v 0.002436 3.141872 0.507466
v 0.002572 3.252269 0.535848
v 0.002727 3.111269 0.568135
v 0.002847 3.034668 0.593071
v 0.002562 2.946743 0.533757
v 0.119565 3.138222 0.509199
v 0.260143 3.142576 0.512421
v 0.459708 3.147140 0.457319
v 0.575433 3.143827 0.359133
v 0.130358 3.274559 0.531931
v 0.208374 3.316156 0.532656
v 0.436620 3.237367 0.465424
v 0.541659 3.179774 0.394664
v 0.268264 3.367616 0.540425
v 0.458733 3.267843 0.500457
v 0.566166 3.238622 0.414090
v 0.595716 3.195286 0.407522
v 0.471782 3.333940 0.506433
v 0.554679 3.327341 0.460989
v 0.508169 3.427773 0.400497
v 0.406461 3.385583 0.526539
v 0.125454 3.115312 0.582258
v 0.247672 3.116786 0.580027
v 0.493962 3.113881 0.495495
v 0.615043 3.106777 0.388879
v 0.111558 3.033019 0.591882
v 0.276155 3.033832 0.602446
v 0.461453 3.030226 0.554501
v 0.621936 3.033388 0.398517
v 0.097048 2.948076 0.517287
v 0.287301 2.949472 0.490549
v 0.426588 2.944762 0.460648
v 0.529641 2.946954 0.368991
v 0.507699 3.485012 0.459438
v 0.639328 3.278812 0.201925
v 0.624048 3.357743 0.201999
v 0.646168 3.201888 0.201893
v 0.646168 3.145622 0.201893
v 0.676561 3.095378 0.201747
v 0.676550 3.010353 0.199485
v 0.619666 2.954717 0.139902
v 0.624048 3.428026 0.201999
v 0.619762 3.528686 0.202019
v -0.114671 3.138222 0.510323
v -0.255211 3.142576 0.514895
v -0.455296 3.147140 0.461711
v -0.571959 3.143827 0.364641
v -0.125245 3.274559 0.533158
v -0.203251 3.316156 0.534632
v -0.432132 3.237367 0.469594
v -0.537845 3.179774 0.399846
v -0.263064 3.367616 0.542975
v -0.453907 3.267843 0.504838
v -0.562165 3.238622 0.419506
v -0.591776 3.195286 0.413222
v -0.466899 3.333940 0.510939
v -0.550228 3.327341 0.466293
v -0.504301 3.427773 0.405357
v -0.401388 3.385583 0.530417
v -0.119859 3.115312 0.583435
v -0.242092 3.116786 0.582378
v -0.489183 3.113881 0.500214
v -0.611281 3.106777 0.394766
v -0.105871 3.033019 0.592926
v -0.270359 3.033832 0.605070
v -0.456108 3.030226 0.558906
v -0.618082 3.033388 0.404470
v -0.092078 2.948076 0.518195
v -0.282578 2.949472 0.493284
v -0.422146 2.944762 0.464722
v -0.526074 2.946954 0.374059
v -0.503265 3.485012 0.464291
v -0.637360 3.278812 0.208054
v -0.622080 3.357743 0.207980
v -0.644200 3.201888 0.208087
v -0.644200 3.145622 0.208087
v -0.674593 3.095378 0.208233
v -0.674604 3.010353 0.205971
v -0.618294 2.954717 0.145845
v -0.622080 3.428026 0.207980
v -0.617794 3.528686 0.207960
v -0.257146 1.805615 -0.247032
v -0.319890 2.349793 -0.245446
v -0.365257 2.584768 -0.274304
v -0.242716 3.557913 -0.215864
v -0.173578 2.596998 -0.296069
v -0.162986 2.366381 -0.295448
v -0.102391 1.797503 -0.304658
v -0.001196 3.558566 -0.249219
v -0.001539 2.599671 -0.320604
v -0.001477 2.363389 -0.307652
v -0.001530 1.799936 -0.318702
v -0.447487 3.551611 -0.168791
v -0.551033 2.594130 -0.080544
v -0.526149 2.322449 -0.050572
v -0.450173 1.792342 -0.144432
v -0.561231 3.533215 -0.049923
v -0.676010 2.847725 0.052047
v -0.669617 2.567660 0.039976
v -0.704800 1.745073 0.032768
v -0.791399 1.797440 0.252388
v -0.707509 2.641285 0.239351
v -0.689081 3.005822 0.218369
v -0.617794 3.528686 0.207960
v -0.535518 1.853239 0.385899
v -0.616717 2.621708 0.400745
v -0.618939 3.103036 0.418459
v -0.483078 3.486984 0.446735
v -0.825929 2.098119 0.417014
v -0.705174 2.664211 0.470676
v -0.593623 3.171893 0.503780
v -0.455541 3.447166 0.500497
v -0.667965 3.093217 0.002154
v -0.701582 3.133682 0.164622
v -0.001662 3.089635 -0.346148
v -0.545399 3.099791 -0.139793
v -0.612672 3.155361 0.039311
v -0.351989 3.109783 -0.298544
v -0.640525 3.206979 0.173576
v -0.592981 3.291436 0.443473
v -0.545088 3.308221 0.511193
v -0.723231 2.028740 0.487114
v -0.637939 2.660849 0.487039
v -0.610250 3.138068 0.462086
v -0.479897 3.463066 0.478511
v -0.573577 3.302598 0.480954
v 0.254762 1.805615 -0.249490
v 0.317519 2.349793 -0.248506
v 0.362607 2.584768 -0.277798
v 0.240632 3.557913 -0.218185
v 0.170728 2.596998 -0.297722
v 0.160142 2.366381 -0.296999
v 0.099461 1.797503 -0.305627
v 0.445846 3.551611 -0.173079
v 0.550234 2.594130 -0.085830
v 0.525639 2.322449 -0.055621
v 0.448765 1.792342 -0.148747
v 0.560726 3.533215 -0.055308
v 0.676478 2.847725 0.045554
v 0.669970 2.567660 0.033545
v 0.705082 1.745073 0.026000
v 0.793786 1.797440 0.244778
v 0.709774 2.641285 0.232548
v 0.691146 3.005822 0.211743
v 0.619762 3.528686 0.202019
v 0.539198 1.853239 0.380740
v 0.620536 2.621708 0.394806
v 0.622928 3.103036 0.412498
v 0.487345 3.486984 0.442077
v 0.832804 2.102941 0.408173
v 0.709660 2.664211 0.463885
v 0.598432 3.171893 0.498058
v 0.460325 3.447166 0.496100
v 0.667955 3.093217 -0.004258
v 0.703130 3.133682 0.157879
v 0.544032 3.099791 -0.145022
v 0.613021 3.155361 0.033427
v 0.349107 3.109783 -0.301909
v 0.642162 3.206979 0.167419
v 0.597211 3.291436 0.437760
v 0.549971 3.308221 0.505936
v 0.702991 2.033245 0.505922
v 0.642585 2.660849 0.480892
v 0.614658 3.138068 0.456206
v 0.484469 3.463066 0.473881
v 0.578168 3.302598 0.475426
v 1.145545 3.616507 0.154463
v 1.120284 3.562955 0.154631
v 1.145178 3.586963 0.064006
v 1.185975 3.587353 -0.009323
v 1.218100 3.675028 0.013756
v 1.166652 3.693027 0.152423
v 1.125628 3.587213 -0.105103
v 1.078443 3.555418 -0.010848
v 1.044621 3.502850 0.021610
v 1.004767 3.522800 -0.028782
v 1.122079 3.717730 0.118489
v 1.146032 3.746330 0.013805
v 1.071214 3.730205 0.069144
v 1.090489 3.760077 -0.023191
v 0.960929 3.523921 0.159923
v 1.043242 3.587032 0.157804
v 1.110291 3.529478 0.162495
v 1.145178 3.586963 0.064006
v 1.078443 3.555418 -0.010848
v 1.029992 3.535589 0.002021
v 0.939197 3.515531 0.071186
v 0.895691 3.717561 0.106194
v 1.032327 3.724005 0.162706
v 1.112861 3.751207 0.110718
v 1.128894 3.715995 0.010690
v 1.128396 3.751502 -0.041916
v 0.943382 3.677660 -0.095210
v 0.863412 3.691790 -0.011100
v 0.897397 3.628335 0.133998
v 1.032518 3.662292 0.191901
v 1.176717 3.715818 0.159331
v 1.183671 3.669432 0.011130
v 1.140071 3.662587 -0.096094
v 0.978073 3.605109 -0.093636
v 0.890846 3.606830 0.017452
v 0.939130 3.579135 0.116329
v 1.033215 3.614155 0.190137
v 1.146478 3.606196 0.162254
v 1.153403 3.599417 -0.013457
v 1.122989 3.557732 -0.116432
v 1.000193 3.550505 -0.035657
v 0.927321 3.552187 0.030616
v 0.924683 3.771567 0.074125
v 1.071214 3.730205 0.069144
v 1.090489 3.760077 -0.023191
v 0.969900 3.729618 -0.114205
v 0.891679 3.740607 0.016307
v 1.036221 3.555730 0.160899
v 0.967839 3.442720 0.175897
v 1.047528 3.345931 0.192057
v 1.194871 3.328709 0.142607
v 1.207893 3.379214 0.010484
v 1.154343 3.456618 -0.041939
v 1.124170 3.584627 -0.004327
v 1.133965 3.600130 0.117040
v 1.165674 3.524215 0.134084
v -1.051373 3.543831 0.183917
v -1.023064 3.517626 0.198857
v -0.949578 3.436021 0.200598
v -0.886729 3.436597 0.163872
v -0.895323 3.454069 0.104940
v -0.930659 3.519223 0.094745
v -0.969084 3.559683 0.067318
v -0.984537 3.599141 0.132201
v -0.948755 3.567468 0.150475
v -0.902571 3.460884 0.163920
v -0.921223 3.514741 0.158924
v 1.053090 3.543831 0.173815
v 1.024926 3.517626 0.189026
v 0.951460 3.436021 0.191473
v 0.888261 3.436597 0.155352
v 0.896289 3.454069 0.096340
v 0.931526 3.519223 0.085806
v 0.969686 3.559683 0.058011
v 0.985761 3.599141 0.122744
v 0.950155 3.567468 0.141360
v 0.904103 3.460884 0.155248
v 0.922706 3.514741 0.150073
v -1.034629 3.555730 0.170839
v -0.966106 3.442720 0.185181
v -1.045636 3.345931 0.202105
v -1.193447 3.328709 0.154072
v -1.207737 3.379214 0.022080
v -1.154692 3.456618 -0.030855
v -1.124160 3.584627 0.006465
v -1.132789 3.600130 0.127921
v -1.164333 3.524215 0.145269
v -0.973350 3.544034 0.108418
v -1.098422 3.679348 0.109329
v -0.960299 3.637689 0.149480
v -0.929709 3.602710 0.079183
v -1.035520 3.608359 -0.038998
v -1.108558 3.649812 0.001245
v -1.116754 3.609707 0.134361
v -1.000431 3.574157 0.166221
v -1.069207 3.545486 0.004631
v -1.128730 3.581965 0.039854
v -0.247104 1.281987 0.252915
v -0.477671 1.285004 0.263035
v -0.578212 1.296698 0.108569
v -0.541969 1.285527 -0.064650
v -0.386786 1.284520 -0.161219
v -0.238337 1.288923 -0.099201
v -0.162899 1.283250 0.045166
v -0.250088 1.207078 0.243941
v -0.475184 1.206244 0.256657
v -0.571796 1.215950 0.098582
v -0.541965 1.218153 -0.072243
v -0.391395 1.218959 -0.173587
v -0.241793 1.218651 -0.107892
v -0.160900 1.212471 0.057780
v -0.251437 1.186265 0.229430
v -0.474023 1.186604 0.240004
v -0.554743 1.197208 0.095024
v -0.533978 1.196626 -0.068110
v -0.387718 1.197909 -0.160442
v -0.247948 1.197248 -0.101309
v -0.180102 1.194027 0.062218
v -0.448652 0.476340 0.127702
v -0.481409 0.472052 0.037053
v -0.481170 0.477375 -0.058947
v -0.404961 0.470767 -0.141392
v -0.287183 0.472392 -0.101986
v -0.254403 0.474237 0.013206
v -0.289167 0.477511 0.125262
v -0.470691 1.056437 0.213300
v -0.528336 1.052869 0.091649
v -0.539749 1.053038 -0.064026
v -0.397725 1.051816 -0.158959
v -0.256471 1.054162 -0.101308
v -0.213698 1.049781 0.065821
v -0.262040 1.056587 0.205740
v -0.469964 0.894050 0.164533
v -0.505356 0.891604 0.064164
v -0.508039 0.885868 -0.060282
v -0.396554 0.892799 -0.148060
v -0.273332 0.894247 -0.104858
v -0.235020 0.890497 0.051625
v -0.267891 0.893734 0.174599
v -0.460251 0.750413 0.140547
v -0.501043 0.750890 0.058931
v -0.496669 0.738196 -0.061851
v -0.396319 0.744109 -0.143388
v -0.282866 0.745138 -0.102700
v -0.238437 0.746596 0.041289
v -0.276107 0.747799 0.139986
v -0.446964 0.606868 0.125020
v -0.493908 0.607775 0.049964
v -0.487669 0.608592 -0.059722
v -0.400090 0.607924 -0.140680
v -0.285300 0.609109 -0.102076
v -0.248456 0.611614 0.027596
v -0.289965 0.601894 0.134999
v -0.365069 1.283149 0.288855
v -0.364716 1.202478 0.278191
v -0.361951 1.183968 0.267722
v -0.358912 0.473602 0.148847
v -0.367022 1.054215 0.239323
v -0.366269 0.893158 0.207457
v -0.365552 0.747062 0.174022
v -0.363307 0.604984 0.165652
v -0.463531 0.763732 0.146873
v -0.505010 0.763327 0.064435
v -0.510053 0.753119 -0.068413
v -0.400409 0.756094 -0.161399
v -0.275644 0.758263 -0.110788
v -0.226124 0.757741 0.036427
v -0.277846 0.764095 0.152793
v -0.366647 0.754875 0.181840
v -0.471372 0.907704 0.177286
v -0.520046 0.909055 0.071545
v -0.520087 0.904886 -0.065268
v -0.400129 0.911886 -0.154194
v -0.266732 0.914190 -0.112381
v -0.221713 0.908576 0.060432
v -0.267202 0.912420 0.194282
v -0.364847 0.906971 0.215516
v -0.471157 1.073561 0.223310
v -0.549683 1.068984 0.100912
v -0.547262 1.067719 -0.068600
v -0.399779 1.069790 -0.172214
v -0.245948 1.072687 -0.110761
v -0.191456 1.069670 0.058605
v -0.260115 1.073223 0.213646
v -0.367502 1.069443 0.245483
v -0.449797 0.621131 0.133792
v -0.498893 0.619911 0.054008
v -0.491874 0.622846 -0.065446
v -0.400108 0.621538 -0.144283
v -0.283140 0.621015 -0.105923
v -0.243542 0.621612 0.031487
v -0.287839 0.622706 0.148752
v -0.365084 0.617994 0.170744
v -0.448482 0.491244 0.137105
v -0.492318 0.490139 0.044099
v -0.489589 0.496415 -0.060332
v -0.403091 0.482131 -0.150749
v -0.284924 0.482926 -0.108162
v -0.249393 0.487844 0.019036
v -0.290280 0.491842 0.132815
v -0.361394 0.487723 0.154500
v -0.212089 1.322215 0.323315
v -0.349636 1.373973 0.359613
v -0.543305 1.356791 0.321048
v -0.680145 1.380582 0.126801
v -0.601495 1.394789 -0.172237
v -0.396892 1.353575 -0.207180
v -0.208832 1.351105 -0.153883
v -0.103121 1.353873 0.101363
v -0.134178 1.529243 0.199975
v -0.432983 1.555644 0.361371
v -0.581779 1.520724 0.288809
v -0.651441 1.531789 0.040872
v -0.573274 1.543028 -0.081704
v -0.400629 1.515104 -0.174979
v -0.262968 1.544971 -0.172936
v -0.118016 1.555484 0.053416
v -0.165987 1.428678 0.259247
v -0.389111 1.445646 0.344167
v -0.548022 1.424202 0.299911
v -0.689451 1.473797 0.136173
v -0.586728 1.430161 -0.086251
v -0.362905 1.455380 -0.226211
v -0.232110 1.447386 -0.163378
v -0.075856 1.469602 -0.011668
v -0.365902 0.476524 0.248117
v -0.512132 0.436562 0.198281
v -0.554422 0.396654 -0.010851
v -0.506540 0.440960 -0.121900
v -0.403901 0.412323 -0.168598
v -0.229481 0.394378 -0.112314
v -0.202771 0.420663 -0.030243
v -0.210800 0.432295 0.098395
v -0.261592 0.239451 0.068574
v -0.298752 0.280830 0.239751
v -0.495237 0.282613 0.218827
v -0.511746 0.225398 0.051467
v -0.532219 0.205899 -0.070367
v -0.403388 0.197413 -0.206497
v -0.281562 0.240269 -0.187082
v -0.235484 0.255338 -0.032158
v -0.227329 0.334750 0.082389
v -0.338861 0.379543 0.232873
v -0.500350 0.360865 0.201859
v -0.538376 0.305080 0.055342
v -0.522028 0.324273 -0.095772
v -0.406144 0.305481 -0.202226
v -0.255462 0.316151 -0.149231
v -0.189082 0.348931 -0.073823
v -0.275248 1.437112 0.324972
v -0.343870 1.543729 0.357237
v -0.250750 1.305047 0.263111
v -0.339817 1.308817 0.340623
v -0.508936 1.323565 0.289081
v -0.647050 1.280040 0.056323
v -0.528589 1.316260 -0.170753
v -0.404995 1.298366 -0.192862
v -0.229167 1.327910 -0.121496
v -0.113855 1.275552 0.047667
v -0.224157 1.538517 0.169456
v -0.408040 1.525096 0.272750
v -0.490071 1.517968 0.221618
v -0.541001 1.494199 0.030992
v -0.506770 1.552445 -0.037980
v -0.401956 1.551190 -0.127307
v -0.288360 1.545325 -0.121864
v -0.204712 1.499343 0.009154
v -0.346228 1.541012 0.341755
v 0.249520 1.281987 0.250531
v 0.480174 1.285004 0.258437
v 0.579228 1.296698 0.103013
v 0.541323 1.285527 -0.069850
v 0.385221 1.284520 -0.164925
v 0.237374 1.288923 -0.101485
v 0.163325 1.283250 0.043601
v 0.252418 1.207078 0.241529
v 0.477627 1.206244 0.252083
v 0.572716 1.215950 0.093088
v 0.541247 1.218153 -0.077443
v 0.389710 1.218959 -0.177337
v 0.240746 1.218651 -0.110208
v 0.161447 1.212471 0.056233
v 0.253628 1.186265 0.227005
v 0.476306 1.186604 0.235442
v 0.555630 1.197208 0.089694
v 0.533300 1.196626 -0.073233
v 0.386159 1.197909 -0.164157
v 0.246964 1.197248 -0.103685
v 0.180691 1.194027 0.060486
v 0.449857 0.476340 0.123389
v 0.481742 0.472052 0.032430
v 0.480581 0.477375 -0.063564
v 0.403585 0.470767 -0.145273
v 0.286191 0.472392 -0.104738
v 0.254518 0.474237 0.010763
v 0.290356 0.477511 0.122480
v 0.472717 1.056437 0.208771
v 0.529192 1.052869 0.086573
v 0.539109 1.053038 -0.069205
v 0.396180 1.051816 -0.162770
v 0.255487 1.054162 -0.103766
v 0.214320 1.049781 0.063766
v 0.264004 1.056587 0.203215
v 0.471522 0.894050 0.160013
v 0.505948 0.891604 0.059309
v 0.507437 0.885868 -0.065157
v 0.395115 0.892799 -0.151860
v 0.272313 0.894247 -0.107477
v 0.235505 0.890497 0.049366
v 0.269555 0.893734 0.172019
v 0.461579 0.750413 0.136122
v 0.501586 0.750890 0.054118
v 0.496052 0.738196 -0.066616
v 0.394924 0.744109 -0.147186
v 0.281867 0.745138 -0.105411
v 0.238822 0.746596 0.038998
v 0.277438 0.747799 0.137329
v 0.448144 0.606868 0.120723
v 0.494365 0.607775 0.045220
v 0.487073 0.608592 -0.064401
v 0.398721 0.607924 -0.144515
v 0.284307 0.609109 -0.104810
v 0.248710 0.611614 0.025209
v 0.291248 0.601894 0.132209
v 0.367825 1.283149 0.285337
v 0.367370 1.202478 0.274677
v 0.364505 1.183968 0.264234
v 0.360324 0.473602 0.145394
v 0.369303 1.054215 0.235788
v 0.368244 0.893158 0.203931
v 0.367206 0.747062 0.170504
v 0.364881 0.604984 0.162156
v 0.464920 0.763732 0.142416
v 0.505606 0.763327 0.059584
v 0.509373 0.753119 -0.073307
v 0.398841 0.756094 -0.165235
v 0.274568 0.758263 -0.113429
v 0.226463 0.757741 0.034254
v 0.279300 0.764095 0.150119
v 0.368376 0.754875 0.178312
v 0.473053 0.907704 0.172752
v 0.520708 0.909055 0.066549
v 0.519437 0.904886 -0.070258
v 0.398630 0.911886 -0.158028
v 0.265640 0.914190 -0.114936
v 0.222283 0.908576 0.058301
v 0.269055 0.912420 0.191708
v 0.366899 0.906971 0.212003
v 0.473279 1.073561 0.218777
v 0.550626 1.068984 0.095630
v 0.546578 1.067719 -0.073851
v 0.398108 1.069790 -0.176044
v 0.244873 1.072687 -0.113117
v 0.192010 1.069670 0.056764
v 0.262155 1.073223 0.211139
v 0.369842 1.069443 0.241943
v 0.451061 0.621131 0.129467
v 0.499389 0.619911 0.049216
v 0.491223 0.622846 -0.070165
v 0.398705 0.621538 -0.148118
v 0.282110 0.621015 -0.108636
v 0.243833 0.621612 0.029148
v 0.289254 0.622706 0.145982
v 0.366706 0.617994 0.167232
v 0.449778 0.491244 0.132794
v 0.492719 0.490139 0.039370
v 0.488988 0.496415 -0.065029
v 0.401625 0.482131 -0.154612
v 0.283873 0.482926 -0.110892
v 0.249565 0.487844 0.016641
v 0.291541 0.491842 0.130022
v 0.362860 0.487723 0.151023
v 0.215184 1.322215 0.321264
v 0.353072 1.373973 0.356240
v 0.546362 1.356791 0.315817
v 0.681331 1.380582 0.120266
v 0.599813 1.394789 -0.178003
v 0.394885 1.353575 -0.210981
v 0.207345 1.351105 -0.155881
v 0.104089 1.353873 0.100369
v 0.136091 1.529243 0.198678
v 0.436433 1.555644 0.357197
v 0.584525 1.520724 0.283210
v 0.651804 1.531789 0.034616
v 0.572463 1.543028 -0.087204
v 0.398930 1.515104 -0.178817
v 0.261296 1.544971 -0.175452
v 0.118523 1.555484 0.052281
v 0.168469 1.428678 0.257641
v 0.392398 1.445646 0.340415
v 0.550876 1.424202 0.294636
v 0.690727 1.473797 0.129548
v 0.585873 1.430161 -0.091879
v 0.360717 1.455380 -0.229684
v 0.230531 1.447386 -0.165598
v 0.075740 1.469602 -0.012396
v 0.368267 0.476524 0.244593
v 0.514012 0.436562 0.193355
v 0.554293 0.396654 -0.016173
v 0.505346 0.440960 -0.126757
v 0.402264 0.412323 -0.172468
v 0.228392 0.394378 -0.114512
v 0.202472 0.420663 -0.032188
v 0.211735 0.432295 0.096367
v 0.262238 0.239451 0.066060
v 0.301040 0.280830 0.236872
v 0.497315 0.282613 0.214062
v 0.512216 0.225398 0.046552
v 0.531519 0.205899 -0.075473
v 0.401387 0.197413 -0.210360
v 0.279753 0.240269 -0.189776
v 0.235164 0.255338 -0.034417
v 0.228110 0.334750 0.080203
v 0.341081 0.379543 0.229609
v 0.502265 0.360865 0.197046
v 0.538882 0.305080 0.050171
v 0.521084 0.324273 -0.100779
v 0.404184 0.305481 -0.206116
v 0.254018 0.316151 -0.151677
v 0.188364 0.348931 -0.075635
v 0.278355 1.437112 0.322315
v 0.347284 1.543729 0.353919
v 0.253264 1.305047 0.260691
v 0.343071 1.308817 0.337345
v 0.511688 1.323565 0.284182
v 0.647561 1.280040 0.050108
v 0.526925 1.316260 -0.175819
v 0.403125 1.298366 -0.196741
v 0.227990 1.327910 -0.123691
v 0.114307 1.275552 0.046572
v 0.225774 1.538517 0.167296
v 0.410640 1.525096 0.268820
v 0.492176 1.517968 0.216903
v 0.541274 1.494199 0.025797
v 0.506382 1.552445 -0.042843
v 0.400715 1.551190 -0.131160
v 0.287177 1.545325 -0.124627
v 0.204791 1.499343 0.007188
v 0.349493 1.541012 0.338415
vt 0.698044 0.646052
vt 0.695393 0.670210
vt 0.642410 0.669924
vt 0.644956 0.646841
vt 0.644591 0.625967
vt 0.701471 0.625967
vt 0.610515 0.646893
vt 0.596689 0.670849
vt 0.596288 0.692185
vt 0.605117 0.655105
vt 0.754304 0.646089
vt 0.759265 0.670273
vt 0.794311 0.646085
vt 0.799372 0.670141
vt 0.793892 0.625967
vt 0.765005 0.625967
vt 0.706210 0.742475
vt 0.703536 0.714010
vt 0.770429 0.714010
vt 0.768202 0.742475
vt 0.763664 0.688760
vt 0.800514 0.688802
vt 0.796653 0.714010
vt 0.799392 0.742475
vt 0.597527 0.714010
vt 0.887032 0.670278
vt 0.886821 0.688814
vt 0.892303 0.646079
vt 0.884655 0.625967
vt 0.887656 0.714010
vt 0.886582 0.742475
vt 0.627860 0.648985
vt 0.616880 0.670476
vt 0.617800 0.692029
vt 0.629381 0.670201
vt 0.629855 0.691576
vt 0.642531 0.691215
vt 0.626072 0.714010
vt 0.635421 0.714010
vt 0.614574 0.742428
vt 0.640238 0.742427
vt 0.644419 0.742427
vt 0.636033 0.647507
vt 0.648836 0.742427
vt 0.644785 0.714010
vt 0.696603 0.688694
vt 0.843202 0.670210
vt 0.843668 0.688808
vt 0.842155 0.714010
vt 0.839274 0.625967
vt 0.842987 0.742475
vt 0.843307 0.646082
vt 0.714561 0.167168
vt 0.714561 0.217672
vt 0.693025 0.215979
vt 0.693025 0.167188
vt 0.714561 0.113756
vt 0.714561 0.138253
vt 0.693025 0.137868
vt 0.693025 0.113027
vt 0.693025 0.063310
vt 0.693025 0.037293
vt 0.714561 0.037802
vt 0.714561 0.063894
vt 0.693025 0.242454
vt 0.693025 0.090625
vt 0.714561 0.091288
vt 0.714561 0.167168
vt 0.693025 0.167188
vt 0.693025 0.215979
vt 0.714561 0.217672
vt 0.714561 0.113756
vt 0.693025 0.113027
vt 0.693025 0.137868
vt 0.714561 0.138253
vt 0.693025 0.063310
vt 0.714561 0.063894
vt 0.714561 0.037802
vt 0.693025 0.037293
vt 0.693025 0.242454
vt 0.714561 0.091288
vt 0.693025 0.090625
vt 0.021762 0.466577
vt 0.008451 0.498181
vt 0.024200 0.499643
vt 0.032141 0.480452
vt 0.067943 0.466231
vt 0.057729 0.482125
vt 0.090848 0.499479
vt 0.068430 0.499542
vt 0.071924 0.534510
vt 0.058092 0.516671
vt 0.046834 0.500593
vt 0.026146 0.534328
vt 0.034118 0.517048
vt 0.081861 0.547842
vt 0.071482 0.561718
vt 0.079424 0.580908
vt 0.095172 0.579447
vt 0.035680 0.547496
vt 0.045894 0.563390
vt 0.012775 0.580744
vt 0.035193 0.580807
vt 0.031699 0.615775
vt 0.045532 0.597936
vt 0.056789 0.581858
vt 0.077477 0.615593
vt 0.069506 0.598314
vt 0.081861 0.547842
vt 0.071482 0.561718
vt 0.079424 0.580908
vt 0.095172 0.579447
vt 0.035680 0.547496
vt 0.045894 0.563390
vt 0.012775 0.580744
vt 0.035193 0.580807
vt 0.031699 0.615775
vt 0.045532 0.597936
vt 0.056789 0.581858
vt 0.077477 0.615593
vt 0.069506 0.598314
vt 0.021762 0.466577
vt 0.008451 0.498181
vt 0.024200 0.499643
vt 0.032141 0.480452
vt 0.067943 0.466231
vt 0.057729 0.482125
vt 0.090848 0.499479
vt 0.068430 0.499542
vt 0.071924 0.534510
vt 0.058092 0.516671
vt 0.046834 0.500593
vt 0.026146 0.534328
vt 0.034118 0.517048
vt 0.714561 0.167168
vt 0.714561 0.194733
vt 0.693025 0.193818
vt 0.693025 0.167188
vt 0.714561 0.113756
vt 0.714561 0.138641
vt 0.693025 0.138261
vt 0.693025 0.113027
vt 0.693025 0.063339
vt 0.693025 0.037293
vt 0.714561 0.037802
vt 0.714561 0.063924
vt 0.693025 0.215979
vt 0.714561 0.217672
vt 0.693025 0.242454
vt 0.693025 0.091224
vt 0.714561 0.091890
vt 0.714561 0.167168
vt 0.693025 0.167188
vt 0.693025 0.215979
vt 0.714561 0.217672
vt 0.714561 0.113756
vt 0.693025 0.113027
vt 0.693025 0.139272
vt 0.714561 0.139638
vt 0.693025 0.063406
vt 0.714561 0.063991
vt 0.714561 0.037802
vt 0.693025 0.037293
vt 0.693025 0.242454
vt 0.714561 0.091158
vt 0.693025 0.090495
vt 0.693025 0.194506
vt 0.714561 0.194435
vt 0.714561 0.217672
vt 0.693025 0.215979
vt 0.693025 0.138720
vt 0.714561 0.138754
vt 0.714561 0.167168
vt 0.693025 0.167188
vt 0.693025 0.090214
vt 0.714561 0.091560
vt 0.714561 0.113756
vt 0.693025 0.113027
vt 0.693025 0.037293
vt 0.714561 0.037802
vt 0.714561 0.063827
vt 0.693025 0.062913
vt 0.693025 0.242454
vt 0.714561 0.167168
vt 0.714561 0.217672
vt 0.693025 0.215979
vt 0.693025 0.167188
vt 0.714561 0.113756
vt 0.714561 0.138253
vt 0.693025 0.137868
vt 0.693025 0.113027
vt 0.693025 0.063310
vt 0.693025 0.037293
vt 0.714561 0.037802
vt 0.714561 0.063894
vt 0.693025 0.242454
vt 0.693025 0.090625
vt 0.714561 0.091288
vt 0.714561 0.167168
vt 0.714561 0.217672
vt 0.693025 0.215979
vt 0.693025 0.167188
vt 0.714561 0.113756
vt 0.714561 0.139638
vt 0.693025 0.139272
vt 0.693025 0.113027
vt 0.693025 0.063406
vt 0.693025 0.037293
vt 0.714561 0.037802
vt 0.714561 0.063991
vt 0.693025 0.242454
vt 0.693025 0.090495
vt 0.714561 0.091158
vt 0.714561 0.167168
vt 0.693025 0.167188
vt 0.693025 0.193818
vt 0.714561 0.194733
vt 0.714561 0.113756
vt 0.693025 0.113027
vt 0.693025 0.138261
vt 0.714561 0.138641
vt 0.693025 0.063339
vt 0.714561 0.063924
vt 0.714561 0.037802
vt 0.693025 0.037293
vt 0.693025 0.215979
vt 0.693025 0.242454
vt 0.714561 0.217672
vt 0.714561 0.091890
vt 0.693025 0.091224
vt 0.693025 0.194506
vt 0.693025 0.215979
vt 0.714561 0.217672
vt 0.714561 0.194435
vt 0.693025 0.138720
vt 0.693025 0.167188
vt 0.714561 0.167168
vt 0.714561 0.138754
vt 0.693025 0.090214
vt 0.693025 0.113027
vt 0.714561 0.113756
vt 0.714561 0.091560
vt 0.693025 0.037293
vt 0.693025 0.062913
vt 0.714561 0.063827
vt 0.714561 0.037802
vt 0.693025 0.242454
vt 0.714561 0.167168
vt 0.693025 0.167188
vt 0.693025 0.215979
vt 0.714561 0.217672
vt 0.714561 0.113756
vt 0.693025 0.113027
vt 0.693025 0.137868
vt 0.714561 0.138253
vt 0.693025 0.063310
vt 0.714561 0.063894
vt 0.714561 0.037802
vt 0.693025 0.037293
vt 0.693025 0.242454
vt 0.714561 0.091288
vt 0.693025 0.090625
vt 0.540416 0.514558
vt 0.523975 0.498329
vt 0.516662 0.514182
vt 0.532386 0.529335
vt 0.558077 0.505015
vt 0.510726 0.489693
vt 0.508882 0.473040
vt 0.500140 0.472279
vt 0.500140 0.490538
vt 0.500140 0.531767
vt 0.500140 0.549519
vt 0.549265 0.472256
vt 0.523341 0.472058
vt 0.525685 0.452859
vt 0.520410 0.458640
vt 0.506616 0.454610
vt 0.500140 0.446106
vt 0.500140 0.452545
vt 0.459864 0.514558
vt 0.467893 0.529335
vt 0.483617 0.514182
vt 0.476305 0.498329
vt 0.442203 0.505015
vt 0.489553 0.489693
vt 0.491398 0.473040
vt 0.500140 0.490538
vt 0.500140 0.472279
vt 0.500140 0.531767
vt 0.500140 0.549519
vt 0.476939 0.472058
vt 0.451015 0.472256
vt 0.474594 0.452859
vt 0.479870 0.458640
vt 0.493664 0.454610
vt 0.500140 0.446106
vt 0.500140 0.452545
vt 0.540416 0.514558
vt 0.532386 0.529335
vt 0.516662 0.514182
vt 0.523975 0.498329
vt 0.558077 0.505015
vt 0.510726 0.489693
vt 0.508882 0.473040
vt 0.500140 0.490538
vt 0.500140 0.472279
vt 0.500140 0.531767
vt 0.500140 0.549519
vt 0.523341 0.472058
vt 0.549265 0.472256
vt 0.525685 0.452859
vt 0.520410 0.458640
vt 0.506616 0.454610
vt 0.500140 0.446106
vt 0.500140 0.452545
vt 0.459864 0.514558
vt 0.476305 0.498329
vt 0.483617 0.514182
vt 0.467893 0.529335
vt 0.442203 0.505015
vt 0.489553 0.489693
vt 0.491398 0.473040
vt 0.500140 0.472279
vt 0.500140 0.490538
vt 0.500140 0.531767
vt 0.500140 0.549519
vt 0.451015 0.472256
vt 0.476939 0.472058
vt 0.474594 0.452859
vt 0.479870 0.458640
vt 0.493664 0.454610
vt 0.500140 0.446106
vt 0.500140 0.452545
vt 0.540416 0.514558
vt 0.523975 0.498329
vt 0.516662 0.514182
vt 0.532386 0.529335
vt 0.558077 0.505015
vt 0.510726 0.489693
vt 0.508882 0.473040
vt 0.500140 0.472279
vt 0.500140 0.490538
vt 0.500140 0.531767
vt 0.500140 0.549519
vt 0.549265 0.472256
vt 0.523341 0.472058
vt 0.525685 0.452859
vt 0.520410 0.458640
vt 0.506616 0.454610
vt 0.500140 0.446106
vt 0.500140 0.452545
vt 0.459864 0.514558
vt 0.467893 0.529335
vt 0.483617 0.514182
vt 0.476305 0.498329
vt 0.442203 0.505015
vt 0.489553 0.489693
vt 0.491398 0.473040
vt 0.500140 0.490538
vt 0.500140 0.472279
vt 0.500140 0.531767
vt 0.500140 0.549519
vt 0.476939 0.472058
vt 0.451015 0.472256
vt 0.474594 0.452859
vt 0.479870 0.458640
vt 0.493664 0.454610
vt 0.500140 0.446106
vt 0.500140 0.452545
vt 0.540416 0.514558
vt 0.532386 0.529335
vt 0.516662 0.514182
vt 0.523975 0.498329
vt 0.558077 0.505015
vt 0.510726 0.489693
vt 0.508882 0.473040
vt 0.500140 0.490538
vt 0.500140 0.472279
vt 0.500140 0.531767
vt 0.500140 0.549519
vt 0.523341 0.472058
vt 0.549265 0.472256
vt 0.525685 0.452859
vt 0.520410 0.458640
vt 0.506616 0.454610
vt 0.500140 0.446106
vt 0.500140 0.452545
vt 0.459864 0.514558
vt 0.476305 0.498329
vt 0.483617 0.514182
vt 0.467893 0.529335
vt 0.442203 0.505015
vt 0.489553 0.489693
vt 0.491398 0.473040
vt 0.500140 0.472279
vt 0.500140 0.490538
vt 0.500140 0.531767
vt 0.500140 0.549519
vt 0.451015 0.472256
vt 0.476939 0.472058
vt 0.474594 0.452859
vt 0.479870 0.458640
vt 0.493664 0.454610
vt 0.500140 0.446106
vt 0.500140 0.452545
vt 0.693025 0.194506
vt 0.714561 0.194435
vt 0.714561 0.217672
vt 0.693025 0.215979
vt 0.693025 0.138720
vt 0.714561 0.138754
vt 0.714561 0.167168
vt 0.693025 0.167188
vt 0.693025 0.090214
vt 0.714561 0.091560
vt 0.714561 0.113756
vt 0.693025 0.113027
vt 0.693025 0.037293
vt 0.714561 0.037802
vt 0.714561 0.063827
vt 0.693025 0.062913
vt 0.693025 0.242454
vt 0.714561 0.167168
vt 0.714561 0.194733
vt 0.693025 0.193818
vt 0.693025 0.167188
vt 0.714561 0.113756
vt 0.714561 0.138641
vt 0.693025 0.138261
vt 0.693025 0.113027
vt 0.693025 0.063339
vt 0.693025 0.037293
vt 0.714561 0.037802
vt 0.714561 0.063924
vt 0.693025 0.215979
vt 0.714561 0.217672
vt 0.693025 0.242454
vt 0.693025 0.091224
vt 0.714561 0.091890
vt 0.714561 0.167168
vt 0.693025 0.167188
vt 0.693025 0.215979
vt 0.714561 0.217672
vt 0.714561 0.113756
vt 0.693025 0.113027
vt 0.693025 0.139272
vt 0.714561 0.139638
vt 0.693025 0.063406
vt 0.714561 0.063991
vt 0.714561 0.037802
vt 0.693025 0.037293
vt 0.693025 0.242454
vt 0.714561 0.091158
vt 0.693025 0.090495
vt 0.714561 0.167168
vt 0.714561 0.217672
vt 0.693025 0.215979
vt 0.693025 0.167188
vt 0.714561 0.113756
vt 0.714561 0.139638
vt 0.693025 0.139272
vt 0.693025 0.113027
vt 0.693025 0.063406
vt 0.693025 0.037293
vt 0.714561 0.037802
vt 0.714561 0.063991
vt 0.693025 0.242454
vt 0.693025 0.090495
vt 0.714561 0.091158
vt 0.714561 0.167168
vt 0.693025 0.167188
vt 0.693025 0.193818
vt 0.714561 0.194733
vt 0.714561 0.113756
vt 0.693025 0.113027
vt 0.693025 0.138261
vt 0.714561 0.138641
vt 0.693025 0.063339
vt 0.714561 0.063924
vt 0.714561 0.037802
vt 0.693025 0.037293
vt 0.693025 0.215979
vt 0.693025 0.242454
vt 0.714561 0.217672
vt 0.714561 0.091890
vt 0.693025 0.091224
vt 0.693025 0.194506
vt 0.693025 0.215979
vt 0.714561 0.217672
vt 0.714561 0.194435
vt 0.693025 0.138720
vt 0.693025 0.167188
vt 0.714561 0.167168
vt 0.714561 0.138754
vt 0.693025 0.090214
vt 0.693025 0.113027
vt 0.714561 0.113756
vt 0.714561 0.091560
vt 0.693025 0.037293
vt 0.693025 0.062913
vt 0.714561 0.063827
vt 0.714561 0.037802
vt 0.693025 0.242454
vt 0.804089 0.782703
vt 0.846516 0.774490
vt 0.846516 0.789618
vt 0.821422 0.796648
vt 0.780913 0.752474
vt 0.846516 0.763388
vt 0.846516 0.752474
vt 0.892881 0.752474
vt 0.959963 0.752474
vt 0.934805 0.776567
vt 0.892881 0.773762
vt 0.846516 0.774490
vt 0.846516 0.763388
vt 0.871273 0.764547
vt 0.871273 0.778639
vt 0.871273 0.819552
vt 0.846516 0.819552
vt 0.846516 0.789618
vt 0.871273 0.791600
vt 0.892881 0.819552
vt 0.892881 0.795826
vt 0.960703 0.819552
vt 0.960703 0.819552
vt 0.892881 0.786719
vt 0.925859 0.801314
vt 0.934805 0.776567
vt 0.925859 0.801314
vt 0.846516 0.752474
vt 0.871273 0.752474
vt 0.892881 0.773762
vt 0.871273 0.764547
vt 0.871273 0.752474
vt 0.892881 0.752474
vt 0.871273 0.778639
vt 0.892881 0.786719
vt 0.892881 0.819552
vt 0.871273 0.819552
vt 0.871273 0.791600
vt 0.892881 0.795826
vt 0.167283 0.115814
vt 0.140926 0.115920
vt 0.140926 0.095031
vt 0.167283 0.095383
vt 0.117509 0.115894
vt 0.117518 0.095115
vt 0.096500 0.115796
vt 0.096500 0.095231
vt 0.070059 0.115734
vt 0.070059 0.095431
vt 0.167283 0.328847
vt 0.167283 0.349650
vt 0.140926 0.349532
vt 0.140926 0.328742
vt 0.117514 0.328768
vt 0.117524 0.349560
vt 0.096501 0.328866
vt 0.096501 0.349598
vt 0.073756 0.349665
vt 0.073756 0.328931
vt 0.140926 0.262093
vt 0.167283 0.284041
vt 0.167283 0.328847
vt 0.140926 0.328742
vt 0.117522 0.261490
vt 0.117514 0.328768
vt 0.011514 0.267555
vt 0.006073 0.242011
vt 0.029444 0.238469
vt 0.034398 0.256768
vt 0.051222 0.238677
vt 0.053611 0.257982
vt 0.103405 0.245306
vt 0.104325 0.289169
vt 0.086241 0.241520
vt 0.082212 0.260206
vt 0.140926 0.183183
vt 0.140926 0.115920
vt 0.167283 0.115814
vt 0.167283 0.160935
vt 0.117520 0.183977
vt 0.117509 0.115894
vt 0.010653 0.180519
vt 0.033708 0.190798
vt 0.029153 0.209200
vt 0.005804 0.206023
vt 0.052921 0.189147
vt 0.050926 0.208584
vt 0.102658 0.200604
vt 0.102933 0.156327
vt 0.079897 0.186178
vt 0.085006 0.204879
vt 0.117524 0.349560
vt 0.140926 0.349532
vt 0.140926 0.372002
vt 0.117527 0.372030
vt 0.167283 0.372055
vt 0.167283 0.349650
vt 0.096501 0.349598
vt 0.096503 0.372053
vt 0.073756 0.372149
vt 0.073756 0.349665
vt 0.117518 0.095115
vt 0.117521 0.072536
vt 0.140926 0.072566
vt 0.140926 0.095031
vt 0.167283 0.072514
vt 0.167283 0.095383
vt 0.096500 0.095231
vt 0.096502 0.072511
vt 0.070059 0.095431
vt 0.070059 0.072408
vt 0.140926 0.048695
vt 0.140926 0.072566
vt 0.117521 0.072536
vt 0.117503 0.048758
vt 0.167283 0.048540
vt 0.167283 0.072514
vt 0.096498 0.048879
vt 0.096502 0.072511
vt 0.070059 0.072408
vt 0.070059 0.049784
vt 0.140926 0.397543
vt 0.117510 0.397546
vt 0.117527 0.372030
vt 0.140926 0.372002
vt 0.167283 0.397533
vt 0.167283 0.372055
vt 0.096499 0.397554
vt 0.073756 0.397627
vt 0.073756 0.372149
vt 0.096503 0.372053
vt 0.117489 0.419386
vt 0.117510 0.397546
vt 0.140926 0.397543
vt 0.140926 0.419289
vt 0.167283 0.419321
vt 0.167283 0.397533
vt 0.096499 0.397554
vt 0.096499 0.419289
vt 0.073756 0.419209
vt 0.073756 0.397627
vt 0.117481 0.025122
vt 0.140927 0.025341
vt 0.140926 0.048695
vt 0.117503 0.048758
vt 0.167283 0.025190
vt 0.167283 0.048540
vt 0.096498 0.048879
vt 0.096498 0.025384
vt 0.070059 0.025612
vt 0.070059 0.049784
vt 0.073756 0.419209
vt 0.096499 0.419289
vt 0.096498 0.442031
vt 0.073756 0.442031
vt 0.117489 0.419386
vt 0.117487 0.442031
vt 0.140926 0.419289
vt 0.140927 0.442031
vt 0.167283 0.419321
vt 0.167283 0.442031
vt 0.070059 0.025612
vt 0.070059 0.002381
vt 0.096497 0.002381
vt 0.096498 0.025384
vt 0.117479 0.002381
vt 0.117481 0.025122
vt 0.140927 0.002381
vt 0.140927 0.025341
vt 0.167283 0.002381
vt 0.167283 0.025190
vt 0.769723 0.531463
vt 0.762752 0.533893
vt 0.747453 0.525064
vt 0.751532 0.512459
vt 0.765601 0.509623
vt 0.773106 0.530050
vt 0.744243 0.505847
vt 0.759304 0.496298
vt 0.736681 0.518523
vt 0.734956 0.538596
vt 0.759507 0.538850
vt 0.722590 0.536489
vt 0.749253 0.552694
vt 0.762441 0.545242
vt 0.770896 0.546773
vt 0.753977 0.567584
vt 0.739362 0.554518
vt 0.740589 0.572380
vt 0.765682 0.569977
vt 0.774215 0.548602
vt 0.737722 0.500612
vt 0.747554 0.481493
vt 0.726321 0.509824
vt 0.728388 0.571569
vt 0.731363 0.552463
vt 0.709357 0.533863
vt 0.757777 0.467871
vt 0.764467 0.474202
vt 0.741942 0.476169
vt 0.739728 0.462146
vt 0.711169 0.506064
vt 0.725800 0.496367
vt 0.685756 0.537085
vt 0.741697 0.613386
vt 0.706553 0.595393
vt 0.745452 0.593220
vt 0.750170 0.601928
vt 0.761821 0.586584
vt 0.760902 0.597682
vt 0.714062 0.374283
vt 0.754390 0.358769
vt 0.760184 0.386934
vt 0.726896 0.393623
vt 0.693596 0.565478
vt 0.716458 0.417481
vt 0.694687 0.405851
vt 0.718896 0.441305
vt 0.682657 0.437663
vt 0.719797 0.465223
vt 0.751685 0.449278
vt 0.750635 0.434729
vt 0.767808 0.395364
vt 0.759649 0.413117
vt 0.754975 0.422634
vt 0.394010 0.094431
vt 0.371798 0.101471
vt 0.387215 0.081902
vt 0.393643 0.103811
vt 0.376671 0.108489
vt 0.366600 0.108944
vt 0.371740 0.114519
vt 0.364254 0.138614
vt 0.352620 0.118326
vt 0.372718 0.088325
vt 0.355473 0.089013
vt 0.391020 0.074008
vt 0.346887 0.100616
vt 0.393989 0.119907
vt 0.393945 0.135443
vt 0.393521 0.162358
vt 0.393748 0.082175
vt 0.393521 0.074478
vt 0.399828 0.081902
vt 0.415245 0.101471
vt 0.410372 0.108489
vt 0.420443 0.108944
vt 0.434423 0.118326
vt 0.422789 0.138614
vt 0.415303 0.114519
vt 0.414325 0.088325
vt 0.431570 0.089013
vt 0.396023 0.074008
vt 0.440156 0.100616
vt 0.479210 0.701985
vt 0.500112 0.694134
vt 0.500112 0.695027
vt 0.500112 0.704870
vt 0.521015 0.701985
vt 0.500112 0.704870
vt 0.500112 0.695027
vt 0.500112 0.694134
vt 0.516581 0.737367
vt 0.500112 0.745080
vt 0.500112 0.728535
vt 0.521862 0.718000
vt 0.516554 0.834439
vt 0.513575 0.820231
vt 0.525108 0.815365
vt 0.528241 0.830839
vt 0.511863 0.853389
vt 0.516121 0.841031
vt 0.526314 0.841031
vt 0.500112 0.852036
vt 0.500112 0.841031
vt 0.537081 0.861941
vt 0.537822 0.841031
vt 0.500112 0.865521
vt 0.512265 0.865899
vt 0.526233 0.872910
vt 0.514475 0.891695
vt 0.500112 0.889431
vt 0.529901 0.898977
vt 0.549708 0.896886
vt 0.500112 0.921729
vt 0.526722 0.917191
vt 0.500112 0.833387
vt 0.500112 0.812275
vt 0.516574 0.798630
vt 0.500112 0.772515
vt 0.519085 0.775551
vt 0.500112 0.787020
vt 0.521015 0.701985
vt 0.500112 0.704870
vt 0.542204 0.817615
vt 0.541656 0.831430
vt 0.529834 0.800798
vt 0.528398 0.777054
vt 0.536258 0.767613
vt 0.548588 0.792723
vt 0.523179 0.738779
vt 0.532453 0.737285
vt 0.531145 0.720780
vt 0.535725 0.724029
vt 0.521015 0.701985
vt 0.525138 0.704132
vt 0.515137 0.685733
vt 0.521015 0.701985
vt 0.510391 0.686454
vt 0.530300 0.707059
vt 0.566574 0.817732
vt 0.552641 0.924842
vt 0.521892 0.931908
vt 0.578892 0.919065
vt 0.575365 0.997962
vt 0.530455 0.955612
vt 0.572951 0.842526
vt 0.556441 0.841031
vt 0.550320 0.866089
vt 0.558532 0.891713
vt 0.590681 0.916471
vt 0.598256 0.961763
vt 0.483644 0.737367
vt 0.478363 0.718000
vt 0.500112 0.728535
vt 0.500112 0.745080
vt 0.483670 0.834439
vt 0.471983 0.830839
vt 0.475117 0.815365
vt 0.486650 0.820231
vt 0.488362 0.853389
vt 0.473910 0.841031
vt 0.484103 0.841031
vt 0.500112 0.841031
vt 0.500112 0.852036
vt 0.463143 0.861941
vt 0.462403 0.841031
vt 0.500112 0.865521
vt 0.487959 0.865899
vt 0.473991 0.872910
vt 0.485750 0.891695
vt 0.500112 0.889431
vt 0.470324 0.898977
vt 0.450517 0.896886
vt 0.500112 0.921729
vt 0.473503 0.917191
vt 0.500112 0.812275
vt 0.500112 0.833387
vt 0.483651 0.798630
vt 0.500112 0.772515
vt 0.500112 0.787020
vt 0.481139 0.775551
vt 0.479210 0.701985
vt 0.500112 0.704870
vt 0.458021 0.817615
vt 0.458569 0.831430
vt 0.470391 0.800798
vt 0.471827 0.777054
vt 0.463967 0.767613
vt 0.451637 0.792723
vt 0.477045 0.738779
vt 0.467771 0.737285
vt 0.469080 0.720780
vt 0.464500 0.724029
vt 0.475087 0.704132
vt 0.479210 0.701985
vt 0.485088 0.685733
vt 0.489833 0.686454
vt 0.479210 0.701985
vt 0.469925 0.707059
vt 0.433651 0.817732
vt 0.447584 0.924842
vt 0.478333 0.931908
vt 0.421333 0.919065
vt 0.469769 0.955612
vt 0.424860 0.997962
vt 0.427273 0.842526
vt 0.449905 0.866089
vt 0.443783 0.841031
vt 0.441692 0.891713
vt 0.409544 0.916471
vt 0.401969 0.961763
vt 0.677270 0.816744
vt 0.653569 0.816744
vt 0.653569 0.797550
vt 0.675511 0.797550
vt 0.709599 0.816744
vt 0.706852 0.797550
vt 0.741136 0.816744
vt 0.742805 0.797550
vt 0.773971 0.797550
vt 0.773971 0.816744
vt 0.675864 0.825223
vt 0.644887 0.825223
vt 0.644887 0.790352
vt 0.676233 0.790352
vt 0.709143 0.825223
vt 0.710123 0.790352
vt 0.739015 0.825223
vt 0.744348 0.790352
vt 0.773971 0.790352
vt 0.773971 0.825223
vt 0.690693 0.777715
vt 0.706888 0.778120
vt 0.688177 0.785739
vt 0.676400 0.777316
vt 0.694042 0.767039
vt 0.693494 0.754577
vt 0.711780 0.755630
vt 0.693644 0.763821
vt 0.674877 0.754001
vt 0.693401 0.748829
vt 0.743701 0.774717
vt 0.743283 0.768744
vt 0.762134 0.774098
vt 0.744689 0.783672
vt 0.725216 0.775339
vt 0.743923 0.754331
vt 0.762217 0.754924
vt 0.744213 0.763401
vt 0.725294 0.753878
vt 0.743733 0.748414
vt 0.677270 0.816744
vt 0.675511 0.797550
vt 0.653569 0.797550
vt 0.653569 0.816744
vt 0.709599 0.816744
vt 0.706852 0.797550
vt 0.741136 0.816744
vt 0.742805 0.797550
vt 0.773971 0.816744
vt 0.773971 0.797550
vt 0.644887 0.825223
vt 0.675864 0.825223
vt 0.644887 0.790352
vt 0.676233 0.790352
vt 0.709143 0.825223
vt 0.710123 0.790352
vt 0.739015 0.825223
vt 0.744348 0.790352
vt 0.773971 0.790352
vt 0.773971 0.825223
vt 0.688177 0.785739
vt 0.706888 0.778120
vt 0.692135 0.777731
vt 0.694042 0.767039
vt 0.676400 0.777316
vt 0.711780 0.755630
vt 0.693401 0.748829
vt 0.693496 0.754726
vt 0.674877 0.754001
vt 0.693644 0.763821
vt 0.743728 0.774716
vt 0.725216 0.775339
vt 0.744689 0.783672
vt 0.743283 0.768744
vt 0.762134 0.774098
vt 0.744213 0.763401
vt 0.762217 0.754924
vt 0.743740 0.754401
vt 0.743733 0.748414
vt 0.725294 0.753878
vt 0.042924 0.074783
vt 0.046385 0.074783
vt 0.046385 0.104080
vt 0.042810 0.104080
vt 0.035885 0.104080
vt 0.042975 0.124729
vt 0.035885 0.124729
vt 0.035885 0.074783
vt 0.022078 0.074783
vt 0.022078 0.104080
vt 0.022078 0.124729
vt 0.013170 0.104080
vt 0.013170 0.124729
vt 0.013170 0.074783
vt 0.010203 0.104080
vt 0.010203 0.074783
vt 0.042714 0.050242
vt 0.046385 0.050242
vt 0.042983 0.028444
vt 0.046385 0.028444
vt 0.035885 0.050242
vt 0.035885 0.028444
vt 0.022078 0.028444
vt 0.022078 0.050242
vt 0.013170 0.028444
vt 0.013170 0.050242
vt 0.229838 0.558361
vt 0.208567 0.550271
vt 0.227711 0.552669
vt 0.010203 0.050242
vt 0.010203 0.028444
vt 0.046385 0.124729
vt 0.228657 0.577734
vt 0.177017 0.565301
vt 0.187673 0.582363
vt 0.178734 0.584954
vt 0.168877 0.575916
vt 0.217126 0.593891
vt 0.193984 0.597755
vt 0.182174 0.599147
vt 0.036100 0.136551
vt 0.022612 0.136342
vt 0.042820 0.143227
vt 0.199741 0.606299
vt 0.010203 0.124729
vt 0.012954 0.142912
vt 0.183024 0.617963
vt 0.013213 0.007100
vt 0.022347 0.013599
vt 0.042949 0.007222
vt 0.035668 0.013766
vt 0.152412 0.564987
vt 0.156412 0.556711
vt 0.183903 0.545241
vt 0.142220 0.572269
vt 0.137120 0.566228
vt 0.144148 0.532552
vt 0.130830 0.586771
vt 0.117583 0.585501
vt 0.117025 0.563353
vt 0.143746 0.588638
vt 0.144258 0.612642
vt 0.127914 0.612070
vt 0.117761 0.612144
vt 0.112828 0.531819
vt 0.015757 0.379191
vt 0.015757 0.408489
vt 0.012855 0.408489
vt 0.012855 0.379191
vt 0.022854 0.408489
vt 0.022854 0.429137
vt 0.015757 0.429137
vt 0.022854 0.379191
vt 0.036661 0.379191
vt 0.036661 0.408489
vt 0.036661 0.429137
vt 0.045654 0.408489
vt 0.045615 0.429137
vt 0.045570 0.379191
vt 0.048827 0.379191
vt 0.048827 0.408489
vt 0.015757 0.354650
vt 0.012855 0.354650
vt 0.012855 0.332852
vt 0.015757 0.332852
vt 0.022854 0.354650
vt 0.022854 0.332852
vt 0.036661 0.332852
vt 0.036661 0.354650
vt 0.045679 0.332852
vt 0.045846 0.354650
vt 0.242097 0.558361
vt 0.244224 0.552669
vt 0.263368 0.550271
vt 0.048827 0.354650
vt 0.048827 0.332852
vt 0.012855 0.429137
vt 0.243278 0.577734
vt 0.294918 0.565301
vt 0.284262 0.582363
vt 0.303058 0.575916
vt 0.293201 0.584954
vt 0.254809 0.593891
vt 0.277951 0.597755
vt 0.289761 0.599147
vt 0.023010 0.440959
vt 0.036372 0.440750
vt 0.015825 0.447635
vt 0.272194 0.606299
vt 0.048827 0.429137
vt 0.045860 0.447320
vt 0.288911 0.617963
vt 0.036346 0.318007
vt 0.045461 0.311508
vt 0.015872 0.311630
vt 0.023032 0.318174
vt 0.319523 0.564987
vt 0.315522 0.556711
vt 0.288032 0.545241
vt 0.329715 0.572269
vt 0.334815 0.566228
vt 0.327786 0.532552
vt 0.341105 0.586771
vt 0.354910 0.563353
vt 0.354352 0.585501
vt 0.328189 0.588638
vt 0.344020 0.612070
vt 0.327677 0.612642
vt 0.354174 0.612144
vt 0.359107 0.531819
vt 0.540416 0.514558
vt 0.532386 0.529335
vt 0.516662 0.514182
vt 0.523975 0.498329
vt 0.558077 0.505015
vt 0.510726 0.489693
vt 0.508882 0.473040
vt 0.500140 0.490538
vt 0.500140 0.472279
vt 0.500140 0.531767
vt 0.500140 0.549519
vt 0.523341 0.472058
vt 0.549265 0.472256
vt 0.525685 0.452859
vt 0.520410 0.458640
vt 0.506616 0.454610
vt 0.500140 0.446106
vt 0.500140 0.452545
vt 0.459864 0.514558
vt 0.476305 0.498329
vt 0.483617 0.514182
vt 0.467893 0.529335
vt 0.442203 0.505015
vt 0.489553 0.489693
vt 0.491398 0.473040
vt 0.500140 0.472279
vt 0.500140 0.490538
vt 0.500140 0.531767
vt 0.500140 0.549519
vt 0.451015 0.472256
vt 0.476939 0.472058
vt 0.474594 0.452859
vt 0.479870 0.458640
vt 0.493664 0.454610
vt 0.500140 0.446106
vt 0.500140 0.452545
vt 0.403224 0.053896
vt 0.410431 0.046688
vt 0.415571 0.049656
vt 0.406191 0.059036
vt 0.393378 0.056534
vt 0.393378 0.062469
vt 0.383532 0.053896
vt 0.380565 0.059036
vt 0.376325 0.046688
vt 0.371185 0.049656
vt 0.373687 0.036843
vt 0.367752 0.036843
vt 0.376325 0.026997
vt 0.371185 0.024030
vt 0.383532 0.019790
vt 0.380565 0.014650
vt 0.393378 0.017152
vt 0.393378 0.011217
vt 0.403224 0.019790
vt 0.406191 0.014650
vt 0.410431 0.026997
vt 0.415571 0.024030
vt 0.413069 0.036843
vt 0.419004 0.036843
vt 0.420990 0.052785
vt 0.409320 0.064455
vt 0.393378 0.068727
vt 0.377436 0.064455
vt 0.365766 0.052785
vt 0.361494 0.036843
vt 0.365766 0.020901
vt 0.377436 0.009231
vt 0.393378 0.004959
vt 0.409320 0.009231
vt 0.420990 0.020901
vt 0.425262 0.036843
vt 0.670045 0.590551
vt 0.670298 0.573344
vt 0.676789 0.571566
vt 0.677009 0.591740
vt 0.665996 0.555318
vt 0.662029 0.558671
vt 0.650770 0.606535
vt 0.650770 0.580181
vt 0.650770 0.533748
vt 0.650770 0.559720
vt 0.631496 0.590551
vt 0.624532 0.591740
vt 0.624752 0.571566
vt 0.631242 0.573344
vt 0.635544 0.555318
vt 0.639512 0.558671
vt 0.263081 -0.000221
vt 0.243164 0.032595
vt 0.218368 -0.000221
vt 0.214325 0.032593
vt 0.178592 0.032591
vt 0.178592 -0.000221
vt 0.192236 -0.000221
vt 0.263081 0.441668
vt 0.218372 0.441668
vt 0.242202 0.404965
vt 0.214331 0.404954
vt 0.192238 0.441668
vt 0.178592 0.441668
vt 0.178592 0.404806
vt 0.242641 0.061820
vt 0.243164 0.032595
vt 0.263081 -0.000221
vt 0.263081 0.061827
vt 0.215919 0.061821
vt 0.214325 0.032593
vt 0.194235 0.061824
vt 0.178592 0.061828
vt 0.178592 0.032591
vt 0.242640 0.370500
vt 0.263081 0.370515
vt 0.263081 0.441668
vt 0.242202 0.404965
vt 0.215923 0.370503
vt 0.214331 0.404954
vt 0.194235 0.370508
vt 0.178592 0.370518
vt 0.178592 0.404806
vt 0.217684 0.103763
vt 0.215919 0.061821
vt 0.242641 0.061820
vt 0.241020 0.103727
vt 0.203938 0.103781
vt 0.194235 0.061824
vt 0.263081 0.061827
vt 0.263081 0.103679
vt 0.178592 0.103694
vt 0.178592 0.061828
vt 0.217689 0.323896
vt 0.241020 0.323901
vt 0.242640 0.370500
vt 0.215923 0.370503
vt 0.203937 0.323894
vt 0.194235 0.370508
vt 0.263081 0.323907
vt 0.263081 0.370515
vt 0.178592 0.323906
vt 0.178592 0.370518
vt 0.244305 0.156424
vt 0.241020 0.103727
vt 0.263081 0.103679
vt 0.263081 0.156425
vt 0.220957 0.156424
vt 0.217684 0.103763
vt 0.203819 0.156424
vt 0.203938 0.103781
vt 0.178592 0.156427
vt 0.178592 0.103694
vt 0.244308 0.268980
vt 0.263081 0.268995
vt 0.263081 0.323907
vt 0.241020 0.323901
vt 0.220961 0.268983
vt 0.217689 0.323896
vt 0.203822 0.268984
vt 0.203937 0.323894
vt 0.178592 0.269024
vt 0.178592 0.323906
vt 0.274624 0.023893
vt 0.274624 0.004221
vt 0.290960 0.004221
vt 0.290044 0.023892
vt 0.309153 0.004221
vt 0.307425 0.023893
vt 0.325936 0.004221
vt 0.324161 0.023892
vt 0.334137 0.004221
vt 0.332579 0.023892
vt 0.341054 0.004221
vt 0.341054 0.023892
vt 0.327904 0.046042
vt 0.341054 0.046037
vt 0.318834 0.046047
vt 0.302241 0.046038
vt 0.287297 0.046050
vt 0.274624 0.046043
vt 0.290045 0.420619
vt 0.290961 0.440245
vt 0.274625 0.440246
vt 0.274625 0.420529
vt 0.307426 0.420560
vt 0.309154 0.440245
vt 0.324162 0.420602
vt 0.325937 0.440245
vt 0.332580 0.420577
vt 0.334138 0.440245
vt 0.341055 0.420619
vt 0.341055 0.440246
vt 0.287298 0.398467
vt 0.274625 0.398417
vt 0.302242 0.398389
vt 0.318835 0.398444
vt 0.327905 0.398413
vt 0.341055 0.398379
vt 0.289340 0.361903
vt 0.287298 0.398467
vt 0.274625 0.398417
vt 0.274625 0.361914
vt 0.302899 0.361919
vt 0.302242 0.398389
vt 0.316383 0.361907
vt 0.318835 0.398444
vt 0.327586 0.361908
vt 0.327905 0.398413
vt 0.341055 0.361934
vt 0.341055 0.398379
vt 0.289339 0.082546
vt 0.274624 0.082548
vt 0.274624 0.046043
vt 0.287297 0.046050
vt 0.302898 0.082549
vt 0.302241 0.046038
vt 0.316382 0.082547
vt 0.318834 0.046047
vt 0.327585 0.082547
vt 0.327904 0.046042
vt 0.341054 0.046037
vt 0.341054 0.082551
vt 0.327585 0.082547
vt 0.341054 0.082551
vt 0.341054 0.111339
vt 0.327267 0.111344
vt 0.313931 0.111349
vt 0.316382 0.082547
vt 0.303556 0.111349
vt 0.302898 0.082549
vt 0.291381 0.111350
vt 0.289339 0.082546
vt 0.274624 0.111356
vt 0.274624 0.082548
vt 0.291381 0.333118
vt 0.289340 0.361903
vt 0.274625 0.361914
vt 0.274625 0.333116
vt 0.303556 0.333119
vt 0.302899 0.361919
vt 0.313931 0.333118
vt 0.316383 0.361907
vt 0.327267 0.333120
vt 0.327586 0.361908
vt 0.341055 0.361934
vt 0.341055 0.333122
vt 0.291381 0.333118
vt 0.274625 0.333116
vt 0.274625 0.305989
vt 0.294106 0.305985
vt 0.303556 0.333119
vt 0.309287 0.305984
vt 0.313931 0.333118
vt 0.319528 0.305983
vt 0.327267 0.333120
vt 0.330870 0.305984
vt 0.341055 0.333122
vt 0.341055 0.305985
vt 0.291381 0.111350
vt 0.294105 0.138480
vt 0.274624 0.138483
vt 0.274624 0.111356
vt 0.303556 0.111349
vt 0.309286 0.138480
vt 0.313931 0.111349
vt 0.319527 0.138479
vt 0.327267 0.111344
vt 0.330870 0.138479
vt 0.341054 0.111339
vt 0.341054 0.138480
vt 0.274625 0.192697
vt 0.274624 0.161509
vt 0.291731 0.161509
vt 0.290378 0.192715
vt 0.308932 0.161509
vt 0.303901 0.192686
vt 0.320099 0.161509
vt 0.320255 0.192675
vt 0.332923 0.161509
vt 0.333824 0.192680
vt 0.341055 0.161509
vt 0.341055 0.192664
vt 0.274625 0.251774
vt 0.290378 0.251767
vt 0.291732 0.282958
vt 0.274625 0.282956
vt 0.303901 0.251778
vt 0.308933 0.282959
vt 0.320256 0.251783
vt 0.320100 0.282959
vt 0.333824 0.251781
vt 0.332923 0.282958
vt 0.341055 0.251787
vt 0.341055 0.282958
vt 0.274624 0.161509
vt 0.274624 0.138483
vt 0.294105 0.138480
vt 0.291731 0.161509
vt 0.308932 0.161509
vt 0.309286 0.138480
vt 0.320099 0.161509
vt 0.319527 0.138479
vt 0.332923 0.161509
vt 0.330870 0.138479
vt 0.341055 0.161509
vt 0.341054 0.138480
vt 0.274625 0.282956
vt 0.291732 0.282958
vt 0.294106 0.305985
vt 0.274625 0.305989
vt 0.308933 0.282959
vt 0.309287 0.305984
vt 0.320100 0.282959
vt 0.319528 0.305983
vt 0.332923 0.282958
vt 0.330870 0.305984
vt 0.341055 0.282958
vt 0.341055 0.305985
vt 0.533875 0.648105
vt 0.520738 0.634579
vt 0.527171 0.617320
vt 0.546172 0.616704
vt 0.531467 0.584582
vt 0.518481 0.598611
vt 0.561330 0.613608
vt 0.545865 0.588339
vt 0.523568 0.571344
vt 0.550845 0.586059
vt 0.571388 0.606682
vt 0.576861 0.598832
vt 0.551888 0.578050
vt 0.554983 0.584282
vt 0.574849 0.584567
vt 0.527866 0.562864
vt 0.544957 0.571931
vt 0.558075 0.572919
vt 0.579103 0.651252
vt 0.547246 0.668388
vt 0.577651 0.618714
vt 0.604653 0.621401
vt 0.592387 0.600428
vt 0.605018 0.590973
vt 0.588353 0.577671
vt 0.499860 0.659361
vt 0.499860 0.680501
vt 0.499860 0.642128
vt 0.499860 0.617293
vt 0.499860 0.594379
vt 0.499860 0.577946
vt 0.499860 0.568229
vt 0.499860 0.558117
vt 0.465845 0.648105
vt 0.453548 0.616704
vt 0.472549 0.617320
vt 0.478982 0.634579
vt 0.468253 0.584582
vt 0.481239 0.598611
vt 0.438390 0.613609
vt 0.453855 0.588339
vt 0.476152 0.571344
vt 0.448875 0.586059
vt 0.428332 0.606682
vt 0.422860 0.598832
vt 0.447832 0.578050
vt 0.444737 0.584283
vt 0.424871 0.584567
vt 0.454763 0.571931
vt 0.471854 0.562864
vt 0.441646 0.572919
vt 0.420617 0.651252
vt 0.452475 0.668388
vt 0.422069 0.618715
vt 0.395067 0.621401
vt 0.407333 0.600428
vt 0.394702 0.590973
vt 0.411367 0.577671
vt 0.499860 0.680501
vt 0.499860 0.558117
vt 0.578488 0.440767
vt 0.540192 0.452651
vt 0.531629 0.440983
vt 0.576953 0.430988
vt 0.605114 0.435357
vt 0.603496 0.420940
vt 0.578793 0.453663
vt 0.595321 0.452745
vt 0.519740 0.431977
vt 0.519908 0.408884
vt 0.544764 0.410472
vt 0.582860 0.412865
vt 0.614945 0.413960
vt 0.609174 0.426640
vt 0.522138 0.394538
vt 0.541701 0.398186
vt 0.585803 0.401707
vt 0.614363 0.401284
vt 0.520655 0.380833
vt 0.547876 0.384960
vt 0.519425 0.366559
vt 0.554112 0.366559
vt 0.577537 0.385580
vt 0.581456 0.366559
vt 0.613800 0.386951
vt 0.609207 0.366559
vt 0.500140 0.381339
vt 0.500140 0.395590
vt 0.500140 0.408070
vt 0.500140 0.366559
vt 0.500140 0.426938
vt 0.598486 0.479104
vt 0.564429 0.462087
vt 0.584316 0.492522
vt 0.651983 0.446566
vt 0.651983 0.466051
vt 0.651983 0.427576
vt 0.651983 0.413686
vt 0.651983 0.401283
vt 0.651983 0.380294
vt 0.651983 0.366559
vt 0.651983 0.483401
vt 0.651983 0.508250
vt 0.421790 0.440766
vt 0.423328 0.430988
vt 0.468651 0.440983
vt 0.460088 0.452651
vt 0.395166 0.435357
vt 0.396784 0.420940
vt 0.421488 0.453663
vt 0.404958 0.452745
vt 0.455516 0.410472
vt 0.480372 0.408884
vt 0.480540 0.431977
vt 0.417420 0.412865
vt 0.385334 0.413959
vt 0.391106 0.426641
vt 0.458579 0.398186
vt 0.478142 0.394538
vt 0.414476 0.401708
vt 0.385917 0.401284
vt 0.452404 0.384960
vt 0.479625 0.380833
vt 0.446168 0.366559
vt 0.480855 0.366559
vt 0.422743 0.385580
vt 0.418824 0.366559
vt 0.386479 0.386951
vt 0.391073 0.366559
vt 0.435851 0.462087
vt 0.401794 0.479104
vt 0.415964 0.492523
vt 0.348296 0.466051
vt 0.348296 0.446566
vt 0.348296 0.427576
vt 0.348296 0.413686
vt 0.348296 0.401283
vt 0.348296 0.380294
vt 0.348296 0.366559
vt 0.348296 0.483401
vt 0.348296 0.508250
vt 0.816086 0.828633
vt 0.802161 0.828633
vt 0.794296 0.873383
vt 0.809596 0.875310
vt 0.774146 0.828633
vt 0.746940 0.883846
vt 0.770968 0.869144
vt 0.790843 0.828633
vt 0.824308 0.875229
vt 0.824308 0.828633
vt 0.727692 0.885464
vt 0.756929 0.828633
vt 0.715733 0.881768
vt 0.742154 0.828633
vt 0.701266 0.939509
vt 0.717257 0.927790
vt 0.789893 0.893622
vt 0.808145 0.895441
vt 0.824308 0.895976
vt 0.764041 0.890899
vt 0.737234 0.912449
vt 0.744169 0.938205
vt 0.728404 0.941632
vt 0.728794 0.952659
vt 0.726162 0.988488
vt 0.757018 0.988488
vt 0.743273 0.947327
vt 0.699929 0.964579
vt 0.695099 0.988487
vt 0.763673 0.940843
vt 0.775772 0.988489
vt 0.789433 0.942567
vt 0.824308 0.941199
vt 0.798668 0.988489
vt 0.824308 0.988490
vt 0.690212 0.884100
vt 0.706876 0.883779
vt 0.725967 0.828633
vt 0.690213 0.828633
vt 0.690211 0.949715
vt 0.695427 0.944196
vt 0.695085 0.967357
vt 0.692687 0.988487
vt 0.690211 0.970363
vt 0.690210 0.988487
vt 0.832531 0.828633
vt 0.839021 0.875310
vt 0.854321 0.873383
vt 0.846456 0.828633
vt 0.874471 0.828633
vt 0.857774 0.828633
vt 0.877648 0.869144
vt 0.901677 0.883846
vt 0.920924 0.885464
vt 0.891688 0.828633
vt 0.932884 0.881768
vt 0.906463 0.828633
vt 0.947350 0.939509
vt 0.931360 0.927790
vt 0.858723 0.893622
vt 0.840472 0.895441
vt 0.884576 0.890899
vt 0.911382 0.912449
vt 0.904448 0.938205
vt 0.920213 0.941632
vt 0.919823 0.952659
vt 0.905344 0.947327
vt 0.891599 0.988488
vt 0.922454 0.988488
vt 0.948688 0.964579
vt 0.953517 0.988487
vt 0.884943 0.940843
vt 0.872844 0.988489
vt 0.859184 0.942567
vt 0.849949 0.988489
vt 0.958405 0.884100
vt 0.958403 0.828633
vt 0.922649 0.828633
vt 0.941741 0.883779
vt 0.958406 0.949715
vt 0.953190 0.944196
vt 0.953532 0.967357
vt 0.955929 0.988487
vt 0.958406 0.970363
vt 0.958406 0.988487
vt 0.664685 0.927930
vt 0.664693 0.908905
vt 0.678923 0.908914
vt 0.678923 0.927840
vt 0.650821 0.927908
vt 0.650816 0.908901
vt 0.664681 0.958949
vt 0.664647 0.940044
vt 0.678923 0.940005
vt 0.678923 0.958957
vt 0.636881 0.908890
vt 0.636957 0.927862
vt 0.624252 0.909267
vt 0.624252 0.932804
vt 0.664687 0.897528
vt 0.664669 0.875041
vt 0.678923 0.875041
vt 0.678923 0.897534
vt 0.651021 0.897529
vt 0.650853 0.875041
vt 0.664693 0.908905
vt 0.678923 0.908914
vt 0.650816 0.908901
vt 0.664647 0.940044
vt 0.664685 0.927930
vt 0.678923 0.927840
vt 0.678923 0.940005
vt 0.650667 0.940096
vt 0.650821 0.927908
vt 0.664670 0.984470
vt 0.664681 0.958949
vt 0.678923 0.958957
vt 0.678923 0.984470
vt 0.650840 0.984470
vt 0.650906 0.958948
vt 0.636823 0.875041
vt 0.637032 0.897432
vt 0.636881 0.908890
vt 0.636957 0.927862
vt 0.636776 0.940175
vt 0.636757 0.958961
vt 0.636882 0.984470
vt 0.624252 0.875062
vt 0.624252 0.909267
vt 0.624252 0.932804
vt 0.624252 0.958964
vt 0.624252 0.984470
vt 0.614921 0.127862
vt 0.584491 0.145972
vt 0.562144 0.116600
vt 0.576562 0.090532
vt 0.646892 0.144397
vt 0.615210 0.148902
vt 0.615177 0.076428
vt 0.648210 0.091753
vt 0.663089 0.115773
vt 0.579413 0.045198
vt 0.577493 0.059400
vt 0.594184 0.067308
vt 0.594184 0.054973
vt 0.616245 0.058799
vt 0.615011 0.046143
vt 0.594184 0.038619
vt 0.594184 0.023155
vt 0.612159 0.021991
vt 0.579900 0.023280
vt 0.594184 0.011378
vt 0.579413 0.045198
vt 0.594184 0.054973
vt 0.594184 0.067308
vt 0.577493 0.059400
vt 0.615011 0.046143
vt 0.616245 0.058799
vt 0.594184 0.038619
vt 0.594184 0.023155
vt 0.612159 0.021991
vt 0.579900 0.023280
vt 0.594184 0.011378
vt 0.615097 0.127862
vt 0.576510 0.090567
vt 0.562052 0.116599
vt 0.584456 0.145865
vt 0.646906 0.144411
vt 0.615097 0.148869
vt 0.648285 0.091717
vt 0.615097 0.076576
vt 0.663199 0.115753
vt 0.018873 0.673409
vt 0.018873 0.691963
vt 0.002884 0.691964
vt 0.002884 0.673422
vt 0.018873 0.629118
vt 0.018873 0.649231
vt 0.002884 0.649231
vt 0.002884 0.629118
vt 0.018873 0.717161
vt 0.002884 0.717161
vt 0.002884 0.745625
vt 0.018873 0.745625
vt 0.939975 0.553586
vt 0.940037 0.549271
vt 0.913772 0.549388
vt 0.913919 0.553144
vt 0.968391 0.553747
vt 0.968773 0.549528
vt 0.994208 0.553686
vt 0.994206 0.549396
vt 0.821446 0.552447
vt 0.822312 0.548750
vt 0.793496 0.549396
vt 0.793503 0.553686
vt 0.850538 0.547194
vt 0.851704 0.551366
vt 0.869626 0.550444
vt 0.869626 0.546734
vt 0.888126 0.547262
vt 0.887000 0.551199
vt 0.911706 0.462425
vt 0.912533 0.459932
vt 0.892241 0.459837
vt 0.892043 0.462506
vt 0.939068 0.460379
vt 0.938931 0.457388
vt 0.967200 0.460976
vt 0.967358 0.458573
vt 0.913529 0.488136
vt 0.892295 0.488626
vt 0.912914 0.491633
vt 0.891011 0.491363
vt 0.938691 0.486986
vt 0.938636 0.490798
vt 0.967537 0.488375
vt 0.967104 0.492201
vt 0.994175 0.488665
vt 0.994160 0.461410
vt 0.994180 0.492663
vt 0.826136 0.491537
vt 0.824822 0.487914
vt 0.793450 0.488665
vt 0.793469 0.492663
vt 0.851552 0.492308
vt 0.849399 0.488563
vt 0.869626 0.488447
vt 0.869626 0.491216
vt 0.869626 0.460731
vt 0.849905 0.462579
vt 0.911177 0.523688
vt 0.887879 0.524605
vt 0.911489 0.520458
vt 0.888650 0.521173
vt 0.937994 0.520492
vt 0.938168 0.523434
vt 0.967598 0.520247
vt 0.967505 0.523849
vt 0.994199 0.520717
vt 0.850315 0.521203
vt 0.824682 0.519839
vt 0.869626 0.520728
vt 0.869626 0.523780
vt 0.850817 0.524538
vt 0.911949 0.433680
vt 0.890792 0.433925
vt 0.912465 0.431248
vt 0.891560 0.431066
vt 0.938943 0.434269
vt 0.938077 0.431412
vt 0.966239 0.434007
vt 0.966049 0.431278
vt 0.869626 0.459165
vt 0.848034 0.459313
vt 0.869626 0.433296
vt 0.852266 0.434241
vt 0.912652 0.404396
vt 0.889534 0.403797
vt 0.936880 0.405491
vt 0.869626 0.430689
vt 0.850664 0.430069
vt 0.869626 0.404023
vt 0.851508 0.403274
vt 0.793477 0.520717
vt 0.822965 0.523825
vt 0.994204 0.524430
vt 0.793496 0.524430
vt 0.994156 0.458780
vt 0.825195 0.459072
vt 0.823983 0.461306
vt 0.793423 0.461410
vt 0.793406 0.458780
vt 0.994149 0.433902
vt 0.822416 0.404181
vt 0.823796 0.432017
vt 0.824559 0.434021
vt 0.793381 0.433902
vt 0.994148 0.431515
vt 0.793372 0.431515
vt 0.965658 0.401649
vt 0.994146 0.401438
vt 0.793361 0.404106
vt 0.869626 0.565326
vt 0.851536 0.564671
vt 0.887967 0.565020
vt 0.913409 0.566036
vt 0.939279 0.564829
vt 0.968623 0.564676
vt 0.994210 0.564008
vt 0.819398 0.563990
vt 0.793474 0.566359
vt 0.890786 0.399752
vt 0.869626 0.400808
vt 0.913566 0.399509
vt 0.937148 0.400644
vt 0.964819 0.398503
vt 0.994147 0.398395
vt 0.821023 0.401032
vt 0.793347 0.401727
vt 0.850138 0.399161
vt 0.945346 0.387468
vt 0.924575 0.378626
vt 0.966435 0.383629
vt 0.994190 0.381665
vt 0.812540 0.381712
vt 0.793343 0.374818
vt 0.888277 0.362451
vt 0.886406 0.344862
vt 0.859827 0.344862
vt 0.864314 0.365535
vt 0.913669 0.359255
vt 0.913236 0.344862
vt 0.940467 0.365952
vt 0.935490 0.344862
vt 0.968549 0.362179
vt 0.969823 0.344862
vt 0.994169 0.366725
vt 0.994149 0.344862
vt 0.805425 0.366253
vt 0.812888 0.344862
vt 0.793540 0.344862
vt 0.793442 0.354663
vt 0.831971 0.344862
vt 0.833287 0.363929
vt 0.836308 0.385108
vt 0.869626 0.383343
vt 0.888891 0.377489
vt 0.871332 0.583971
vt 0.862041 0.593783
vt 0.876503 0.594198
vt 0.855248 0.577641
vt 0.845317 0.590361
vt 0.869626 0.574431
vt 0.853039 0.568379
vt 0.894107 0.589203
vt 0.891835 0.580603
vt 0.890385 0.573303
vt 0.921991 0.571078
vt 0.914840 0.593317
vt 0.915795 0.583852
vt 0.950219 0.572971
vt 0.938797 0.589773
vt 0.944373 0.582195
vt 0.965991 0.569985
vt 0.973583 0.593020
vt 0.967554 0.578704
vt 0.994208 0.570230
vt 0.994199 0.588475
vt 0.994215 0.575693
vt 0.820419 0.569766
vt 0.826909 0.579744
vt 0.815835 0.593796
vt 0.793506 0.580905
vt 0.793522 0.595183
vt 0.793486 0.574284
vt 0.898689 0.600762
vt 0.883279 0.606947
vt 0.922963 0.600830
vt 0.936635 0.604406
vt 0.966542 0.604313
vt 0.994158 0.604288
vt 0.821728 0.604354
vt 0.793472 0.608447
vt 0.836046 0.602324
vt 0.872959 0.612723
vt 0.872308 0.615433
vt 0.889212 0.615433
vt 0.836704 0.615433
vt 0.901047 0.615433
vt 0.922608 0.615433
vt 0.937243 0.615433
vt 0.963267 0.615433
vt 0.994004 0.615433
vt 0.793841 0.615433
vt 0.815349 0.615433
vt 0.939975 0.553586
vt 0.913919 0.553144
vt 0.913772 0.549388
vt 0.940037 0.549271
vt 0.968391 0.553747
vt 0.968773 0.549528
vt 0.994208 0.553686
vt 0.994206 0.549396
vt 0.821446 0.552447
vt 0.793503 0.553686
vt 0.793496 0.549396
vt 0.822312 0.548750
vt 0.850538 0.547194
vt 0.851704 0.551366
vt 0.869626 0.550444
vt 0.869626 0.546734
vt 0.887000 0.551199
vt 0.888126 0.547262
vt 0.911706 0.462425
vt 0.892043 0.462506
vt 0.892241 0.459837
vt 0.912533 0.459932
vt 0.939068 0.460379
vt 0.938931 0.457388
vt 0.967200 0.460976
vt 0.967358 0.458573
vt 0.913529 0.488136
vt 0.892295 0.488626
vt 0.912914 0.491633
vt 0.891011 0.491363
vt 0.938691 0.486986
vt 0.938636 0.490798
vt 0.967537 0.488375
vt 0.967104 0.492201
vt 0.994175 0.488665
vt 0.994160 0.461410
vt 0.994180 0.492663
vt 0.826136 0.491537
vt 0.793469 0.492663
vt 0.793450 0.488665
vt 0.824822 0.487914
vt 0.851552 0.492308
vt 0.849399 0.488563
vt 0.869626 0.488447
vt 0.869626 0.491216
vt 0.869626 0.460731
vt 0.849905 0.462579
vt 0.911177 0.523688
vt 0.887879 0.524605
vt 0.911489 0.520458
vt 0.888650 0.521173
vt 0.937994 0.520492
vt 0.938168 0.523434
vt 0.967598 0.520247
vt 0.967505 0.523849
vt 0.994199 0.520717
vt 0.850315 0.521203
vt 0.824682 0.519839
vt 0.869626 0.520728
vt 0.869626 0.523780
vt 0.850817 0.524538
vt 0.911949 0.433680
vt 0.890792 0.433925
vt 0.891560 0.431066
vt 0.912465 0.431248
vt 0.938943 0.434269
vt 0.938077 0.431412
vt 0.966239 0.434007
vt 0.966049 0.431278
vt 0.869626 0.459165
vt 0.848034 0.459313
vt 0.869626 0.433296
vt 0.852266 0.434241
vt 0.912652 0.404396
vt 0.889534 0.403797
vt 0.936880 0.405491
vt 0.869626 0.430689
vt 0.850664 0.430069
vt 0.869626 0.404023
vt 0.851508 0.403274
vt 0.793477 0.520717
vt 0.822965 0.523825
vt 0.994204 0.524430
vt 0.793496 0.524430
vt 0.994156 0.458780
vt 0.825195 0.459072
vt 0.823983 0.461306
vt 0.793423 0.461410
vt 0.793406 0.458780
vt 0.994149 0.433902
vt 0.822416 0.404181
vt 0.823796 0.432017
vt 0.824559 0.434021
vt 0.793381 0.433902
vt 0.994148 0.431515
vt 0.793372 0.431515
vt 0.965658 0.401649
vt 0.994146 0.401438
vt 0.793361 0.404106
vt 0.869626 0.565326
vt 0.851536 0.564671
vt 0.887967 0.565020
vt 0.913409 0.566036
vt 0.939279 0.564829
vt 0.968623 0.564676
vt 0.994210 0.564008
vt 0.819398 0.563990
vt 0.793474 0.566359
vt 0.869626 0.400808
vt 0.890786 0.399752
vt 0.913566 0.399509
vt 0.937148 0.400644
vt 0.964819 0.398503
vt 0.994147 0.398395
vt 0.793347 0.401727
vt 0.821023 0.401032
vt 0.850138 0.399161
vt 0.924575 0.378626
vt 0.945346 0.387468
vt 0.966435 0.383629
vt 0.994190 0.381665
vt 0.793343 0.374818
vt 0.812540 0.381712
vt 0.888277 0.362451
vt 0.864314 0.365535
vt 0.859827 0.344862
vt 0.886406 0.344862
vt 0.913669 0.359255
vt 0.913236 0.344862
vt 0.940467 0.365952
vt 0.935490 0.344862
vt 0.968549 0.362179
vt 0.969823 0.344862
vt 0.994169 0.366725
vt 0.994149 0.344862
vt 0.805425 0.366253
vt 0.793442 0.354663
vt 0.793540 0.344862
vt 0.812888 0.344862
vt 0.831971 0.344862
vt 0.833287 0.363929
vt 0.836308 0.385108
vt 0.869626 0.383343
vt 0.888891 0.377489
vt 0.871332 0.583971
vt 0.876503 0.594198
vt 0.862041 0.593783
vt 0.845317 0.590361
vt 0.855248 0.577641
vt 0.853039 0.568379
vt 0.869626 0.574431
vt 0.894107 0.589203
vt 0.891835 0.580603
vt 0.890385 0.573303
vt 0.921991 0.571078
vt 0.914840 0.593317
vt 0.915795 0.583852
vt 0.950219 0.572971
vt 0.938797 0.589773
vt 0.944373 0.582195
vt 0.965991 0.569985
vt 0.973583 0.593020
vt 0.967554 0.578704
vt 0.994208 0.570230
vt 0.994199 0.588475
vt 0.994215 0.575693
vt 0.820419 0.569766
vt 0.826909 0.579744
vt 0.815835 0.593796
vt 0.793522 0.595183
vt 0.793506 0.580905
vt 0.793486 0.574284
vt 0.898689 0.600762
vt 0.883279 0.606947
vt 0.922963 0.600830
vt 0.936635 0.604406
vt 0.966542 0.604313
vt 0.994158 0.604288
vt 0.821728 0.604354
vt 0.793472 0.608447
vt 0.836046 0.602324
vt 0.872959 0.612723
vt 0.872308 0.615433
vt 0.889212 0.615433
vt 0.836704 0.615433
vt 0.901047 0.615433
vt 0.922608 0.615433
vt 0.937243 0.615433
vt 0.963267 0.615433
vt 0.994004 0.615433
vt 0.793841 0.615433
vt 0.815349 0.615433
vn -0.296277 -0.194020 0.935188
vn 0.664394 0.176193 0.726317
vn 0.754098 0.238994 0.611733
vn -0.085451 -0.179573 0.980026
vn -0.836043 -0.389096 -0.386829
vn -0.884141 -0.379989 -0.271852
vn -0.327672 -0.049917 0.943472
vn 0.592589 0.352096 0.724477
vn -0.234878 0.223723 0.945928
vn 0.607616 0.528235 0.593103
vn -0.853300 -0.409402 -0.322907
vn -0.822373 -0.550848 -0.142367
vn -0.180439 -0.196098 -0.963840
vn -0.081121 -0.056867 -0.995081
vn 0.741233 0.300849 -0.600053
vn 0.805511 0.163321 -0.569630
vn -0.132899 -0.460805 -0.877494
vn 0.593036 0.475191 0.650001
vn 0.871028 0.047712 -0.488910
vn -0.203781 0.234896 0.950419
vn -0.786541 -0.599237 -0.149227
vn -0.163867 -0.593937 -0.787647
vn 0.632875 0.295591 0.715609
vn 0.687175 0.382101 0.617891
vn 0.838108 0.353250 0.415679
vn 0.549906 0.606549 0.574197
vn 0.565948 0.607135 0.557755
vn 0.290729 0.925107 -0.244241
vn 0.387352 0.894012 -0.225169
vn 0.691963 0.393981 0.604951
vn 0.614006 0.717270 -0.329425
vn 0.801180 0.399036 -0.445961
vn 0.115225 0.547346 -0.828936
vn 0.063490 0.329963 -0.941857
vn 0.187431 0.294927 -0.936957
vn -0.151006 -0.076748 -0.985549
vn -0.222520 -0.249717 -0.942405
vn -0.373008 -0.473653 -0.797821
vn 0.496096 -0.004653 0.868256
vn 0.155774 0.080402 -0.984515
vn 0.826988 0.303072 -0.473537
vn 0.523377 0.475205 0.707288
vn 0.912042 0.110396 -0.394959
vn -0.142021 -0.589966 -0.794840
vn -0.807633 -0.583489 -0.085262
vn -0.112119 0.292994 0.949518
vn -0.095669 0.051023 0.994105
vn -0.070226 0.045979 0.996471
vn -0.068412 0.089584 0.993627
vn -0.093070 0.047634 0.994519
vn -0.274162 0.074903 0.958762
vn -0.187129 0.100764 0.977154
vn -0.179722 0.102010 0.978414
vn -0.269248 0.077107 0.959979
vn -0.396444 0.042061 0.917095
vn -0.425538 0.037832 0.904150
vn -0.425538 0.037832 0.904150
vn -0.399094 0.041680 0.915962
vn -0.046761 0.463509 0.884857
vn -0.341828 0.052061 0.938319
vn -0.344709 0.051401 0.937301
vn 0.105208 0.051023 0.993140
vn 0.102614 0.047634 0.993580
vn 0.077948 0.089583 0.992925
vn 0.079790 0.045979 0.995751
vn 0.283354 0.074903 0.956086
vn 0.278452 0.077107 0.957350
vn 0.189107 0.102010 0.976644
vn 0.196502 0.100764 0.975312
vn 0.405231 0.042061 0.913247
vn 0.407870 0.041680 0.912088
vn 0.434199 0.037832 0.900022
vn 0.434199 0.037832 0.900022
vn 0.055254 0.463509 0.884368
vn 0.353692 0.051400 0.933949
vn 0.350820 0.052061 0.934995
vn -0.020861 -0.343737 -0.938834
vn -0.374839 0.134318 -0.917308
vn -0.308617 0.177179 -0.934539
vn 0.022779 -0.301206 -0.953287
vn 0.583429 -0.292228 -0.757769
vn 0.534970 -0.267497 -0.801407
vn 0.801169 0.230573 -0.552236
vn 0.776726 0.210127 -0.593753
vn 0.525962 0.633474 -0.567516
vn 0.484488 0.629179 -0.607788
vn 0.267615 0.210619 -0.940224
vn 0.011761 0.670181 -0.742105
vn -0.011690 0.623638 -0.781626
vn 0.011848 -0.343735 -0.938992
vn -0.031930 -0.301205 -0.953025
vn 0.299631 0.177179 -0.937459
vn 0.366016 0.134318 -0.920865
vn -0.590676 -0.292226 -0.752134
vn -0.542638 -0.267496 -0.796235
vn -0.806434 0.230573 -0.544519
vn -0.782391 0.210128 -0.586269
vn -0.531387 0.633473 -0.562441
vn -0.490300 0.629178 -0.603109
vn -0.276629 0.210620 -0.937612
vn -0.018884 0.670179 -0.741959
vn 0.004186 0.623637 -0.781703
vn -0.972961 -0.214291 -0.086178
vn -0.985286 -0.162344 -0.053440
vn -0.856299 0.233099 -0.460888
vn -0.838836 0.175934 -0.515171
vn -0.853035 -0.066871 0.517552
vn -0.886747 -0.046841 0.459876
vn -0.593600 0.457286 0.662215
vn -0.634879 0.437998 0.636463
vn -0.515895 0.795204 0.318595
vn -0.551582 0.788013 0.273482
vn -0.919476 0.381932 0.093233
vn -0.625548 0.750646 -0.212651
vn -0.669038 0.705960 -0.232397
vn 0.972089 -0.214291 -0.095515
vn 0.833851 0.175934 -0.523201
vn 0.851834 0.233099 -0.469088
vn 0.984728 -0.162344 -0.062896
vn 0.857965 -0.066871 0.509338
vn 0.891121 -0.046841 0.451341
vn 0.599931 0.457286 0.656484
vn 0.640961 0.437999 0.630338
vn 0.518930 0.795204 0.313628
vn 0.554182 0.788014 0.268174
vn 0.920329 0.381931 0.084402
vn 0.623478 0.750646 -0.218646
vn 0.666776 0.705960 -0.238809
vn -0.498999 -0.008853 0.866557
vn -0.551322 -0.007022 0.834263
vn -0.551649 -0.007081 0.834046
vn -0.503523 -0.008410 0.863941
vn -0.392408 -0.048997 0.918485
vn -0.418968 -0.023415 0.907699
vn -0.426566 -0.021454 0.904202
vn -0.391222 -0.046997 0.919096
vn -0.196857 0.048671 0.979223
vn -0.104772 0.022136 0.994250
vn -0.104772 0.022136 0.994250
vn -0.187326 0.045921 0.981224
vn -0.566880 0.001787 0.823798
vn -0.565298 -0.005587 0.824868
vn -0.573205 0.032965 0.818749
vn -0.334244 0.018210 0.942311
vn -0.327734 0.025875 0.944416
vn 0.306527 0.000670 0.951862
vn 0.302999 0.000733 0.952991
vn 0.234891 0.071250 0.969407
vn 0.242912 0.029502 0.969600
vn 0.390682 0.043140 0.919514
vn 0.391870 0.043367 0.918998
vn 0.397096 0.022365 0.917504
vn 0.397821 0.025135 0.917119
vn 0.355431 0.035338 0.934034
vn 0.354993 0.035288 0.934203
vn 0.347843 0.034461 0.936919
vn 0.347843 0.034461 0.936919
vn 0.144079 0.437224 0.887737
vn 0.369661 0.038093 0.928386
vn 0.370082 0.038218 0.928213
vn 0.990160 0.008563 0.139681
vn 0.990100 0.009418 0.140045
vn 0.992801 -0.022211 0.117694
vn 0.993491 0.024369 0.111275
vn 0.985734 0.028454 0.165887
vn 0.985632 0.028518 0.166481
vn 0.986635 0.038015 0.158449
vn 0.986595 0.039474 0.158343
vn 0.982395 0.026220 0.184964
vn 0.982363 0.026356 0.185119
vn 0.983887 0.025625 0.176943
vn 0.983911 0.025761 0.176793
vn 0.984808 0.036685 0.169729
vn 0.984808 0.036685 0.169729
vn 0.983422 0.032881 0.178323
vn 0.983337 0.032655 0.178833
vn 0.964757 0.251865 0.076215
vn 0.095669 0.051023 -0.994105
vn 0.070226 0.045979 -0.996471
vn 0.068411 0.089584 -0.993627
vn 0.093070 0.047634 -0.994520
vn 0.274162 0.074903 -0.958762
vn 0.187129 0.100764 -0.977154
vn 0.179722 0.102010 -0.978414
vn 0.269249 0.077107 -0.959979
vn 0.396444 0.042061 -0.917095
vn 0.425538 0.037832 -0.904150
vn 0.425538 0.037832 -0.904150
vn 0.399094 0.041680 -0.915962
vn 0.046760 0.463516 -0.884854
vn 0.341828 0.052061 -0.938320
vn 0.344709 0.051401 -0.937301
vn -0.297375 0.000670 0.954761
vn -0.233592 0.029502 0.971887
vn -0.225574 0.071250 0.971617
vn -0.293837 0.000733 0.955855
vn -0.381837 0.043140 0.923223
vn -0.388998 0.025134 0.920896
vn -0.388270 0.022365 0.921274
vn -0.383029 0.043367 0.922718
vn -0.346448 0.035338 0.937403
vn -0.338832 0.034461 0.940216
vn -0.338832 0.034461 0.940216
vn -0.346008 0.035288 0.937568
vn -0.135551 0.437223 0.889079
vn -0.361154 0.038218 0.931723
vn -0.360731 0.038093 0.931892
vn 0.507295 -0.008853 0.861727
vn 0.511793 -0.008410 0.859067
vn 0.559631 -0.007081 0.828712
vn 0.559306 -0.007022 0.828932
vn 0.401207 -0.048997 0.914676
vn 0.400027 -0.046997 0.915298
vn 0.435226 -0.021454 0.900066
vn 0.427662 -0.023415 0.903635
vn 0.206249 0.048671 0.977288
vn 0.196737 0.045921 0.979380
vn 0.114312 0.022136 0.993198
vn 0.114312 0.022136 0.993198
vn 0.574763 0.001787 0.818318
vn 0.581037 0.032963 0.813210
vn 0.573192 -0.005587 0.819402
vn 0.336785 0.025875 0.941226
vn 0.343275 0.018210 0.939058
vn -0.988773 0.008563 0.149180
vn -0.992377 0.024370 0.120807
vn -0.991626 -0.022209 0.127220
vn -0.988710 0.009419 0.149543
vn -0.984096 0.028454 0.175343
vn -0.985029 0.039473 0.167807
vn -0.985069 0.038014 0.167914
vn -0.983989 0.028518 0.175935
vn -0.980574 0.026220 0.194387
vn -0.982168 0.025761 0.186230
vn -0.982144 0.025625 0.186380
vn -0.980540 0.026356 0.194542
vn -0.983133 0.036685 0.179175
vn -0.981575 0.032655 0.188265
vn -0.981665 0.032881 0.187756
vn -0.983133 0.036685 0.179175
vn -0.963980 0.251868 0.085473
vn -0.105208 0.051023 -0.993140
vn -0.102614 0.047635 -0.993580
vn -0.077948 0.089584 -0.992924
vn -0.079789 0.045979 -0.995751
vn -0.283354 0.074903 -0.956086
vn -0.278452 0.077107 -0.957350
vn -0.189107 0.102010 -0.976643
vn -0.196502 0.100764 -0.975312
vn -0.405230 0.042061 -0.913247
vn -0.407869 0.041680 -0.912089
vn -0.434199 0.037832 -0.900022
vn -0.434198 0.037832 -0.900022
vn -0.055254 0.463516 -0.884364
vn -0.353691 0.051401 -0.933949
vn -0.350820 0.052062 -0.934995
vn -0.884031 -0.331670 -0.329368
vn -0.656846 -0.487268 -0.575433
vn -0.883918 -0.465668 -0.042913
vn -0.951742 -0.304024 0.041916
vn -0.557718 -0.591415 -0.582391
vn -0.740568 -0.583144 -0.333920
vn -0.723914 -0.536961 -0.433154
vn -0.238905 -0.940607 0.241211
vn -0.500939 -0.702321 0.505773
vn -0.614020 -0.488519 0.619943
vn -0.658217 -0.353699 0.664566
vn -0.271041 -0.563141 -0.780646
vn -0.496922 -0.463203 -0.733833
vn 0.133130 -0.409726 -0.902442
vn 0.117460 -0.393375 -0.911844
vn -0.237811 -0.506015 -0.829093
vn 0.642420 -0.408158 -0.648617
vn 0.376959 -0.844422 -0.380597
vn 0.337841 -0.331670 0.880828
vn -0.032779 -0.304024 0.952100
vn 0.051396 -0.465668 0.883466
vn 0.581712 -0.487268 0.651291
vn 0.587719 -0.591415 0.552100
vn 0.341014 -0.583144 0.737328
vn 0.440084 -0.536960 0.719722
vn 0.738570 -0.463203 0.489855
vn 0.783212 -0.563141 0.263535
vn 0.901122 -0.409725 -0.141788
vn 0.910675 -0.393374 -0.126208
vn 0.831338 -0.506015 0.229839
vn 0.880828 -0.331671 -0.337841
vn 0.952100 -0.304024 0.032778
vn 0.883466 -0.465668 -0.051396
vn 0.651291 -0.487269 -0.581712
vn 0.552101 -0.591416 -0.587718
vn 0.737328 -0.583143 -0.341015
vn 0.719722 -0.536960 -0.440084
vn 0.505772 -0.702321 0.500939
vn 0.241210 -0.940607 0.238907
vn 0.619943 -0.488518 0.614020
vn 0.664566 -0.353698 0.658217
vn 0.489854 -0.463203 -0.738570
vn 0.263534 -0.563141 -0.783213
vn -0.141788 -0.409725 -0.901122
vn -0.126208 -0.393374 -0.910675
vn 0.229840 -0.506015 -0.831338
vn -0.648618 -0.408159 -0.642419
vn -0.380596 -0.844422 -0.376959
vn -0.329369 -0.331671 0.884031
vn -0.575433 -0.487269 0.656846
vn -0.042912 -0.465668 0.883918
vn 0.041917 -0.304024 0.951742
vn -0.582391 -0.591416 0.557717
vn -0.333919 -0.583144 0.740568
vn -0.433154 -0.536960 0.723914
vn -0.780646 -0.563141 0.271042
vn -0.733833 -0.463203 0.496922
vn -0.902442 -0.409725 -0.133129
vn -0.911844 -0.393374 -0.117459
vn -0.829093 -0.506015 0.237810
vn 0.884031 -0.331670 0.329369
vn 0.656846 -0.487269 0.575433
vn 0.883918 -0.465668 0.042912
vn 0.951742 -0.304023 -0.041917
vn 0.557718 -0.591416 0.582390
vn 0.740568 -0.583144 0.333920
vn 0.723914 -0.536960 0.433153
vn 0.238906 -0.940607 -0.241212
vn 0.500939 -0.702321 -0.505772
vn 0.614020 -0.488518 -0.619943
vn 0.658217 -0.353698 -0.664567
vn 0.271041 -0.563141 0.780647
vn 0.496922 -0.463203 0.733833
vn -0.133130 -0.409725 0.902442
vn -0.117460 -0.393374 0.911845
vn 0.237810 -0.506016 0.829093
vn -0.642420 -0.408158 0.648617
vn -0.376959 -0.844422 0.380596
vn -0.337840 -0.331671 -0.880828
vn 0.032778 -0.304024 -0.952101
vn -0.051396 -0.465669 -0.883465
vn -0.581712 -0.487269 -0.651292
vn -0.587718 -0.591415 -0.552101
vn -0.341014 -0.583144 -0.737328
vn -0.440084 -0.536961 -0.719722
vn -0.738570 -0.463203 -0.489855
vn -0.783213 -0.563141 -0.263534
vn -0.901122 -0.409725 0.141788
vn -0.910675 -0.393374 0.126209
vn -0.831338 -0.506015 -0.229838
vn -0.880828 -0.331670 0.337842
vn -0.952100 -0.304024 -0.032778
vn -0.883465 -0.465669 0.051396
vn -0.651291 -0.487268 0.581712
vn -0.552100 -0.591416 0.587718
vn -0.737328 -0.583144 0.341013
vn -0.719723 -0.536960 0.440084
vn -0.505772 -0.702320 -0.500941
vn -0.241211 -0.940607 -0.238907
vn -0.619943 -0.488519 -0.614020
vn -0.664566 -0.353698 -0.658217
vn -0.489855 -0.463203 0.738570
vn -0.263533 -0.563141 0.783213
vn 0.141788 -0.409725 0.901122
vn 0.126208 -0.393374 0.910675
vn -0.229839 -0.506015 0.831338
vn 0.648618 -0.408158 0.642419
vn 0.380595 -0.844422 0.376960
vn 0.329368 -0.331670 -0.884031
vn 0.575433 -0.487269 -0.656846
vn 0.042912 -0.465668 -0.883918
vn -0.041917 -0.304024 -0.951742
vn 0.582390 -0.591416 -0.557718
vn 0.333920 -0.583143 -0.740568
vn 0.433154 -0.536961 -0.723914
vn 0.780647 -0.563141 -0.271040
vn 0.733834 -0.463203 -0.496922
vn 0.902442 -0.409725 0.133130
vn 0.911845 -0.393373 0.117459
vn 0.829093 -0.506016 -0.237809
vn -0.990160 0.008563 -0.139680
vn -0.990101 0.009419 -0.140044
vn -0.992801 -0.022211 -0.117694
vn -0.993491 0.024369 -0.111275
vn -0.985734 0.028454 -0.165887
vn -0.985632 0.028518 -0.166480
vn -0.986635 0.038014 -0.158448
vn -0.986595 0.039474 -0.158342
vn -0.982396 0.026220 -0.184964
vn -0.982363 0.026356 -0.185119
vn -0.983888 0.025625 -0.176942
vn -0.983911 0.025762 -0.176792
vn -0.984808 0.036685 -0.169728
vn -0.984808 0.036685 -0.169728
vn -0.983423 0.032882 -0.178323
vn -0.983338 0.032656 -0.178833
vn -0.964755 0.251871 -0.076214
vn 0.498999 -0.008854 -0.866557
vn 0.551321 -0.007022 -0.834264
vn 0.551648 -0.007082 -0.834047
vn 0.503523 -0.008410 -0.863941
vn 0.392409 -0.048997 -0.918485
vn 0.418969 -0.023415 -0.907699
vn 0.426566 -0.021454 -0.904202
vn 0.391223 -0.046996 -0.919095
vn 0.196857 0.048671 -0.979223
vn 0.104772 0.022136 -0.994250
vn 0.104772 0.022136 -0.994250
vn 0.187325 0.045921 -0.981224
vn 0.566878 0.001787 -0.823800
vn 0.565296 -0.005587 -0.824869
vn 0.573201 0.032966 -0.818752
vn 0.334244 0.018210 -0.942311
vn 0.327734 0.025875 -0.944416
vn -0.306527 0.000670 -0.951862
vn -0.302999 0.000733 -0.952991
vn -0.234891 0.071250 -0.969407
vn -0.242911 0.029502 -0.969600
vn -0.390683 0.043140 -0.919514
vn -0.391870 0.043366 -0.918998
vn -0.397097 0.022365 -0.917504
vn -0.397821 0.025134 -0.917119
vn -0.355431 0.035338 -0.934034
vn -0.354993 0.035288 -0.934203
vn -0.347843 0.034461 -0.936919
vn -0.347843 0.034461 -0.936919
vn -0.144079 0.437227 -0.887735
vn -0.369661 0.038093 -0.928386
vn -0.370082 0.038218 -0.928213
vn 0.297375 0.000670 -0.954761
vn 0.233592 0.029502 -0.971887
vn 0.225574 0.071250 -0.971617
vn 0.293836 0.000733 -0.955856
vn 0.381837 0.043140 -0.923222
vn 0.388998 0.025134 -0.920896
vn 0.388270 0.022365 -0.921274
vn 0.383029 0.043366 -0.922718
vn 0.346448 0.035338 -0.937403
vn 0.338832 0.034461 -0.940216
vn 0.338832 0.034461 -0.940216
vn 0.346007 0.035288 -0.937568
vn 0.135550 0.437226 -0.889078
vn 0.361154 0.038218 -0.931723
vn 0.360731 0.038093 -0.931892
vn -0.507296 -0.008853 -0.861726
vn -0.511794 -0.008410 -0.859067
vn -0.559630 -0.007081 -0.828712
vn -0.559305 -0.007022 -0.828932
vn -0.401208 -0.048997 -0.914675
vn -0.400028 -0.046996 -0.915297
vn -0.435227 -0.021454 -0.900065
vn -0.427663 -0.023415 -0.903635
vn -0.206249 0.048671 -0.977288
vn -0.196737 0.045921 -0.979380
vn -0.114312 0.022136 -0.993198
vn -0.114312 0.022136 -0.993198
vn -0.574761 0.001787 -0.818319
vn -0.581035 0.032965 -0.813211
vn -0.573190 -0.005587 -0.819404
vn -0.336785 0.025875 -0.941226
vn -0.343275 0.018210 -0.939058
vn 0.988773 0.008563 -0.149181
vn 0.992377 0.024369 -0.120808
vn 0.991626 -0.022210 -0.127221
vn 0.988710 0.009419 -0.149544
vn 0.984096 0.028454 -0.175343
vn 0.985029 0.039474 -0.167807
vn 0.985068 0.038015 -0.167914
vn 0.983989 0.028518 -0.175936
vn 0.980574 0.026220 -0.194388
vn 0.982168 0.025762 -0.186231
vn 0.982143 0.025626 -0.186381
vn 0.980540 0.026356 -0.194543
vn 0.983133 0.036685 -0.179176
vn 0.981575 0.032655 -0.188266
vn 0.981665 0.032881 -0.187757
vn 0.983133 0.036685 -0.179176
vn 0.963980 0.251868 -0.085473
vn 0.460685 0.073015 0.884556
vn 0.464551 0.109332 0.878771
vn 0.446889 0.602267 0.661487
vn 0.446889 0.602267 0.661487
vn 0.435565 -0.043908 0.899086
vn 0.435381 0.011078 0.900178
vn 0.423130 0.214502 0.880312
vn 0.189261 -0.360136 -0.913500
vn 0.189261 -0.360135 -0.913500
vn 0.245440 -0.129866 -0.960674
vn 0.251561 -0.100027 -0.962659
vn 0.847161 0.190559 0.495990
vn 0.925015 -0.264686 0.272560
vn 0.925234 -0.256938 0.279150
vn 0.868582 0.135210 0.476743
vn 0.422779 0.638574 0.643026
vn 0.422779 0.638574 0.643026
vn 0.540908 0.579114 0.609955
vn 0.569352 0.562276 0.599737
vn 0.434606 0.601624 0.670199
vn 0.519565 0.819521 -0.241737
vn 0.524064 0.823912 -0.215699
vn 0.417173 0.416245 -0.807903
vn 0.456263 0.525063 -0.718424
vn 0.922219 -0.305612 0.236882
vn 0.922219 -0.305612 0.236882
vn 0.723192 -0.646631 -0.242614
vn 0.736598 -0.633314 -0.237352
vn 0.560476 -0.774444 -0.293434
vn 0.560476 -0.774444 -0.293434
vn 0.995802 0.020230 0.089268
vn 0.995194 0.028359 0.093724
vn 0.390895 0.675661 0.625046
vn 0.390895 0.675661 0.625046
vn 0.664493 0.584658 0.465429
vn 0.627314 0.602724 0.493155
vn 0.349865 0.650746 0.673887
vn -0.077955 0.734378 0.674249
vn 0.057801 0.723040 0.688384
vn 0.349865 0.650746 0.673887
vn -0.453477 0.654046 0.605460
vn -0.417776 0.669506 0.614186
vn -0.789980 0.377841 0.482875
vn -0.777123 0.394499 0.490357
vn -0.938688 0.090525 0.332671
vn -0.938688 0.090525 0.332671
vn -0.343378 0.650744 0.677218
vn -0.343378 0.650744 0.677218
vn -0.051190 0.723037 0.688910
vn 0.084424 0.734376 0.673472
vn 0.459269 0.654045 0.601080
vn 0.423653 0.669506 0.610148
vn 0.794579 0.377841 0.475269
vn 0.781795 0.394499 0.482875
vn 0.941838 0.090524 0.323645
vn 0.941838 0.090524 0.323645
vn 0.175096 0.937170 0.301753
vn -0.180365 0.684288 0.706554
vn -0.180365 0.684288 0.706554
vn 0.076979 0.898308 0.432571
vn 0.439369 0.831854 -0.339078
vn 0.389405 0.905794 -0.167035
vn 0.738033 -0.510453 -0.441300
vn 0.738033 -0.510453 -0.441300
vn 0.683963 -0.232543 -0.691462
vn 0.694455 -0.263945 -0.669376
vn 0.546491 0.200610 -0.813083
vn 0.546278 0.206315 -0.811797
vn 0.559909 0.402887 -0.724006
vn 0.518689 0.581911 -0.626372
vn 0.560767 0.253909 -0.788081
vn 0.563653 0.245614 -0.788650
vn -0.172191 0.937169 0.303421
vn -0.072823 0.898308 0.433289
vn 0.187140 0.684290 0.704788
vn 0.187140 0.684290 0.704788
vn -0.442603 0.831854 -0.334846
vn -0.390991 0.905794 -0.163290
vn -0.742234 -0.510452 -0.434197
vn -0.700849 -0.263945 -0.662680
vn -0.690568 -0.232543 -0.684865
vn -0.742235 -0.510452 -0.434197
vn -0.554046 0.206315 -0.806515
vn -0.554272 0.200610 -0.807799
vn -0.566833 0.402886 -0.718598
vn -0.524677 0.581910 -0.621365
vn -0.571198 0.245614 -0.783202
vn -0.568307 0.253909 -0.782661
vn 0.279835 0.551617 0.785755
vn 0.072866 0.336360 0.938910
vn -0.137582 0.283687 0.948996
vn 0.278423 0.524814 0.804395
vn -0.268471 0.243109 0.932106
vn -0.268471 0.243109 0.932106
vn 0.649925 0.156410 0.743729
vn 0.665068 0.126801 0.735939
vn 0.759322 -0.121195 0.639329
vn 0.759322 -0.121195 0.639329
vn -0.272279 0.551617 0.788406
vn -0.270688 0.524814 0.807031
vn 0.146686 0.283686 0.947631
vn -0.063848 0.336359 0.939567
vn 0.277406 0.243108 0.929486
vn 0.277406 0.243108 0.929486
vn -0.642755 0.156410 0.749935
vn -0.657972 0.126801 0.742290
vn -0.753149 -0.121195 0.646590
vn -0.753149 -0.121195 0.646589
vn 0.533044 0.579877 0.616123
vn 0.478747 0.607842 0.633506
vn -0.111310 0.486863 0.866357
vn -0.074451 0.505593 0.859554
vn 0.760856 0.414692 0.499128
vn 0.760856 0.414692 0.499128
vn -0.471742 -0.016905 0.881575
vn -0.456036 0.037779 0.889159
vn -0.529991 -0.318913 0.785751
vn -0.529991 -0.318913 0.785751
vn -0.527104 0.579877 0.621211
vn 0.082699 0.505593 0.858799
vn 0.119622 0.486862 0.865249
vn -0.472643 0.607843 0.638072
vn -0.756029 0.414692 0.506409
vn -0.756029 0.414692 0.506409
vn 0.480184 -0.016905 0.877005
vn 0.537512 -0.318913 0.780625
vn 0.537512 -0.318913 0.780625
vn 0.464551 0.037779 0.884740
vn 0.247727 0.410102 0.877752
vn 0.226861 0.425462 0.876080
vn -0.767899 0.344537 0.540024
vn -0.760018 0.352477 0.546015
vn -0.975610 -0.028363 0.217671
vn -0.975610 -0.028363 0.217671
vn 0.575936 -0.201389 0.792301
vn 0.579227 -0.252963 0.774923
vn 0.559390 -0.559803 0.611313
vn 0.559390 -0.559803 0.611313
vn -0.239289 0.410102 0.880089
vn 0.765226 0.352476 0.538693
vn 0.773048 0.344537 0.532627
vn -0.218440 0.425462 0.878218
vn 0.977655 -0.028363 0.208295
vn 0.977655 -0.028363 0.208295
vn -0.568303 -0.201389 0.797793
vn -0.571761 -0.252963 0.780448
vn -0.553495 -0.559803 0.616656
vn -0.553495 -0.559803 0.616656
vn 0.189416 -0.051031 0.980570
vn 0.097076 0.165859 0.981360
vn 0.143164 0.060369 0.987856
vn 0.189416 -0.051031 0.980570
vn -0.107861 0.335319 0.935910
vn -0.099153 0.332730 0.937795
vn -0.611067 0.237844 0.755001
vn -0.650583 0.203004 0.731800
vn -0.723388 -0.590797 -0.357308
vn -0.723388 -0.590797 -0.357308
vn -0.179994 -0.051031 0.982343
vn -0.179994 -0.051031 0.982343
vn -0.133675 0.060369 0.989185
vn -0.087651 0.165859 0.982247
vn 0.108152 0.332730 0.936800
vn 0.116841 0.335319 0.934831
vn 0.657579 0.203004 0.725520
vn 0.618288 0.237844 0.749100
vn 0.719925 -0.590797 -0.364234
vn 0.719925 -0.590797 -0.364234
vn 0.696641 -0.169231 0.697175
vn 0.830492 0.120172 0.543913
vn 0.835248 0.150216 0.528958
vn 0.710574 -0.130769 0.691364
vn 0.590622 -0.335885 0.733722
vn 0.659566 -0.245153 0.710544
vn 0.672899 -0.258153 0.693227
vn 0.293131 -0.733221 0.613564
vn 0.815176 0.208034 0.540565
vn 0.938755 0.339770 0.057409
vn 0.956431 0.271337 0.107778
vn 0.913072 0.312274 0.262269
vn 0.846678 0.146880 -0.511432
vn 0.833740 0.089479 -0.544859
vn 0.612257 -0.263311 -0.745526
vn 0.581529 -0.237025 -0.778231
vn 0.854231 0.221190 -0.470494
vn 0.761301 -0.169190 -0.625935
vn 0.465381 -0.380795 -0.799009
vn 0.524142 -0.403753 -0.749839
vn 0.290788 -0.065219 0.954562
vn -0.549269 -0.270748 0.790569
vn 0.702425 0.267672 0.659508
vn 0.952681 -0.052853 -0.299341
vn 0.967947 0.068817 -0.241542
vn 0.978947 0.078991 0.188212
vn -0.879166 0.231418 0.416549
vn -0.314914 0.593573 0.740608
vn -0.039211 0.550917 0.833639
vn 0.397821 0.916184 0.048426
vn -0.060309 -0.322910 -0.944506
vn 0.064566 0.387368 -0.919661
vn 0.920071 -0.270283 -0.283579
vn -0.872573 -0.182460 -0.453128
vn 0.473568 -0.412956 -0.777946
vn -0.807561 -0.341411 -0.480920
vn -0.915121 0.264510 -0.304284
vn 0.201545 0.884535 -0.420688
vn -0.819323 0.564634 -0.099491
vn -0.741164 0.650527 0.165805
vn -0.930699 0.350544 0.104488
vn -0.975707 0.211714 0.056333
vn -0.979725 -0.072532 -0.186758
vn -0.990303 0.137131 0.022255
vn 0.979672 -0.200554 -0.004704
vn 0.504487 -0.329266 0.798171
vn 0.524219 -0.491623 0.695343
vn 0.904780 -0.425857 -0.004344
vn 0.807179 0.061224 0.587124
vn 0.631475 -0.163148 0.758039
vn 0.790229 0.268200 0.551005
vn 0.855594 0.244378 0.456331
vn 0.739454 -0.190519 0.645686
vn 0.410921 -0.395085 0.821615
vn 0.601477 -0.348170 0.719029
vn 0.347414 -0.613993 0.708743
vn 0.697463 -0.433808 0.570399
vn 0.864596 0.502451 -0.004151
vn 0.937722 0.347357 -0.004500
vn 0.949837 0.312712 -0.004558
vn 0.734208 -0.678916 -0.003530
vn 0.381264 -0.924464 -0.001838
vn 0.517517 -0.491621 -0.700346
vn 0.496801 -0.329267 -0.802977
vn 0.801505 0.061223 -0.594846
vn 0.624168 -0.163148 -0.764066
vn 0.733218 -0.190518 -0.652759
vn 0.851174 0.244379 -0.464523
vn 0.784904 0.268201 -0.558565
vn 0.403014 -0.395085 -0.825522
vn 0.594546 -0.348169 -0.724772
vn 0.340592 -0.613991 -0.712048
vn 0.691953 -0.433806 -0.577074
vn -0.326669 -0.024220 0.944828
vn -0.326669 -0.024220 0.944828
vn -0.326669 -0.024220 0.944828
vn -0.326669 -0.024220 0.944828
vn 0.335724 -0.024220 0.941649
vn 0.335724 -0.024220 0.941649
vn 0.335724 -0.024220 0.941649
vn 0.335724 -0.024220 0.941649
vn 0.573264 0.536433 0.619361
vn 0.003614 0.658430 0.752633
vn 0.003799 0.611121 0.791528
vn 0.471469 0.595687 0.650288
vn 0.464865 0.662551 0.587305
vn 0.488105 0.733484 0.473027
vn 0.660451 0.559519 0.500742
vn 0.747834 0.556873 0.361436
vn 0.620788 0.631345 0.464785
vn 0.002761 0.817993 0.575222
vn 0.003198 0.745823 0.666137
vn 0.988442 -0.008408 0.151366
vn 0.987072 0.156282 0.035555
vn 0.001346 0.959909 0.280309
vn 0.618154 0.739291 0.267084
vn 0.938110 0.327738 0.111972
vn 0.701363 0.711964 -0.034600
vn -0.000008 0.999999 -0.001727
vn 0.957721 0.227270 -0.176407
vn 0.973429 -0.228972 -0.002896
vn -0.002440 0.861190 -0.508277
vn 0.864927 0.297587 -0.404159
vn 0.002789 0.813894 0.581007
vn 0.673454 0.556989 0.486027
vn 0.003339 0.718733 0.695278
vn 0.697297 0.525182 0.487813
vn 0.002907 0.795880 0.605447
vn 0.302283 0.670630 0.677407
vn 0.302283 0.670630 0.677407
vn 0.991018 0.072239 0.112542
vn 0.894834 0.205876 0.396091
vn 0.916375 0.281486 0.284645
vn 0.960701 0.162102 0.225338
vn 0.962523 -0.016377 0.270705
vn 0.883933 0.350845 0.309145
vn 0.974672 0.219170 0.044493
vn 0.909226 0.280247 0.307849
vn 0.999278 0.036284 -0.011303
vn 0.736506 0.270488 0.619996
vn 0.789307 -0.004168 0.613985
vn 0.558884 -0.034585 0.828524
vn 0.512706 -0.014710 0.858438
vn 0.512706 -0.014710 0.858438
vn 0.941761 -0.208436 0.263895
vn 0.984885 -0.140496 -0.101299
vn 0.968406 0.080875 -0.235899
vn -0.003834 0.601662 -0.798742
vn 0.978042 -0.202979 -0.047258
vn -0.004705 -0.197952 -0.980201
vn -0.004196 0.485485 -0.874235
vn 0.908565 -0.319659 -0.268938
vn 0.795264 -0.605965 0.019015
vn 0.632166 -0.642810 0.432622
vn 0.000970 -0.979371 0.202068
vn -0.000579 -0.992717 -0.120465
vn -0.567292 0.536435 0.624834
vn -0.465203 0.595687 0.654784
vn -0.459204 0.662550 0.591743
vn -0.744330 0.556873 0.368600
vn -0.655614 0.559519 0.507059
vn -0.483541 0.733484 0.477691
vn -0.616298 0.631345 0.470723
vn -0.986943 -0.008408 0.160849
vn -0.986686 0.156282 0.045030
vn -0.615561 0.739292 0.273006
vn -0.936992 0.327738 0.120973
vn -0.701663 0.711964 -0.027864
vn -0.959370 0.227270 -0.167204
vn -0.973412 -0.228972 0.006450
vn -0.868767 0.297587 -0.395835
vn -0.668759 0.556990 0.492467
vn -0.692582 0.525181 0.494484
vn -0.295766 0.670628 0.680280
vn -0.295766 0.670628 0.680280
vn -0.989892 0.072240 0.122049
vn -0.890991 0.205876 0.404661
vn -0.913600 0.281486 0.293429
vn -0.958493 0.162103 0.234551
vn -0.959880 -0.016377 0.279932
vn -0.880924 0.350845 0.317616
vn -0.974200 0.219170 0.053848
vn -0.906229 0.280247 0.316560
vn -0.999340 0.036283 -0.001713
vn -0.783376 -0.004168 0.621535
vn -0.730518 0.270488 0.627040
vn -0.550902 -0.034585 0.833853
vn -0.504439 -0.014710 0.863322
vn -0.504439 -0.014710 0.863322
vn -0.939185 -0.208437 0.272921
vn -0.985812 -0.140496 -0.091842
vn -0.970626 0.080875 -0.226591
vn -0.978451 -0.202979 -0.037867
vn -0.911105 -0.319659 -0.260203
vn -0.795044 -0.605965 0.026653
vn -0.627984 -0.642811 0.438669
vn 0.324899 0.776008 0.540604
vn 0.080941 0.510922 0.855808
vn 0.820699 -0.055782 0.568631
vn 0.911367 0.193027 0.363526
vn 0.395360 0.895634 0.203790
vn 0.952185 0.292857 0.087052
vn 0.313207 0.948199 -0.053097
vn 0.938027 0.306656 -0.161454
vn 0.951390 0.229545 -0.205342
vn 0.274707 0.949573 -0.151154
vn -0.509633 0.741235 0.436858
vn -0.475870 0.310943 0.822716
vn 0.715799 -0.663570 0.217501
vn 0.853924 -0.502103 -0.136769
vn -0.433975 0.867084 0.244606
vn 0.853942 -0.489476 -0.176625
vn -0.454496 0.888838 0.058306
vn 0.858329 -0.489721 -0.153117
vn 0.863693 -0.491715 -0.110681
vn -0.472624 0.881262 0.001828
vn 0.591761 0.273183 0.758413
vn 0.660651 0.348190 0.665059
vn 0.243239 0.484233 0.840448
vn 0.573009 0.155907 0.804583
vn 0.792604 0.080013 0.604465
vn 0.831460 0.049996 0.553330
vn 0.894130 0.203607 0.398842
vn 0.638869 0.454470 0.620729
vn 0.688335 0.051046 0.723595
vn 0.803990 -0.539955 0.249098
vn 0.851017 0.028054 0.524388
vn 0.729125 -0.629842 0.267723
vn 0.936761 0.150307 0.316048
vn 0.676889 0.505532 0.535031
vn 0.694675 0.049813 0.717597
vn 0.873169 -0.014606 0.487199
vn 0.952515 0.070900 0.296123
vn 0.774221 0.431869 0.462677
vn 0.751041 0.045470 0.658689
vn 0.700630 -0.627211 0.340184
vn -0.319693 0.776007 0.543700
vn -0.907834 0.193027 0.372261
vn -0.815200 -0.055780 0.576487
vn -0.072721 0.510922 0.856545
vn -0.393386 0.895634 0.207576
vn -0.951305 0.292857 0.096192
vn -0.313702 0.948199 -0.050088
vn -0.939534 0.306656 -0.152440
vn -0.276146 0.949573 -0.148508
vn -0.953318 0.229545 -0.196199
vn 0.483743 0.310947 0.818111
vn 0.513803 0.741235 0.431946
vn -0.713679 -0.663565 0.224373
vn -0.855198 -0.502103 -0.128563
vn 0.436303 0.867084 0.240426
vn -0.855599 -0.489475 -0.168416
vn 0.455036 0.888838 0.053937
vn -0.859760 -0.489721 -0.144869
vn -0.864716 -0.491715 -0.102385
vn 0.472621 0.881262 -0.002707
vn -0.220234 0.492699 0.841870
vn -0.655606 0.354524 0.666703
vn -0.584541 0.271416 0.764621
vn -0.796110 0.070518 0.601029
vn -0.561207 0.148528 0.814240
vn -0.878826 0.158987 0.449876
vn -0.842021 -0.415496 0.344041
vn -0.826221 0.051589 0.560979
vn -0.727043 0.044934 0.685120
vn -0.682210 0.381179 0.623933
vn -0.846993 0.029757 0.530771
vn -0.736361 0.032548 0.675806
vn -0.716491 0.428583 0.550416
vn -0.789960 -0.503524 0.349895
vn -0.919530 0.111133 0.376980
vn -0.787369 0.393901 0.474227
vn -0.940612 0.041255 0.336969
vn -0.867453 -0.010831 0.497402
vn -0.750330 -0.539842 0.381544
vn -0.767607 0.017739 0.640676
vn 0.200237 0.480279 0.853954
vn 0.631332 0.490958 0.600317
vn 0.707636 0.438088 0.554374
vn 0.212383 0.693047 0.688897
vn -0.461983 0.682649 0.566182
vn 0.292865 0.775398 0.559454
vn -0.380655 0.847596 0.369707
vn -0.413457 0.321202 0.851988
vn -0.817896 0.047307 0.573418
vn -0.858822 0.433161 0.273489
vn -0.824863 0.565324 -0.003177
vn -0.993357 0.099721 -0.057425
vn -0.934121 0.223750 -0.278127
vn -0.956479 -0.209398 0.203227
vn -0.995233 -0.062213 -0.075104
vn -0.968386 -0.247757 0.029065
vn 0.357344 0.092420 0.929389
vn 0.638597 0.387636 0.664780
vn 0.364966 0.223019 0.903915
vn 0.585168 0.389017 0.711508
vn -0.154644 -0.204299 0.966616
vn 0.010458 -0.175090 0.984497
vn -0.419522 -0.582700 0.696033
vn -0.541552 -0.485911 0.686011
vn -0.599006 -0.771793 0.213373
vn -0.719433 -0.629321 0.293890
vn -0.900154 -0.422513 0.105859
vn -0.934942 -0.345416 0.081070
vn -0.439797 -0.865139 0.241067
vn 0.797989 0.286868 0.530019
vn -0.980034 -0.151126 -0.129208
vn -0.994577 0.007856 -0.103702
vn -0.888004 0.252680 -0.384190
vn -0.874157 0.193367 -0.445488
vn -0.927149 0.321367 -0.192661
vn -0.887475 0.352264 -0.297152
vn -0.193925 0.980970 0.009596
vn -0.553829 0.749348 -0.362974
vn 0.163685 0.984753 0.058901
vn -0.934758 0.281364 -0.216938
vn -0.750378 0.531948 -0.392382
vn -0.370618 -0.809210 0.455875
vn 0.127024 -0.813547 0.567455
vn 0.503827 0.007139 0.863775
vn 0.410584 -0.501149 0.761755
vn -0.846000 0.024367 -0.532626
vn -0.694485 -0.535341 -0.480730
vn -0.834832 -0.465354 -0.294111
vn -0.765665 -0.175636 -0.618797
vn -0.202730 -0.619524 -0.758348
vn -0.339605 -0.727630 -0.596005
vn -0.094836 -0.333435 -0.937991
vn -0.004487 -0.355452 -0.934684
vn -0.003699 -0.637330 -0.770582
vn -0.684036 -0.195031 -0.702892
vn -0.655519 -0.137221 -0.742607
vn -0.079522 -0.239045 -0.967747
vn -0.004645 -0.252208 -0.967662
vn -0.003274 -0.731245 -0.682107
vn -0.192031 0.480280 0.855836
vn -0.205759 0.693047 0.690905
vn -0.702281 0.438086 0.561143
vn -0.625542 0.490958 0.606348
vn 0.467397 0.682649 0.561721
vn 0.384187 0.847596 0.366035
vn -0.287480 0.775397 0.562240
vn 0.421617 0.321202 0.847979
vn 0.823363 0.047307 0.565540
vn 0.861408 0.433160 0.265232
vn 0.824794 0.565324 -0.011096
vn 0.992760 0.099721 -0.066958
vn 0.931408 0.223750 -0.287082
vn 0.958385 -0.209398 0.194037
vn 0.968621 -0.247757 0.019768
vn 0.994466 -0.062213 -0.084656
vn -0.348405 0.092420 0.932777
vn -0.632187 0.387637 0.670878
vn -0.578309 0.389017 0.717095
vn -0.356270 0.223018 0.907378
vn 0.163917 -0.204299 0.965087
vn -0.001005 -0.175090 0.984552
vn 0.426182 -0.582700 0.691975
vn 0.548114 -0.485911 0.680780
vn 0.601027 -0.771794 0.207607
vn 0.722222 -0.629321 0.286969
vn 0.901128 -0.422513 0.097213
vn 0.442091 -0.865139 0.236833
vn 0.935677 -0.345416 0.072091
vn -0.792861 0.286866 0.537660
vn 0.978748 -0.151126 -0.138611
vn 0.993536 0.007857 -0.113245
vn 0.869839 0.193367 -0.453860
vn 0.884275 0.252680 -0.392697
vn 0.925256 0.321368 -0.201553
vn 0.884581 0.352264 -0.305658
vn 0.194009 0.980969 0.007731
vn 0.550320 0.749348 -0.368275
vn -0.163112 0.984753 0.060469
vn 0.932632 0.281364 -0.225902
vn 0.746578 0.531947 -0.399567
vn -0.121571 -0.813546 0.568650
vn 0.374972 -0.809207 0.452307
vn -0.495512 0.007138 0.868572
vn -0.403252 -0.501149 0.765661
vn 0.840848 0.024367 -0.540723
vn 0.689838 -0.535340 -0.487375
vn 0.831970 -0.465354 -0.302112
vn 0.759690 -0.175637 -0.626117
vn 0.195441 -0.619524 -0.760259
vn 0.333868 -0.727631 -0.599238
vn 0.085826 -0.333434 -0.938859
vn 0.677257 -0.195031 -0.709426
vn 0.070227 -0.239045 -0.968466
vn 0.648359 -0.137221 -0.748866
vn 0.682265 0.225495 0.695462
vn 0.579674 0.520259 0.627143
vn 0.573719 0.397500 0.716129
vn 0.694619 -0.061056 0.716782
vn 0.590521 -0.063422 0.804526
vn 0.691536 0.062572 0.719627
vn 0.807128 -0.081002 0.584793
vn 0.004521 0.335899 0.941887
vn 0.004791 -0.061166 0.998116
vn 0.003659 0.647186 0.762323
vn 0.003276 0.731047 0.682319
vn 0.755961 -0.267120 0.597637
vn 0.586508 -0.277019 0.761097
vn 0.493867 -0.760428 0.421716
vn 0.563125 -0.751072 0.344646
vn 0.775741 -0.520314 0.357071
vn 0.000420 -0.996168 0.087462
vn 0.003096 -0.764165 0.645013
vn -0.675559 0.225496 0.701977
vn -0.687706 -0.061056 0.723417
vn -0.566817 0.397499 0.721604
vn -0.573627 0.520260 0.632679
vn -0.582770 -0.063421 0.810159
vn -0.684595 0.062571 0.726234
vn -0.801477 -0.081002 0.592515
vn -0.579173 -0.277019 0.766694
vn -0.750189 -0.267120 0.604867
vn -0.489796 -0.760428 0.426438
vn -0.559790 -0.751072 0.350037
vn -0.772277 -0.520314 0.364503
vn -0.310349 -0.544020 0.779568
vn -0.540273 -0.314083 0.780677
vn 0.155661 0.087143 0.983959
vn 0.091866 0.150939 0.984265
vn 0.003735 -0.628194 0.778048
vn 0.004726 0.174284 0.984684
vn 0.317818 -0.544021 0.776552
vn -0.082415 0.150942 0.985101
vn 0.547745 -0.314083 0.775453
vn -0.146210 0.087144 0.985408
vn 0.631906 -0.000000 0.775045
vn -0.169553 -0.000000 0.985521
vn 0.547750 0.314088 0.775447
vn -0.146212 -0.087140 0.985408
vn 0.317818 0.544013 0.776558
vn -0.082412 -0.150935 0.985103
vn 0.003735 0.628159 0.778076
vn 0.004726 -0.174288 0.984683
vn -0.310346 0.544010 0.779576
vn 0.091864 -0.150932 0.984266
vn -0.540277 0.314087 0.780673
vn 0.155665 -0.087141 0.983959
vn -0.624437 -0.000000 0.781075
vn 0.179006 -0.000000 0.983848
vn 0.547195 0.313759 0.775973
vn 0.317500 0.543458 0.777076
vn 0.003736 0.627528 0.778585
vn -0.310027 0.543460 0.780086
vn -0.539722 0.313760 0.781189
vn -0.623784 -0.000000 0.781597
vn -0.539706 -0.313757 0.781201
vn -0.310020 -0.543453 0.780094
vn 0.003737 -0.627529 0.778584
vn 0.317494 -0.543452 0.777083
vn 0.547182 -0.313759 0.775981
vn 0.631258 -0.000000 0.775573
vn 0.582691 0.279854 0.762990
vn 0.669655 -0.305298 0.677020
vn 0.913416 -0.378156 0.150563
vn 0.984232 0.169077 0.051973
vn 0.859556 -0.475787 0.186524
vn 0.651616 -0.352940 0.671439
vn 0.004402 0.398764 0.917043
vn 0.004799 -0.029629 0.999549
vn 0.004520 -0.336428 0.941698
vn 0.004584 -0.297599 0.954680
vn -0.575336 0.279854 0.768551
vn -0.983687 0.169077 0.061429
vn -0.911928 -0.378156 0.159328
vn -0.663125 -0.305299 0.683417
vn -0.857724 -0.475787 0.194771
vn -0.645141 -0.352941 0.677662
vn 0.046257 0.671453 0.739602
vn -0.010386 0.231296 0.972828
vn -0.017576 0.169691 0.985341
vn -0.077468 0.057701 0.995324
vn -0.144404 0.044009 0.988540
vn -0.144404 0.044009 0.988540
vn -0.099908 0.053150 0.993576
vn -0.039155 0.671454 0.740011
vn 0.027034 0.169691 0.985126
vn 0.019725 0.231296 0.972684
vn 0.087020 0.057701 0.994534
vn 0.109442 0.053150 0.992571
vn 0.153888 0.044010 0.987108
vn 0.153888 0.044010 0.987108
vn -0.758716 0.445272 0.475482
vn -0.713415 0.557676 0.424307
vn -0.405296 0.902610 0.145020
vn -0.405296 0.902610 0.145020
vn -0.789568 -0.037731 0.612502
vn -0.619762 -0.157931 0.768735
vn -0.370875 -0.395899 0.840069
vn -0.215905 -0.419415 0.881746
vn -0.215905 -0.419415 0.881746
vn 0.763246 0.445272 0.468176
vn 0.406669 0.902610 0.141123
vn 0.406669 0.902610 0.141123
vn 0.717456 0.557676 0.417438
vn 0.795413 -0.037731 0.604892
vn 0.627113 -0.157931 0.762749
vn 0.378922 -0.395899 0.836470
vn 0.224360 -0.419415 0.879633
vn 0.224360 -0.419415 0.879633
vn -0.934558 -0.344036 0.090775
vn -0.936528 -0.339243 0.088482
vn -0.958343 0.280599 -0.053326
vn -0.991100 0.129018 -0.032787
vn -0.803592 -0.542257 0.245350
vn -0.803678 -0.525574 0.279059
vn -0.366793 0.920710 -0.133255
vn -0.366793 0.920710 -0.133255
vn -0.798605 -0.478893 0.364543
vn -0.798605 -0.478893 0.364543
vn 0.935387 -0.344037 0.081798
vn 0.990740 0.129017 -0.042300
vn 0.957787 0.280598 -0.062524
vn 0.937335 -0.339243 0.079487
vn 0.805911 -0.542257 0.237624
vn 0.806320 -0.525574 0.271331
vn 0.365497 0.920710 -0.136770
vn 0.365497 0.920710 -0.136770
vn 0.802067 -0.478893 0.356861
vn 0.802067 -0.478893 0.356861
vn -0.737855 0.284763 -0.611948
vn -0.734111 0.295444 -0.611387
vn -0.668316 0.447686 -0.594081
vn -0.668316 0.447685 -0.594081
vn -0.848502 -0.089362 -0.521592
vn -0.859196 -0.116855 -0.498123
vn -0.815762 -0.537856 -0.212707
vn -0.724822 -0.677727 -0.123769
vn -0.636395 -0.769630 -0.051684
vn -0.636395 -0.769630 -0.051684
vn 0.731946 0.284764 -0.619003
vn 0.662583 0.447686 -0.600468
vn 0.662583 0.447686 -0.600468
vn 0.728208 0.295444 -0.618406
vn 0.843455 -0.089362 -0.529715
vn 0.854374 -0.116855 -0.506350
vn 0.813682 -0.537856 -0.220529
vn 0.723600 -0.677728 -0.130721
vn 0.635870 -0.769630 -0.057790
vn 0.635869 -0.769630 -0.057790
vn 0.132538 0.365998 0.921129
vn -0.371201 0.431278 0.822319
vn -0.225866 0.388267 0.893439
vn -0.107344 0.445893 0.888627
vn 0.163509 -0.040344 0.985717
vn 0.287073 0.230320 0.929807
vn 0.408552 -0.377983 0.830791
vn 0.536710 -0.366824 0.759857
vn 0.425752 -0.664126 0.614550
vn 0.636956 -0.476398 0.606080
vn 0.391665 -0.902812 0.177562
vn 0.502519 -0.783934 0.364586
vn 0.671800 -0.464239 0.577207
vn 0.630710 -0.371576 0.681275
vn 0.641459 -0.294680 0.708304
vn 0.241818 0.327294 0.913457
vn 0.087429 0.467981 0.879403
vn 0.173071 0.356120 0.918273
vn 0.115870 0.445892 0.887555
vn 0.234433 0.388267 0.891229
vn 0.379078 0.431277 0.818718
vn -0.123688 0.365999 0.922359
vn -0.278135 0.230319 0.932520
vn -0.154039 -0.040343 0.987241
vn -0.529391 -0.366823 0.764974
vn -0.400557 -0.377982 0.834676
vn -0.631108 -0.476393 0.612170
vn -0.419833 -0.664126 0.618609
vn -0.498997 -0.783935 0.369389
vn -0.389942 -0.902814 0.181304
vn -0.078984 0.467981 0.880202
vn -0.164247 0.356120 0.919892
vn -0.233037 0.327294 0.915736
vn -0.634632 -0.294681 0.714426
vn -0.666229 -0.464232 0.583634
vn -0.624140 -0.371576 0.687300
vn 0.006618 0.547245 0.836946
vn -0.017000 0.541548 0.840498
vn -0.348559 0.425584 0.835096
vn -0.348559 0.425584 0.835095
vn -0.169876 0.390369 0.904850
vn -0.332829 0.278224 0.901009
vn -0.611039 -0.089166 0.786563
vn -0.618966 -0.147861 0.771374
vn -0.629035 -0.464899 0.623044
vn -0.633209 -0.479025 0.607932
vn -0.641226 -0.508660 0.574538
vn -0.641226 -0.508660 0.574538
vn 0.001417 0.547243 0.836972
vn 0.356559 0.425582 0.831712
vn 0.356559 0.425582 0.831712
vn 0.025068 0.541546 0.840297
vn 0.178555 0.390370 0.903178
vn 0.341461 0.278227 0.897772
vn 0.618562 -0.089164 0.780661
vn 0.626344 -0.147861 0.765396
vn 0.634988 -0.464902 0.616973
vn 0.639018 -0.479027 0.601822
vn 0.646714 -0.508661 0.568354
vn 0.646714 -0.508661 0.568354
vn 0.812335 -0.391112 0.432601
vn 0.739791 -0.560323 0.372488
vn 0.739791 -0.560323 0.372488
vn 0.838250 -0.296428 0.457677
vn 0.785404 0.276929 0.553581
vn 0.787670 0.271857 0.552874
vn 0.293049 0.653236 0.698144
vn 0.395067 0.610657 0.686309
vn -0.189391 0.783767 0.591473
vn -0.199269 0.792841 0.575930
vn -0.249209 0.834572 0.491309
vn -0.249209 0.834572 0.491309
vn 0.195061 0.783766 0.589629
vn 0.204789 0.792840 0.573992
vn 0.253914 0.834571 0.488897
vn 0.253914 0.834571 0.488897
vn -0.286333 0.653236 0.700926
vn -0.388460 0.610656 0.690071
vn -0.780053 0.276928 0.561095
vn -0.782326 0.271857 0.560410
vn -0.833817 -0.296428 0.465703
vn -0.808145 -0.391112 0.440379
vn -0.736180 -0.560324 0.379573
vn -0.736180 -0.560324 0.379573
vn -0.442083 0.601774 0.665154
vn -0.034141 0.637468 0.769720
vn -0.034141 0.637468 0.769720
vn -0.537791 0.574213 0.617300
vn -0.913217 0.384977 0.133517
vn -0.906270 0.389901 0.163257
vn -0.938285 0.344657 -0.028867
vn -0.939525 0.339882 -0.042106
vn -0.941742 -0.306049 -0.139487
vn -0.925384 -0.352632 -0.138981
vn -0.737326 -0.663894 -0.124882
vn -0.737326 -0.663894 -0.124882
vn 0.175274 0.849346 0.497887
vn 0.175236 0.847985 0.500214
vn 0.174090 0.817048 0.549659
vn 0.174090 0.817048 0.549659
vn 0.663433 0.704480 0.252119
vn 0.603895 0.742896 0.288818
vn 0.916828 0.399183 0.008909
vn 0.916599 0.399701 0.009280
vn 0.952933 -0.290245 -0.087612
vn 0.878191 -0.471831 -0.078458
vn 0.700166 -0.711555 -0.058806
vn 0.700166 -0.711555 -0.058806
vn 0.319774 0.917134 0.237928
vn 0.319774 0.917134 0.237928
vn 0.446365 0.881838 0.152051
vn 0.512766 0.852437 0.102085
vn 0.754865 0.477380 -0.449763
vn 0.754859 0.511831 -0.410143
vn 0.712254 0.227575 -0.664006
vn 0.711187 0.222001 -0.667030
vn 0.710841 -0.134855 -0.690304
vn 0.697340 -0.244627 -0.673702
vn 0.289185 -0.923003 -0.253845
vn 0.289185 -0.923003 -0.253845
vn -0.368574 0.846151 0.384944
vn -0.614672 0.778070 0.129558
vn -0.557998 0.805837 0.198155
vn -0.368574 0.846151 0.384943
vn -0.791769 0.471955 -0.387763
vn -0.783120 0.427431 -0.451693
vn -0.689795 0.272676 -0.670694
vn -0.697969 0.273048 -0.662031
vn -0.666530 -0.284829 -0.688919
vn -0.678604 -0.203091 -0.705869
vn -0.241094 -0.948453 -0.205696
vn -0.241094 -0.948453 -0.205696
vn 0.525463 0.775295 0.350439
vn 0.525463 0.775295 0.350439
vn 0.643657 0.739247 0.198039
vn 0.684766 0.716394 0.133698
vn 0.873165 0.458284 -0.166005
vn 0.867710 0.472347 -0.154817
vn 0.904880 0.230461 -0.357884
vn 0.905712 0.232378 -0.354523
vn 0.915070 0.052663 -0.399842
vn 0.907664 0.120007 -0.402175
vn 0.910206 -0.165044 -0.379849
vn 0.910206 -0.165044 -0.379849
vn -0.346735 0.844421 0.408323
vn -0.677954 0.731470 0.073007
vn -0.624049 0.768344 0.142165
vn -0.346735 0.844421 0.408323
vn -0.870884 0.414113 -0.264712
vn -0.864315 0.433901 -0.254343
vn -0.861544 0.306103 -0.405021
vn -0.872877 0.297061 -0.387093
vn -0.904353 -0.044295 -0.424481
vn -0.899973 0.019470 -0.435511
vn -0.870702 -0.350136 -0.345374
vn -0.870702 -0.350136 -0.345374
vn 0.305270 0.191752 0.932760
vn 0.400965 0.315130 0.860186
vn 0.540528 -0.081129 0.837405
vn 0.281200 0.020775 0.959424
vn 0.144446 -0.174736 0.973962
vn 0.349763 -0.457923 0.817296
vn 0.074608 0.231458 0.969980
vn -0.147625 -0.076021 0.986117
vn 0.195326 -0.591319 0.782425
vn -0.185889 -0.146052 0.971655
vn -0.011985 0.188058 0.982085
vn 0.370493 -0.341350 0.863837
vn 0.223629 -0.971375 0.080124
vn 0.208562 -0.872007 0.442838
vn 0.352617 -0.868145 0.349265
vn 0.310580 -0.828184 0.466532
vn 0.468358 -0.759126 0.452072
vn 0.229077 -0.972573 -0.040313
vn 0.279229 0.176099 0.943939
vn 0.270051 0.143380 0.952111
vn -0.171155 0.508978 0.843592
vn 0.296988 -0.080596 0.951474
vn 0.427035 -0.380141 0.820448
vn 0.408030 -0.775474 0.481822
vn 0.232181 -0.971996 -0.036283
vn 0.004648 0.250026 0.968228
vn 0.004770 0.112250 0.993669
vn 0.004263 0.459505 0.888165
vn 0.004775 -0.102979 0.994672
vn 0.003839 -0.600506 0.799611
vn 0.004560 -0.312123 0.950031
vn 0.003892 -0.585364 0.810761
vn 0.002227 -0.885893 0.463885
vn -0.296302 0.191753 0.935648
vn -0.271975 0.020775 0.962080
vn -0.532464 -0.081129 0.842556
vn -0.392688 0.315130 0.863996
vn -0.135089 -0.174736 0.975304
vn -0.341901 -0.457923 0.820616
vn -0.065293 0.231458 0.970651
vn 0.157086 -0.076021 0.984655
vn -0.187806 -0.591321 0.784263
vn 0.195209 -0.146052 0.969826
vn 0.021412 0.188057 0.981925
vn -0.362184 -0.341350 0.867354
vn -0.222850 -0.971375 0.082268
vn -0.204302 -0.872007 0.444820
vn -0.349248 -0.868145 0.352632
vn -0.463998 -0.759126 0.456546
vn -0.306088 -0.828184 0.469490
vn -0.229454 -0.972573 -0.038112
vn -0.270155 0.176099 0.946576
vn -0.260899 0.143380 0.954659
vn 0.179246 0.508978 0.841910
vn -0.287840 -0.080596 0.954281
vn -0.419140 -0.380141 0.824509
vn -0.403386 -0.775475 0.485713
vn -0.232518 -0.971996 -0.034058
vn 0.231013 -0.407873 0.883330
vn 0.034231 -0.444397 0.895176
vn 0.119911 -0.176352 0.976996
vn 0.254199 -0.211759 0.943685
vn 0.865566 -0.052550 0.498031
vn 0.448228 -0.265682 0.853525
vn 0.473620 0.207070 0.856041
vn 0.813252 0.194356 0.548495
vn 0.015478 -0.159975 0.987000
vn 0.002877 0.295012 0.955489
vn 0.183266 0.342672 0.921406
vn 0.354681 0.442740 0.823519
vn 0.818273 0.338411 0.464659
vn 0.893313 -0.000612 0.449434
vn -0.037581 0.606812 0.793956
vn 0.115749 0.608812 0.784825
vn 0.453215 0.539902 0.709297
vn 0.794658 0.373543 0.478523
vn 0.013287 -0.410432 0.911795
vn 0.155812 -0.311645 0.937337
vn 0.046368 -0.699612 0.713017
vn 0.088955 -0.759468 0.644434
vn 0.415024 -0.277338 0.866509
vn 0.322375 -0.757043 0.568297
vn 0.773151 -0.417512 0.477411
vn 0.541938 -0.749778 0.379653
vn 0.004642 -0.255148 0.966891
vn 0.003681 0.641760 0.766897
vn 0.004655 0.244356 0.969674
vn 0.003782 -0.615843 0.787860
vn 0.004699 -0.203865 0.978988
vn 0.872205 0.126108 0.472605
vn 0.456421 0.149461 0.877121
vn 0.862431 -0.239049 0.446170
vn 0.943989 0.136531 0.300406
vn 0.911519 0.229556 0.341230
vn 0.950328 0.016054 0.310837
vn 0.921346 0.228836 0.314253
vn 0.915698 0.281044 0.287249
vn 0.777752 -0.567626 0.270004
vn 0.596169 -0.769549 0.228862
vn 0.901319 0.128382 0.413692
vn 0.891418 -0.134724 0.432693
vn -0.222523 -0.407873 0.885507
vn -0.245128 -0.211759 0.946082
vn -0.110526 -0.176352 0.978102
vn -0.025635 -0.444396 0.895464
vn -0.860745 -0.052550 0.506317
vn -0.440013 -0.265682 0.857789
vn -0.465381 0.207070 0.860548
vn -0.807948 0.194355 0.556278
vn -0.174411 0.342672 0.923123
vn 0.006297 0.295011 0.955473
vn -0.006001 -0.159975 0.987103
vn -0.346759 0.442740 0.826885
vn -0.813775 0.338411 0.472492
vn -0.888957 -0.000611 0.457990
vn -0.108209 0.608812 0.785900
vn 0.045201 0.606812 0.793559
vn -0.446385 0.539902 0.713615
vn -0.790028 0.373543 0.486130
vn -0.146806 -0.311646 0.938789
vn -0.004533 -0.410432 0.911880
vn -0.082764 -0.759469 0.645258
vn -0.039520 -0.699613 0.713428
vn -0.406686 -0.277338 0.870454
vn -0.316904 -0.757043 0.571365
vn -0.768532 -0.417512 0.484812
vn -0.538268 -0.749778 0.384839
vn -0.447979 0.149459 0.881463
vn -0.867627 0.126108 0.480957
vn -0.858108 -0.239048 0.454429
vn -0.908201 0.229555 0.349965
vn -0.941062 0.136531 0.309454
vn -0.947300 0.016055 0.319946
vn -0.918287 0.228836 0.323084
vn -0.912898 0.281044 0.296026
vn -0.775124 -0.567626 0.277459
vn -0.593944 -0.769549 0.234576
vn -0.897306 0.128382 0.422327
vn -0.887223 -0.134722 0.441232
vn -0.217162 -0.007809 -0.976104
vn -0.484789 -0.015167 -0.874500
vn -0.504828 -0.059339 -0.861178
vn -0.204285 -0.027117 -0.978536
vn -0.806590 0.060857 -0.587971
vn -0.884131 0.035411 -0.465895
vn -0.585273 -0.001691 -0.810834
vn -0.569459 0.020609 -0.821762
vn -0.004800 -0.002415 -0.999986
vn -0.004800 0.012538 -0.999910
vn -0.961808 0.030229 0.272052
vn -0.982212 0.045911 0.182074
vn -0.962308 0.010556 0.271756
vn -0.816130 0.002685 0.577862
vn -0.971277 0.041692 0.234269
vn -0.977944 0.015923 0.208257
vn -0.462934 -0.081006 -0.882684
vn -0.136184 -0.052259 -0.989304
vn -0.004796 -0.042370 -0.999091
vn -0.700027 -0.084031 -0.709156
vn -0.905575 -0.039643 -0.422329
vn -0.868292 0.032641 -0.494978
vn -0.985516 0.164990 0.039207
vn -0.971555 0.230288 -0.055219
vn -0.986237 0.156918 0.052093
vn -0.908136 0.082030 -0.410562
vn -0.900519 0.180304 -0.395673
vn -0.930389 0.199932 0.307252
vn -0.919230 0.233475 0.317028
vn -0.691496 0.023743 -0.721990
vn -0.609123 0.135092 -0.781485
vn -0.353401 0.063707 -0.933300
vn -0.004783 0.084143 -0.996442
vn -0.247322 0.191044 -0.949913
vn -0.004697 0.206696 -0.978394
vn 0.317266 -0.020106 -0.948123
vn -0.477165 0.004432 -0.878803
vn -0.436303 -0.002012 -0.899798
vn 0.441001 -0.035728 -0.896795
vn -0.939490 0.203650 -0.275473
vn -0.913231 0.089255 -0.397546
vn -0.842949 0.331226 0.423942
vn -0.747675 0.448299 0.489908
vn -0.712456 0.340868 0.613364
vn -0.603809 0.399767 0.689638
vn 0.207781 -0.007809 -0.978144
vn 0.194882 -0.027117 -0.980452
vn 0.496537 -0.059339 -0.865985
vn 0.476371 -0.015167 -0.879114
vn 0.800908 0.060857 -0.595688
vn 0.561543 0.020610 -0.827191
vn 0.577462 -0.001691 -0.816416
vn 0.879618 0.035411 -0.474362
vn 0.964375 0.030229 0.262806
vn 0.983915 0.045911 0.172637
vn 0.957259 0.000159 0.289233
vn 0.814178 -0.003649 0.580604
vn 0.973482 0.041692 0.224934
vn 0.979899 0.015923 0.198859
vn 0.454438 -0.081006 -0.887087
vn 0.126680 -0.052259 -0.990566
vn 0.693186 -0.084031 -0.715843
vn 0.901479 -0.039643 -0.431003
vn 0.863500 0.032641 -0.503291
vn 0.985847 0.164990 0.029744
vn 0.970980 0.230288 -0.064544
vn 0.896679 0.180304 -0.404300
vn 0.904152 0.082030 -0.419261
vn 0.986691 0.156919 0.042622
vn 0.933296 0.199932 0.298306
vn 0.922231 0.233475 0.308188
vn 0.684532 0.023743 -0.728596
vn 0.601592 0.135092 -0.787297
vn 0.344425 0.063707 -0.936650
vn 0.238191 0.191043 -0.952243
vn -0.379196 -0.037733 -0.924547
vn -0.488137 -0.052880 -0.871164
vn 0.488395 -0.032931 -0.872001
vn 0.468115 -0.020377 -0.883432
vn 0.936801 0.203650 -0.284482
vn 0.909372 0.089255 -0.406296
vn 0.846980 0.331226 0.415830
vn 0.752343 0.448299 0.482709
vn 0.718311 0.340867 0.606497
vn 0.610401 0.399767 0.683811
vn 0.880776 -0.355170 0.313191
vn 0.863729 -0.407633 0.296323
vn 0.745406 -0.634556 0.204228
vn 0.745406 -0.634556 0.204228
vn 0.938842 0.047741 0.341022
vn 0.933293 0.117674 0.339289
vn 0.444919 -0.850155 -0.281575
vn 0.444919 -0.850155 -0.281575
vn 0.444919 -0.850155 -0.281575
vn 0.444919 -0.850155 -0.281575
vn 0.459107 0.855341 0.240025
vn 0.335803 0.905625 0.258997
vn 0.004571 0.958388 0.285434
vn 0.004571 0.958388 0.285434
vn -0.083134 -0.181460 0.979878
vn -0.387606 -0.241096 0.889738
vn -0.369022 -0.015533 0.929291
vn -0.151094 -0.184758 0.971100
vn -0.126593 0.166026 0.977962
vn -0.422593 0.095679 0.901255
vn 0.178057 -0.107643 0.978115
vn 0.014285 -0.298520 0.954297
vn 0.153155 0.336289 0.929222
vn 0.848230 -0.506092 -0.156133
vn 0.816819 -0.562667 -0.127329
vn 0.506703 -0.858693 0.076799
vn 0.506703 -0.858693 0.076799
vn 0.965008 0.015614 -0.261757
vn 0.960791 0.141546 -0.238424
vn -0.461539 -0.741367 -0.487192
vn -0.477111 -0.729186 -0.490564
vn -0.259770 -0.864076 -0.431152
vn -0.259770 -0.864076 -0.431152
vn -0.664079 -0.499986 -0.555889
vn -0.664042 -0.500056 -0.555870
vn -0.232580 0.633627 0.737851
vn -0.141581 0.667133 0.731361
vn -0.032317 0.762992 0.645600
vn 0.852292 0.510907 -0.112129
vn 0.834916 0.547359 -0.057566
vn -0.775598 -0.056913 -0.628657
vn -0.776456 -0.033426 -0.629285
vn 0.029423 0.895116 0.444862
vn -0.062057 0.938721 0.339045
vn 0.420011 0.754044 0.504983
vn -0.702329 0.429218 -0.567896
vn -0.702329 0.429219 -0.567896
vn 0.757956 0.310995 0.573397
vn 0.152715 0.164986 0.974401
vn 0.143644 0.152949 0.977739
vn 0.211794 0.130288 0.968591
vn 0.914268 0.358160 -0.189301
vn 0.791949 0.428463 0.435013
vn 0.705681 0.135703 0.695412
vn 0.956825 0.284079 -0.061532
vn 0.912897 0.357933 -0.196222
vn 0.846437 0.515541 -0.133273
vn 0.748688 0.617623 -0.240850
vn 0.514270 0.757793 0.401593
vn 0.592790 0.676483 0.437002
vn 0.122843 0.592786 0.795936
vn 0.259610 0.463767 0.847067
vn 0.681097 0.413934 0.603958
vn 0.681562 0.410680 0.605653
vn 0.400256 0.313265 0.861197
vn 0.907697 0.419146 -0.020058
vn 0.740181 0.481873 0.468967
vn -0.847678 0.515540 -0.125142
vn -0.588567 0.676484 0.442672
vn -0.510391 0.757794 0.406510
vn -0.750965 0.617622 -0.233655
vn -0.251466 0.463768 0.849520
vn -0.115197 0.592788 0.797078
vn -0.675268 0.413934 0.610469
vn -0.675715 0.410680 0.612169
vn -0.391970 0.313264 0.865000
vn -0.907848 0.419145 -0.011342
vn -0.735641 0.481876 0.476055
vn -0.752416 0.310995 0.580647
vn -0.202486 0.130288 0.970580
vn -0.134250 0.152949 0.979073
vn -0.143353 0.164985 0.975823
vn -0.916044 0.358160 -0.180514
vn -0.787740 0.428462 0.442591
vn -0.957371 0.284080 -0.052342
vn -0.698973 0.135704 0.702155
vn -0.914739 0.357934 -0.187447
vn -0.665741 0.402027 0.628620
vn -0.899515 0.019902 -0.436437
vn -0.927736 0.064052 -0.367701
vn -0.610611 0.404195 0.681015
vn 0.722672 -0.652533 -0.227917
vn 0.276289 0.098549 0.956009
vn 0.195378 0.152584 0.968786
vn 0.739512 -0.646295 -0.188218
vn 0.179493 -0.633170 -0.752913
vn 0.152302 -0.626863 -0.764099
vn -0.824534 -0.069332 -0.561548
vn -0.845837 -0.029644 -0.532617
vn -0.974929 -0.116222 0.189751
vn -0.968346 -0.167019 0.185503
vn -0.132862 0.004030 -0.991126
vn -0.104211 -0.009578 -0.994509
vn 0.683126 -0.089182 -0.724835
vn 0.732899 -0.076695 -0.676001
vn 0.990094 -0.127324 0.059181
vn 0.984945 -0.171786 0.019329
vn 0.735086 -0.229586 0.637918
vn 0.729137 -0.143924 0.669063
vn 0.042931 -0.220110 0.974530
vn 0.055647 -0.249885 0.966675
vn -0.652841 -0.212174 0.727173
vn -0.630599 -0.209089 0.747413
vn -0.979911 -0.059915 0.190225
vn -0.971589 -0.108978 0.210093
vn -0.661727 -0.113009 0.741179
vn -0.674850 -0.146779 0.723211
vn -0.886139 -0.031287 -0.462363
vn -0.896608 -0.121284 -0.425893
vn -0.192089 -0.006122 -0.981358
vn -0.159708 -0.145365 -0.976403
vn -0.975613 -0.115216 0.186831
vn -0.669821 -0.199541 0.715208
vn -0.966845 -0.153430 0.204131
vn -0.684474 -0.196320 0.702107
vn -0.897105 -0.049501 -0.439035
vn -0.871325 -0.132155 -0.472576
vn -0.163379 0.000799 -0.986563
vn -0.180373 -0.068790 -0.981190
vn 0.769201 -0.023102 -0.638590
vn 0.751526 -0.019630 -0.659411
vn 0.751982 -0.070500 -0.655403
vn 0.994085 -0.108107 0.010341
vn 0.996914 -0.078502 0.000024
vn 0.724985 -0.150051 0.672222
vn 0.727028 -0.214218 0.652335
vn -0.039243 -0.246745 0.968286
vn -0.024538 -0.215779 0.976134
vn -0.040707 -0.215171 0.975728
vn 0.729726 -0.154059 0.666157
vn -0.970131 -0.094801 0.223291
vn -0.650923 -0.158193 0.742479
vn -0.951796 -0.196989 0.235118
vn -0.631362 -0.238246 0.737984
vn -0.879611 -0.180707 -0.440033
vn -0.864977 -0.020108 -0.501409
vn -0.145901 -0.116883 -0.982370
vn -0.156140 0.007719 -0.987705
vn 0.777901 -0.152747 -0.609539
vn 0.727420 -0.168815 0.665103
vn 0.987654 -0.154292 0.027096
vn -0.019716 -0.194882 0.980629
vn 0.037822 -0.208041 0.977389
vn 0.733869 -0.188202 0.652699
vn -0.976691 -0.078943 0.199604
vn -0.643383 -0.100079 0.758975
vn -0.976322 -0.041771 0.212251
vn -0.668927 -0.052723 0.741456
vn -0.887632 -0.039915 -0.458821
vn -0.900760 -0.018231 -0.433934
vn -0.187617 -0.022662 -0.981981
vn -0.199294 0.015967 -0.979810
vn -0.040817 -0.098880 0.994262
vn 0.757899 -0.102021 0.644346
vn -0.049365 -0.078092 0.995723
vn 0.705745 -0.078731 0.704078
vn -0.976913 -0.058090 0.205591
vn -0.636884 -0.049549 0.769366
vn -0.901886 -0.024131 -0.431301
vn -0.028107 -0.094701 0.995109
vn 0.776168 -0.096879 0.623039
vn -0.018259 -0.075995 0.996941
vn 0.765860 -0.066883 0.639519
vn 0.988057 -0.154043 0.003778
vn 0.728946 -0.076444 -0.680289
vn 0.755687 -0.115955 -0.644587
vn 0.993844 -0.108597 0.021943
vn 0.997902 -0.052280 -0.038190
vn 0.746897 -0.025052 -0.664468
vn 0.999615 -0.027702 0.001623
vn 0.998841 -0.044843 0.017473
vn 0.997961 -0.063577 -0.005712
vn 0.748267 0.002429 -0.663393
vn -0.183035 0.000659 -0.983106
vn 0.726193 -0.006973 -0.687456
vn -0.007530 -0.455005 0.890457
vn 0.663013 -0.388853 0.639693
vn -0.527352 -0.503273 0.684556
vn -0.736760 -0.636306 0.228692
vn -0.601204 -0.675510 -0.426895
vn -0.018617 -0.379578 -0.924973
vn 0.639773 -0.312575 -0.702131
vn 0.900847 -0.428758 -0.068127
vn -0.525180 0.836851 0.154484
vn 0.040474 0.956746 0.288095
vn -0.763654 0.643946 0.046552
vn -0.791816 0.562697 -0.237486
vn -0.022567 0.406715 -0.913276
vn 0.536784 0.417619 -0.733115
vn 0.750903 0.657349 -0.063539
vn 0.538080 0.805778 0.247371
vn -0.734635 0.315537 -0.600623
vn -0.977292 0.206824 -0.046097
vn -0.074235 0.306300 -0.949036
vn 0.544870 0.408942 -0.732040
vn 0.932180 0.355589 -0.067806
vn -0.695909 -0.067056 0.714992
vn -0.624091 -0.032103 0.780692
vn 0.620641 0.054421 0.782204
vn 0.409462 -0.021815 0.912066
vn -0.986879 -0.106759 0.121133
vn -0.987154 -0.120439 0.104979
vn -0.846360 -0.046057 -0.530616
vn -0.904649 -0.064753 -0.421209
vn -0.273087 0.127470 -0.953507
vn -0.428529 0.045907 -0.902361
vn 0.588674 0.049781 -0.806837
vn 0.449024 0.038647 -0.892684
vn 0.973467 -0.170596 -0.152509
vn 0.925007 -0.379931 -0.003824
vn 0.933697 -0.166737 0.316875
vn 0.912278 -0.113757 0.393456
vn 0.867534 0.229050 0.441499
vn 0.207677 0.383303 0.899972
vn -0.749327 0.351757 0.561050
vn 0.020964 -0.133585 0.990816
vn 0.461811 0.176908 0.869157
vn -0.156757 -0.022391 0.987383
vn 0.687869 -0.251230 0.680970
vn 0.811659 0.094459 0.576444
vn -0.012945 -0.687328 0.726232
vn 0.460464 -0.777433 0.428451
vn -0.592777 0.040753 0.804335
vn -0.584212 -0.318973 0.746292
vn -0.443503 -0.701219 0.558209
vn -0.738873 -0.661837 -0.126642
vn -0.948964 0.221113 0.224893
vn -0.950117 -0.273206 0.150454
vn -0.571321 -0.564272 -0.595978
vn -0.742897 0.271892 -0.611701
vn -0.767345 -0.012609 -0.641111
vn -0.033496 -0.681489 -0.731061
vn -0.021099 0.205049 -0.978524
vn -0.016456 0.009575 -0.999819
vn 0.618810 -0.472843 -0.627291
vn 0.647951 0.061811 -0.759170
vn 0.681503 -0.300086 -0.667460
vn 0.779993 -0.611071 -0.134919
vn 0.946543 -0.293000 0.134932
vn 0.935667 0.041900 -0.350387
vn -0.442109 0.748923 0.493613
vn -0.237907 0.415386 0.877983
vn -0.670851 0.712413 -0.205978
vn -0.624034 0.518844 -0.584279
vn -0.311797 0.452268 -0.835605
vn 0.368369 0.683868 -0.629785
vn 0.727495 0.680031 -0.091150
vn 0.755756 0.518682 0.399752
vn 0.331244 0.421629 0.844101
vn 0.074701 0.994265 -0.076533
vn -0.024644 0.968199 -0.248965
vn -0.096929 0.994803 -0.031176
vn 0.094824 0.986528 -0.133308
vn 0.143055 0.987712 0.062932
vn -0.043217 0.998918 -0.017191
vn -0.119552 0.924821 -0.361129
vn -0.312958 0.943734 0.106883
vn -0.343915 0.919958 0.188146
vn 0.819105 -0.069333 -0.569439
vn 0.970082 -0.167020 0.176198
vn 0.976706 -0.116222 0.180382
vn 0.840684 -0.029644 -0.540713
vn 0.123341 0.004030 -0.992356
vn 0.094659 -0.009578 -0.995464
vn -0.690053 -0.089182 -0.718244
vn -0.739355 -0.076695 -0.668934
vn -0.989480 -0.127323 0.068683
vn -0.984714 -0.171786 0.028784
vn -0.728928 -0.229586 0.644946
vn -0.722680 -0.143924 0.676032
vn -0.033574 -0.220110 0.974897
vn -0.046364 -0.249885 0.967165
vn 0.637746 -0.209089 0.741324
vn 0.659792 -0.212174 0.720872
vn 0.981692 -0.059914 0.180809
vn 0.681762 -0.146779 0.716698
vn 0.668812 -0.113009 0.734792
vn 0.973561 -0.108979 0.200756
vn 0.881659 -0.031286 -0.470849
vn 0.892478 -0.121284 -0.434481
vn 0.182659 -0.006122 -0.983157
vn 0.150327 -0.145365 -0.977891
vn 0.977361 -0.115215 0.177456
vn 0.676657 -0.199541 0.708745
vn 0.968760 -0.153431 0.194839
vn 0.691182 -0.196320 0.695504
vn 0.892849 -0.049501 -0.447628
vn 0.866748 -0.132155 -0.480919
vn 0.153900 0.000799 -0.988086
vn 0.170945 -0.068790 -0.982876
vn -0.775296 -0.023101 -0.631176
vn -0.757822 -0.019630 -0.652166
vn -0.758240 -0.070500 -0.648153
vn -0.993940 -0.108107 0.019884
vn -0.996868 -0.078502 0.009595
vn -0.718498 -0.150051 0.679151
vn -0.720732 -0.214218 0.659284
vn 0.048537 -0.246745 0.967864
vn 0.033908 -0.215779 0.975853
vn 0.050072 -0.215171 0.975292
vn -0.723297 -0.154059 0.673132
vn 0.972230 -0.094801 0.213967
vn 0.658021 -0.158193 0.736196
vn 0.954009 -0.196989 0.225970
vn 0.638418 -0.238247 0.731889
vn 0.875347 -0.180707 -0.448457
vn 0.860123 -0.020108 -0.509690
vn 0.136464 -0.116883 -0.983726
vn 0.146650 0.007719 -0.989158
vn -0.783717 -0.152747 -0.602043
vn -0.721001 -0.168815 0.672055
vn -0.987348 -0.154292 0.036576
vn 0.029130 -0.194882 0.980394
vn -0.028437 -0.208041 0.977707
vn -0.727569 -0.188202 0.659715
vn 0.978563 -0.078943 0.190218
vn 0.650639 -0.100078 0.752764
vn 0.676015 -0.052723 0.735000
vn 0.978315 -0.041771 0.202869
vn 0.883187 -0.039915 -0.467321
vn 0.896553 -0.018231 -0.442561
vn 0.178181 -0.022663 -0.983737
vn 0.189878 0.015967 -0.981678
vn 0.050360 -0.098881 0.993824
vn -0.751678 -0.102022 0.651592
vn 0.058922 -0.078092 0.995203
vn -0.698953 -0.078731 0.710821
vn 0.978841 -0.058090 0.196203
vn 0.644241 -0.049549 0.763216
vn 0.897703 -0.024131 -0.439939
vn 0.037659 -0.094701 0.994793
vn -0.770151 -0.096879 0.630461
vn 0.027829 -0.075995 0.996720
vn -0.759686 -0.066883 0.646842
vn -0.987975 -0.154043 0.013264
vn -0.735443 -0.076444 -0.673260
vn -0.761840 -0.115955 -0.637302
vn -0.993587 -0.108597 0.031483
vn -0.998223 -0.052280 -0.028608
vn -0.753242 -0.025052 -0.657266
vn -0.999553 -0.027702 0.011219
vn -0.998627 -0.044843 0.027061
vn -0.997969 -0.063577 0.003869
vn -0.754602 0.002429 -0.656178
vn 0.173588 0.000659 -0.984818
vn -0.732759 -0.006973 -0.680453
vn 0.016078 -0.455004 0.890344
vn -0.656842 -0.388853 0.646028
vn 0.533899 -0.503273 0.679462
vn 0.738922 -0.636306 0.221608
vn 0.597078 -0.675510 -0.432647
vn 0.009736 -0.379577 -0.925109
vn -0.646484 -0.312574 -0.695957
vn -0.901460 -0.428758 -0.059476
vn -0.037706 0.956746 0.288470
vn 0.526639 0.836851 0.149435
vn 0.764066 0.643946 0.039219
vn 0.789499 0.562697 -0.245077
vn 0.013798 0.406715 -0.913451
vn -0.543797 0.417619 -0.727928
vn -0.751478 0.657349 -0.056328
vn -0.535680 0.805778 0.252525
vn 0.976804 0.206824 -0.055477
vn 0.728835 0.315537 -0.607648
vn 0.065120 0.306300 -0.949705
vn -0.551873 0.408942 -0.726776
vn -0.932788 0.355589 -0.058854
vn 0.702741 -0.067056 0.708278
vn -0.400687 -0.021816 0.915955
vn -0.613103 0.054420 0.788126
vn 0.631557 -0.032103 0.774665
vn 0.987996 -0.106759 0.111653
vn 0.988117 -0.120439 0.095497
vn 0.841227 -0.046057 -0.538716
vn 0.900564 -0.064753 -0.429875
vn 0.263920 0.127470 -0.956084
vn 0.419846 0.045907 -0.906434
vn -0.596392 0.049781 -0.801148
vn -0.457573 0.038647 -0.888332
vn -0.974886 -0.170596 -0.143156
vn -0.925001 -0.379931 0.005056
vn -0.930611 -0.166737 0.325824
vn -0.908459 -0.113757 0.402196
vn -0.863256 0.229050 0.449807
vn -0.199027 0.383303 0.901924
vn 0.754678 0.351757 0.553830
vn -0.011451 -0.133585 0.990971
vn 0.166229 -0.022391 0.985833
vn -0.453446 0.176908 0.873550
vn -0.806088 0.094459 0.584209
vn -0.681300 -0.251230 0.687542
vn -0.456330 -0.777433 0.432853
vn 0.019916 -0.687327 0.726075
vn 0.600472 0.040753 0.798607
vn 0.591350 -0.318973 0.740649
vn 0.448841 -0.701219 0.553926
vn 0.737624 -0.661837 -0.133729
vn 0.951079 0.221113 0.215773
vn 0.951518 -0.273206 0.141325
vn 0.565572 -0.564272 -0.601436
vn 0.736991 0.271893 -0.618804
vn 0.761155 -0.012609 -0.648448
vn 0.026476 -0.681488 -0.731350
vn 0.011704 0.205049 -0.978682
vn 0.006857 0.009574 -0.999931
vn -0.624803 -0.472843 -0.621321
vn -0.655210 0.061811 -0.752914
vn -0.687879 -0.300086 -0.660886
vn -0.781252 -0.611071 -0.127424
vn -0.945204 -0.293000 0.144013
vn -0.938988 0.041900 -0.341388
vn 0.446827 0.748924 0.489345
vn 0.246326 0.415386 0.875659
vn 0.668843 0.712413 -0.212409
vn 0.618396 0.518844 -0.590243
vn 0.303761 0.452268 -0.838560
vn -0.374398 0.683868 -0.626219
vn -0.728337 0.680031 -0.084161
vn -0.751884 0.518682 0.406988
vn -0.323126 0.421629 0.847242
vn -0.075432 0.994265 -0.075811
vn 0.022253 0.968199 -0.249191
vn 0.096625 0.994803 -0.032105
vn -0.096099 0.986528 -0.132392
vn -0.142444 0.987712 0.064303
vn 0.043050 0.998918 -0.017608
vn 0.116080 0.924819 -0.362264
vn 0.313969 0.943734 0.103872
vn 0.345706 0.919958 0.184835
s 1
g nornFGeo_alpha GEO
usemtl blinn1SG
f 26/1/1 27/2/2 16/3/3 15/4/4
f 26/1/1 15/4/4 19/5/5 30/6/6
f 10/11/7 11/12/8 27/2/2 26/1/1
f 11/12/8 10/11/7 31/13/9 32/14/10
f 31/13/9 10/11/7 14/16/11 35/15/12
f 13/19/13 14/20/11 30/17/6 29/18/14
f 14/16/11 10/11/7 26/1/1 30/6/6
f 12/21/15 11/12/8 32/14/10 33/22/16
f 14/20/11 13/19/13 34/23/17 35/24/12
f 13/19/13 12/21/15 33/22/16 34/23/17
f 33/22/16 32/14/10 42/47/18 43/48/19
f 46/52/20 42/47/18 32/14/10 31/13/9
f 31/13/9 35/15/12 45/50/21 46/52/20
f 44/49/22 45/51/21 35/24/12 34/23/17
f 34/23/17 33/22/16 43/48/19 44/49/22
f 20/32/23 25/10/24 1/7/25
f 2/8/26 25/10/24 20/32/23 21/33/27
f 4/9/28 2/8/26 21/33/27 22/34/29
f 22/34/29 21/33/27 38/35/30 39/36/31
f 38/35/30 16/3/3 17/37/32 39/36/31
f 3/25/33 4/9/28 22/34/29 23/38/34
f 23/38/34 22/34/29 39/36/31 40/39/35
f 36/40/36 3/25/33 23/38/34 24/41/37
f 24/41/37 23/38/34 40/39/35 41/42/38
f 37/43/39 15/4/4 16/3/3 38/35/30
f 37/43/39 38/35/30 21/33/27 20/32/23
f 29/18/14 30/17/6 19/44/5 18/45/40
f 18/45/40 19/44/5 41/42/38 40/39/35
f 40/39/35 39/36/31 17/37/32 18/45/40
f 17/37/32 16/3/3 27/2/2 28/46/41
f 27/2/2 11/12/8 12/21/15 28/46/41
f 12/21/15 13/19/13 29/18/14 28/46/41
f 28/46/41 29/18/14 18/45/40 17/37/32
f 43/48/19 42/47/18 7/26/42 8/27/43
f 44/49/22 43/48/19 8/27/43 9/30/44
f 9/30/44 5/31/45 45/51/21 44/49/22
f 46/52/20 45/50/21 5/29/45 6/28/46
f 6/28/46 7/26/42 42/47/18 46/52/20
s 3
f 53/53/47 49/54/48 48/55/49 52/56/50
f 55/57/51 56/58/52 57/59/53 54/60/54
f 61/61/55 47/62/56 50/63/57 60/64/58
f 48/55/49 49/54/48 51/65/59
f 56/58/52 53/53/47 52/56/50 57/59/53
f 54/60/54 59/66/60 58/67/61 55/57/51
f 59/66/60 61/61/55 60/64/58 58/67/61
s 5
f 68/68/62 67/69/63 63/70/64 64/71/65
f 70/72/66 69/73/67 72/74/68 71/75/69
f 76/76/70 75/77/71 65/78/72 62/79/73
f 63/70/64 66/80/74 64/71/65
f 71/75/69 72/74/68 67/69/63 68/68/62
f 69/73/67 70/72/66 73/81/75 74/82/76
f 74/82/76 73/81/75 75/77/71 76/76/70
s 8
f 80/83/77 81/84/78 88/85/79 87/86/80
f 79/87/81 80/83/77 87/86/80 86/88/82
f 78/89/83 79/87/81 86/88/82 85/90/84
f 77/91/85 78/89/83 85/90/84 84/92/86
f 89/93/87 87/86/80 88/85/79
f 84/92/86 85/90/84 89/93/87
f 82/94/88 77/91/85 84/92/86 83/95/89
f 83/95/89 84/92/86 89/93/87
f 83/95/89 88/85/79 81/84/78 82/94/88
f 89/93/87 88/85/79 83/95/89
f 86/88/82 87/86/80 89/93/87
f 85/90/84 86/88/82 89/93/87
s 9
f 93/96/90 100/97/91 101/98/92 94/99/93
f 92/100/94 99/101/95 100/97/91 93/96/90
f 91/102/96 98/103/97 99/101/95 92/100/94
f 90/104/98 97/105/99 98/103/97 91/102/96
f 102/106/100 101/98/92 100/97/91
f 97/105/99 102/106/100 98/103/97
f 95/107/101 96/108/102 97/105/99 90/104/98
f 96/108/102 102/106/100 97/105/99
f 96/108/102 95/107/101 94/99/93 101/98/92
f 102/106/100 96/108/102 101/98/92
f 99/101/95 102/106/100 100/97/91
f 98/103/97 102/106/100 99/101/95
s 10
f 106/109/103 113/110/104 114/111/105 107/112/106
f 105/113/107 112/114/108 113/110/104 106/109/103
f 104/115/109 111/116/110 112/114/108 105/113/107
f 103/117/111 110/118/112 111/116/110 104/115/109
f 115/119/113 114/111/105 113/110/104
f 110/118/112 115/119/113 111/116/110
f 108/120/114 109/121/115 110/118/112 103/117/111
f 109/121/115 115/119/113 110/118/112
f 109/121/115 108/120/114 107/112/106 114/111/105
f 115/119/113 109/121/115 114/111/105
f 112/114/108 115/119/113 113/110/104
f 111/116/110 115/119/113 112/114/108
s 11
f 119/122/116 120/123/117 127/124/118 126/125/119
f 118/126/120 119/122/116 126/125/119 125/127/121
f 117/128/122 118/126/120 125/127/121 124/129/123
f 116/130/124 117/128/122 124/129/123 123/131/125
f 128/132/126 126/125/119 127/124/118
f 123/131/125 124/129/123 128/132/126
f 121/133/127 116/130/124 123/131/125 122/134/128
f 122/134/128 123/131/125 128/132/126
f 122/134/128 127/124/118 120/123/117 121/133/127
f 128/132/126 127/124/118 122/134/128
f 125/127/121 126/125/119 128/132/126
f 124/129/123 125/127/121 128/132/126
s 12
f 135/135/129 142/136/130 143/137/131 134/138/132
f 137/139/133 144/140/134 145/141/135 136/142/136
f 141/143/137 129/144/138 132/145/139 140/146/140
f 130/147/141 131/148/142 133/149/143
f 136/142/136 139/150/144 138/151/145 137/139/133
f 139/150/144 141/143/137 140/146/140 138/151/145
f 142/136/130 131/148/142 130/147/141 143/137/131
f 144/140/134 135/135/129 134/138/132 145/141/135
s 14
f 152/152/146 151/153/147 147/154/148 148/155/149
f 154/156/150 153/157/151 156/158/152 155/159/153
f 160/160/154 159/161/155 149/162/156 146/163/157
f 147/154/148 150/164/158 148/155/149
f 155/159/153 156/158/152 151/153/147 152/152/146
f 153/157/151 154/156/150 157/165/159 158/166/160
f 158/166/160 157/165/159 159/161/155 160/160/154
s 17
f 161/167/161 167/168/162 166/169/163 165/170/164
f 162/171/165 168/172/166 173/173/167 172/174/168
f 163/175/169 169/176/170 175/177/171 174/178/172
f 164/179/173 170/180/174 177/181/175 176/182/176
f 165/170/164 166/169/163 171/183/177
f 172/174/168 173/173/167 167/168/162 161/167/161
f 174/178/172 175/177/171 168/172/166 162/171/165
f 176/182/176 177/181/175 169/176/170 163/175/169
s 20
f 184/184/178 180/185/179 179/186/180 183/187/181
f 186/188/182 187/189/183 188/190/184 185/191/185
f 192/192/186 178/193/187 181/194/188 191/195/189
f 179/186/180 180/185/179 182/196/190
f 187/189/183 184/184/178 183/187/181 188/190/184
f 185/191/185 190/197/191 189/198/192 186/188/182
f 190/197/191 192/192/186 191/195/189 189/198/192
s 22
f 199/199/193 195/200/194 194/201/195 198/202/196
f 201/203/197 202/204/198 203/205/199 200/206/200
f 207/207/201 193/208/202 196/209/203 206/210/204
f 194/201/195 195/200/194 197/211/205
f 202/204/198 199/199/193 198/202/196 203/205/199
f 200/206/200 205/212/206 204/213/207 201/203/197
f 205/212/206 207/207/201 206/210/204 204/213/207
s 24
f 214/214/208 213/215/209 222/216/210 221/217/211
f 216/218/212 215/219/213 224/220/214 223/221/215
f 220/222/216 219/223/217 211/224/218 208/225/219
f 209/226/220 212/227/221 210/228/222
f 215/219/213 216/218/212 217/229/223 218/230/224
f 218/230/224 217/229/223 219/223/217 220/222/216
f 221/217/211 222/216/210 209/226/220 210/228/222
f 223/221/215 224/220/214 213/215/209 214/214/208
s 27
f 225/231/225 229/232/226 230/233/227 231/234/228
f 226/235/229 236/236/230 237/237/231 232/238/232
f 227/239/233 238/240/234 239/241/235 233/242/236
f 228/243/237 240/244/238 241/245/239 234/246/240
f 229/232/226 235/247/241 230/233/227
f 236/236/230 225/231/225 231/234/228 237/237/231
f 238/240/234 226/235/229 232/238/232 239/241/235
f 240/244/238 227/239/233 233/242/236 241/245/239
s 28
f 248/248/242 247/249/243 243/250/244 244/251/245
f 250/252/246 249/253/247 252/254/248 251/255/249
f 256/256/250 255/257/251 245/258/252 242/259/253
f 243/250/244 246/260/254 244/251/245
f 251/255/249 252/254/248 247/249/243 248/248/242
f 249/253/247 250/252/246 253/261/255 254/262/256
f 254/262/256 253/261/255 255/257/251 256/256/250
s 31
f 262/263/257 267/264/258 266/265/259 261/266/260
f 263/267/261 267/264/258 262/263/257
f 267/264/258 268/268/262 266/265/259
f 269/269/263 257/270/264 258/271/265 268/268/262
f 259/272/266 266/265/259 268/268/262 258/271/265
f 266/265/259 259/272/266 260/273/267 261/266/260
f 267/264/258 264/274/268 265/275/269 268/268/262
f 264/274/268 267/264/258 263/267/261
f 274/276/270 270/277/271 265/275/269 264/274/268
f 271/278/272 265/275/269 270/277/271
f 273/279/273 271/278/272 270/277/271 274/276/270
f 269/269/263 271/278/272 272/280/274 257/270/264
f 271/278/272 273/279/273 272/280/274
f 271/278/272 269/269/263 268/268/262 265/275/269
f 276/281/275 275/282/276 280/283/277 281/284/278
f 277/285/279 276/281/275 281/284/278
f 281/284/278 280/283/277 282/286/280
f 283/287/281 282/286/280 258/288/265 257/289/264
f 259/290/266 258/288/265 282/286/280 280/283/277
f 280/283/277 275/282/276 260/291/267 259/290/266
f 281/284/278 282/286/280 279/292/282 278/293/283
f 278/293/283 277/285/279 281/284/278
f 286/294/284 278/293/283 279/292/282 284/295/285
f 285/296/286 284/295/285 279/292/282
f 273/297/273 286/294/284 284/295/285 285/296/286
f 283/287/281 257/289/264 272/298/274 285/296/286
f 285/296/286 272/298/274 273/297/273
f 285/296/286 279/292/282 282/286/280 283/287/281
s 33
f 292/299/287 291/300/288 296/301/289 297/302/290
f 293/303/291 292/299/287 297/302/290
f 297/302/290 296/301/289 298/304/292
f 299/305/293 298/304/292 288/306/294 287/307/295
f 289/308/296 288/306/294 298/304/292 296/301/289
f 296/301/289 291/300/288 290/309/297 289/308/296
f 297/302/290 298/304/292 295/310/298 294/311/299
f 294/311/299 293/303/291 297/302/290
f 304/312/300 294/311/299 295/310/298 300/313/301
f 301/314/302 300/313/301 295/310/298
f 303/315/303 304/312/300 300/313/301 301/314/302
f 299/305/293 287/307/295 302/316/304 301/314/302
f 301/314/302 302/316/304 303/315/303
f 301/314/302 295/310/298 298/304/292 299/305/293
f 306/317/305 311/318/306 310/319/307 305/320/308
f 307/321/309 311/318/306 306/317/305
f 311/318/306 312/322/310 310/319/307
f 313/323/311 287/324/295 288/325/294 312/322/310
f 289/326/296 310/319/307 312/322/310 288/325/294
f 310/319/307 289/326/296 290/327/297 305/320/308
f 311/318/306 308/328/312 309/329/313 312/322/310
f 308/328/312 311/318/306 307/321/309
f 316/330/314 314/331/315 309/329/313 308/328/312
f 315/332/316 309/329/313 314/331/315
f 303/333/303 315/332/316 314/331/315 316/330/314
f 313/323/311 315/332/316 302/334/304 287/324/295
f 315/332/316 303/333/303 302/334/304
f 315/332/316 313/323/311 312/322/310 309/329/313
s 36
f 322/335/317 327/336/318 326/337/319 321/338/320
f 323/339/321 327/336/318 322/335/317
f 327/336/318 328/340/322 326/337/319
f 329/341/323 317/342/324 318/343/325 328/340/322
f 319/344/326 326/337/319 328/340/322 318/343/325
f 326/337/319 319/344/326 320/345/327 321/338/320
f 327/336/318 324/346/328 325/347/329 328/340/322
f 324/346/328 327/336/318 323/339/321
f 334/348/330 330/349/331 325/347/329 324/346/328
f 331/350/332 325/347/329 330/349/331
f 333/351/333 331/350/332 330/349/331 334/348/330
f 329/341/323 331/350/332 332/352/334 317/342/324
f 331/350/332 333/351/333 332/352/334
f 331/350/332 329/341/323 328/340/322 325/347/329
f 336/353/335 335/354/336 340/355/337 341/356/338
f 337/357/339 336/353/335 341/356/338
f 341/356/338 340/355/337 342/358/340
f 343/359/341 342/358/340 318/360/325 317/361/324
f 319/362/326 318/360/325 342/358/340 340/355/337
f 340/355/337 335/354/336 320/363/327 319/362/326
f 341/356/338 342/358/340 339/364/342 338/365/343
f 338/365/343 337/357/339 341/356/338
f 346/366/344 338/365/343 339/364/342 344/367/345
f 345/368/346 344/367/345 339/364/342
f 333/369/333 346/366/344 344/367/345 345/368/346
f 343/359/341 317/361/324 332/370/334 345/368/346
f 345/368/346 332/370/334 333/369/333
f 345/368/346 339/364/342 342/358/340 343/359/341
s 38
f 352/371/347 351/372/348 356/373/349 357/374/350
f 353/375/351 352/371/347 357/374/350
f 357/374/350 356/373/349 358/376/352
f 359/377/353 358/376/352 348/378/354 347/379/355
f 349/380/356 348/378/354 358/376/352 356/373/349
f 356/373/349 351/372/348 350/381/357 349/380/356
f 357/374/350 358/376/352 355/382/358 354/383/359
f 354/383/359 353/375/351 357/374/350
f 364/384/360 354/383/359 355/382/358 360/385/361
f 361/386/362 360/385/361 355/382/358
f 363/387/363 364/384/360 360/385/361 361/386/362
f 359/377/353 347/379/355 362/388/364 361/386/362
f 361/386/362 362/388/364 363/387/363
f 361/386/362 355/382/358 358/376/352 359/377/353
f 366/389/365 371/390/366 370/391/367 365/392/368
f 367/393/369 371/390/366 366/389/365
f 371/390/366 372/394/370 370/391/367
f 373/395/371 347/396/355 348/397/354 372/394/370
f 349/398/356 370/391/367 372/394/370 348/397/354
f 370/391/367 349/398/356 350/399/357 365/392/368
f 371/390/366 368/400/372 369/401/373 372/394/370
f 368/400/372 371/390/366 367/393/369
f 376/402/374 374/403/375 369/401/373 368/400/372
f 375/404/376 369/401/373 374/403/375
f 363/405/363 375/404/376 374/403/375 376/402/374
f 373/395/371 375/404/376 362/406/364 347/396/355
f 375/404/376 363/405/363 362/406/364
f 375/404/376 373/395/371 372/394/370 369/401/373
s 41
f 377/407/377 383/408/378 382/409/379 381/410/380
f 378/411/381 384/412/382 389/413/383 388/414/384
f 379/415/385 385/416/386 391/417/387 390/418/388
f 380/419/389 386/420/390 393/421/391 392/422/392
f 381/410/380 382/409/379 387/423/393
f 388/414/384 389/413/383 383/408/378 377/407/377
f 390/418/388 391/417/387 384/412/382 378/411/381
f 392/422/392 393/421/391 385/416/386 379/415/385
s 44
f 400/424/394 407/425/395 408/426/396 399/427/397
f 402/428/398 409/429/399 410/430/400 401/431/401
f 406/432/402 394/433/403 397/434/404 405/435/405
f 395/436/406 396/437/407 398/438/408
f 401/431/401 404/439/409 403/440/410 402/428/398
f 404/439/409 406/432/402 405/435/405 403/440/410
f 407/425/395 396/437/407 395/436/406 408/426/396
f 409/429/399 400/424/394 399/427/397 410/430/400
s 46
f 417/441/411 416/442/412 412/443/413 413/444/414
f 419/445/415 418/446/416 421/447/417 420/448/418
f 425/449/419 424/450/420 414/451/421 411/452/422
f 412/443/413 415/453/423 413/444/414
f 420/448/418 421/447/417 416/442/412 417/441/411
f 418/446/416 419/445/415 422/454/424 423/455/425
f 423/455/425 422/454/424 424/450/420 425/449/419
s 49
f 432/456/426 428/457/427 427/458/428 431/459/429
f 434/460/430 435/461/431 436/462/432 433/463/433
f 440/464/434 426/465/435 429/466/436 439/467/437
f 427/458/428 428/457/427 430/468/438
f 435/461/431 432/456/426 431/459/429 436/462/432
f 433/463/433 438/469/439 437/470/440 434/460/430
f 438/469/439 440/464/434 439/467/437 437/470/440
s 51
f 447/471/441 446/472/442 455/473/443 454/474/444
f 449/475/445 448/476/446 457/477/447 456/478/448
f 453/479/449 452/480/450 444/481/451 441/482/452
f 442/483/453 445/484/454 443/485/455
f 448/476/446 449/475/445 450/486/456 451/487/457
f 451/487/457 450/486/456 452/480/450 453/479/449
f 454/474/444 455/473/443 442/483/453 443/485/455
f 456/478/448 457/477/447 446/472/442 447/471/441
s 54
f 458/488/458 462/489/459 463/490/460 464/491/461
f 459/492/462 469/493/463 470/494/464 465/495/465
f 460/496/466 471/497/467 472/498/468 466/499/469
f 461/500/470 473/501/471 474/502/472 467/503/473
f 462/489/459 468/504/474 463/490/460
f 469/493/463 458/488/458 464/491/461 470/494/464
f 471/497/467 459/492/462 465/495/465 472/498/468
f 473/501/471 460/496/466 466/499/469 474/502/472
s 55
f 478/505/475 475/506/476 476/507/477 477/508/478
f 480/509/479 479/510/480 475/506/476 478/505/475
f 481/511/481 479/510/480 480/509/479
s 56
f 487/512/482 498/513/483 500/514/484 484/515/485
s 57
f 494/516/486 482/517/487 483/518/488 495/519/489
f 489/520/490 488/521/491 491/522/492 492/523/493
f 492/523/493 491/522/492 494/516/486 495/519/489
s 56
f 490/524/494 493/525/495 499/526/496
f 499/527/496 493/525/495 496/528/497 497/529/498
f 496/528/497 484/515/485 500/530/484 497/531/498
s 57
f 485/532/499 486/533/500 483/518/488 482/517/487
s 59
f 504/534/501 501/535/502 502/536/503 503/537/504
f 505/538/505 501/535/502 504/534/501 506/539/506
f 510/540/507 507/541/508 508/542/509 509/543/510
f 509/543/510 508/542/509 505/538/505 506/539/506
s 60
f 516/544/511 517/545/512 511/546/513 514/547/514
f 518/548/515 512/549/516 511/546/513 517/545/512
f 519/550/517 513/551/518 512/549/516 518/548/515
f 519/550/517 520/552/519 515/553/520 513/551/518
s 61
f 527/554/521 524/555/522 521/556/523 526/557/524
f 528/558/525 526/557/524 521/556/523 522/559/526
f 529/560/527 528/558/525 522/559/526 523/561/528
f 529/560/527 523/561/528 525/562/529 530/563/530
s 62
f 539/564/531 540/565/532 533/566/533 531/567/534
f 541/568/535 539/564/531 531/567/534 532/569/536
f 536/570/537 542/571/538 543/572/539 535/573/540
f 535/573/540 543/572/539 544/574/541 537/575/542
f 545/576/543 541/568/535 532/569/536 538/577/544
f 537/575/542 544/574/541 546/578/545 534/579/546
f 534/579/546 546/578/545 545/576/543 538/577/544
s 64
f 556/580/547 547/581/548 549/582/549 555/583/550
f 557/584/551 548/585/552 547/581/548 556/580/547
f 552/586/553 551/587/554 558/588/555 559/589/556
f 551/587/554 553/590/557 560/591/558 558/588/555
f 561/592/559 554/593/560 548/585/552 557/584/551
f 553/590/557 550/594/561 562/595/562 560/591/558
f 550/594/561 554/593/560 561/592/559 562/595/562
s 66
f 568/596/563 569/597/564 566/598/565 565/599/566
f 567/600/567 566/598/565 569/597/564 570/601/568
f 571/602/569 568/596/563 565/599/566 564/603/570
f 571/602/569 564/603/570 563/604/571 572/605/572
s 67
f 579/606/573 575/607/574 576/608/575 578/609/576
f 577/610/577 580/611/578 578/609/576 576/608/575
f 581/612/579 574/613/580 575/607/574 579/606/573
f 581/612/579 582/614/581 573/615/582 574/613/580
s 68
f 584/616/583 588/617/584 589/618/585 585/619/586
f 583/620/587 590/621/588 588/617/584 584/616/583
f 586/622/589 591/623/590 592/624/591 587/625/592
f 591/623/590 586/622/589 585/619/586 589/618/585
s 69
f 594/626/593 595/627/594 598/628/595 599/629/596
f 593/630/597 594/626/593 599/629/596 600/631/598
f 596/632/599 597/633/600 601/634/601 602/635/602
f 602/635/602 598/628/595 595/627/594 596/632/599
s 70
f 603/636/603 608/637/604 609/638/605 605/639/606
f 606/640/607 605/639/606 609/638/605 610/641/608
f 611/642/609 608/637/604 603/636/603 604/643/610
f 607/644/611 612/645/612 611/642/609 604/643/610
s 71
f 613/646/613 615/647/614 618/648/615 619/649/616
f 616/650/617 620/651/618 618/648/615 615/647/614
f 621/652/619 614/653/620 613/646/613 619/649/616
f 617/654/621 614/653/620 621/652/619 622/655/622
s 72
f 628/656/623 629/657/624 624/658/625 623/659/626
f 629/657/624 630/660/627 625/661/628 624/658/625
f 630/660/627 631/662/629 626/663/630 625/661/628
f 631/662/629 632/664/631 627/665/632 626/663/630
s 73
f 639/666/633 633/667/634 634/668/635 638/669/636
f 638/669/636 634/668/635 635/670/637 640/671/638
f 640/671/638 635/670/637 636/672/639 641/673/640
f 641/673/640 636/672/639 637/674/641 642/675/642
s 74
f 648/676/643 647/677/644 644/678/645 645/679/646
f 649/680/647 650/681/648 648/676/643 645/679/646
f 666/682/649 657/683/650 649/680/647 645/679/646
f 667/684/651 666/682/649 645/679/646 644/678/645
f 643/685/652 644/678/645 647/677/644 646/686/653
f 668/687/654 667/684/651 644/678/645 643/685/652
f 653/688/655 643/685/652 646/686/653 654/689/656
f 653/688/655 654/689/656 651/690/657 652/691/658
f 669/692/659 668/687/654 643/685/652 653/688/655
f 669/692/659 653/688/655 652/691/658 670/693/660
f 656/694/661 652/691/658 651/690/657 655/695/662
f 659/696/663 658/697/664 657/683/650 666/682/649
f 666/682/649 667/684/651 660/698/665 659/696/663
f 663/699/666 662/700/667 669/692/659 670/693/660
f 661/701/668 660/698/665 667/684/651 668/687/654
f 668/687/654 669/692/659 662/700/667 661/701/668
f 682/702/669 658/703/664 659/704/663 671/705/670
f 672/706/671 671/707/670 659/696/663 660/698/665
f 673/708/672 672/706/671 660/698/665 661/701/668
f 676/709/673 675/710/674 663/699/666 664/711/675
f 664/711/675 677/712/676 676/709/673
f 665/713/677 664/711/675 663/699/666 670/693/660
f 683/714/678 677/712/676 664/711/675 665/713/677
f 670/693/660 652/691/658 656/694/661 665/713/677
f 675/715/674 676/716/673 677/717/676 678/718/679
f 674/719/680 662/700/667 663/699/666 675/710/674
f 674/719/680 673/708/672 661/701/668 662/700/667
f 679/720/681 674/721/680 675/715/674 678/718/679
f 680/722/682 673/723/672 674/721/680 679/720/681
f 672/724/671 673/723/672 680/722/682 681/725/683
f 681/725/683 680/722/682 686/726/684
f 681/725/683 682/702/669 671/705/670 672/724/671
f 678/718/679 677/717/676 683/727/678 684/728/685
f 685/729/686 679/720/681 678/718/679 684/728/685
f 686/726/684 680/722/682 679/720/681 685/729/686
s 76
f 693/730/687 694/731/688 695/732/689
f 693/730/687 691/733/690 692/734/691 694/731/688
f 700/735/692 699/736/693 688/737/694 689/738/695
f 698/739/696 694/731/688 700/735/692 701/740/697
f 700/735/692 694/731/688 692/734/691 699/736/693
f 696/741/698 695/732/689 694/731/688 698/739/696
f 700/735/692 689/738/695 697/742/699 701/740/697
f 692/734/691 691/733/690 690/743/700
f 702/744/701 699/736/693 692/734/691 690/743/700
f 702/744/701 687/745/702 688/737/694 699/736/693
f 693/730/687 695/732/689 703/746/703
f 704/747/704 703/746/703 695/732/689 696/741/698
f 693/730/687 709/748/705 708/749/706
f 693/730/687 708/749/706 707/750/707 691/733/690
f 714/751/708 706/752/709 705/753/710 713/754/711
f 712/755/712 715/756/713 714/751/708 708/749/706
f 714/751/708 713/754/711 707/750/707 708/749/706
f 710/757/714 712/755/712 708/749/706 709/748/705
f 714/751/708 715/756/713 711/758/715 706/752/709
f 707/750/707 690/743/700 691/733/690
f 702/744/701 690/743/700 707/750/707 713/754/711
f 702/744/701 713/754/711 705/753/710 687/745/702
f 693/730/687 703/746/703 709/748/705
f 704/747/704 710/757/714 709/748/705 703/746/703
s off
f 716/759/716 717/760/717 718/761/718 719/762/719
f 720/763/720 721/764/721 722/765/722 723/766/723
s 78
f 741/767/724 726/768/725 727/769/726 742/770/727
f 750/771/728 753/772/729 752/773/730 756/774/731
f 758/775/732 750/776/728 756/777/731
f 758/775/732 730/778/733 724/779/734 750/776/728
f 759/780/735 758/775/732 756/777/731 749/781/736
f 731/782/737 730/778/733 758/775/732 765/783/738
f 765/783/738 758/775/732 759/780/735 764/784/739
f 766/785/740 732/786/741 731/782/737 765/783/738
f 767/787/742 766/785/740 765/783/738 764/784/739
f 767/787/742 764/784/739 759/780/735 763/788/743
f 733/789/744 732/786/741 766/785/740 768/790/745
f 768/790/745 766/785/740 767/787/742
f 753/772/729 750/771/728 724/791/734 725/792/746
f 751/793/747 752/773/730 753/772/729 725/792/746
f 729/794/748 757/795/749 751/793/747 735/796/750
f 726/768/725 741/767/724 757/795/749 729/794/748
f 735/796/750 751/793/747 725/792/746
f 816/797/751 742/770/727 727/769/726 814/798/752
f 748/799/753 749/800/736 756/774/731 752/773/730
f 747/801/754 748/799/753 752/773/730 751/793/747
f 746/802/755 747/801/754 751/793/747 757/795/749
f 773/803/756 772/804/757 747/801/754 746/802/755
f 754/805/758 746/802/755 757/795/749 741/767/724
f 774/806/759 773/803/756 746/802/755 754/805/758
f 755/807/760 754/805/758 741/767/724 742/770/727
f 775/808/761 774/806/759 754/805/758 755/807/760
f 755/807/760 742/770/727 815/809/762 740/810/763
f 744/811/764 740/810/763 743/812/765 745/813/766
f 776/814/767 740/810/763 744/811/764
f 776/814/767 775/808/761 755/807/760 740/810/763
f 771/815/768 748/799/753 747/801/754 772/804/757
f 769/816/769 768/790/745 767/787/742 763/788/743
f 734/817/770 733/789/744 768/790/745 769/816/769
f 769/816/769 763/788/743 770/818/771
f 769/816/769 770/818/771 737/819/772 736/820/773
f 736/820/773 734/817/770 769/816/769
f 760/821/774 749/800/736 748/799/753 771/815/768
f 759/780/735 749/781/736 760/822/774 761/823/775
f 763/788/743 759/780/735 761/823/775 762/824/776
f 770/818/771 763/788/743 762/824/776 738/825/777
f 737/819/772 770/818/771 738/825/777 739/826/778
f 778/827/779 779/828/780 727/829/726 726/830/725
f 787/831/781 793/832/782 789/833/783 790/834/784
f 795/835/785 793/836/782 787/837/781
f 795/835/785 787/837/781 724/838/734 730/839/733
f 796/840/786 786/841/787 793/836/782 795/835/785
f 731/842/737 802/843/788 795/835/785 730/839/733
f 802/843/788 801/844/789 796/840/786 795/835/785
f 803/845/790 802/843/788 731/842/737 732/846/741
f 804/847/791 801/844/789 802/843/788 803/845/790
f 804/847/791 800/848/792 796/840/786 801/844/789
f 733/849/744 805/850/793 803/845/790 732/846/741
f 805/850/793 804/847/791 803/845/790
f 790/834/784 725/851/746 724/852/734 787/831/781
f 788/853/794 725/851/746 790/834/784 789/833/783
f 729/854/748 735/855/750 788/853/794 794/856/795
f 726/830/725 729/854/748 794/856/795 778/827/779
f 735/855/750 725/851/746 788/853/794
f 818/857/796 728/858/797 727/829/726 779/828/780
f 785/859/798 789/833/783 793/832/782 786/860/787
f 784/861/799 788/853/794 789/833/783 785/859/798
f 783/862/800 794/856/795 788/853/794 784/861/799
f 810/863/801 783/862/800 784/861/799 809/864/802
f 791/865/803 778/827/779 794/856/795 783/862/800
f 811/866/804 791/865/803 783/862/800 810/863/801
f 792/867/805 779/828/780 778/827/779 791/865/803
f 812/868/806 792/867/805 791/865/803 811/866/804
f 792/867/805 777/869/807 817/870/808 779/828/780
f 781/871/809 782/872/810 780/873/811 777/869/807
f 813/874/812 781/871/809 777/869/807
f 813/874/812 777/869/807 792/867/805 812/868/806
f 808/875/813 809/864/802 784/861/799 785/859/798
f 806/876/814 800/848/792 804/847/791 805/850/793
f 734/877/770 806/876/814 805/850/793 733/849/744
f 806/876/814 807/878/815 800/848/792
f 806/876/814 736/879/773 737/880/772 807/878/815
f 736/879/773 806/876/814 734/877/770
f 797/881/816 808/875/813 785/859/798 786/860/787
f 796/840/786 798/882/817 797/883/816 786/841/787
f 800/848/792 799/884/818 798/882/817 796/840/786
f 807/878/815 738/885/777 799/884/818 800/848/792
f 737/880/772 739/886/778 738/885/777 807/878/815
s 83
f 832/887/819 823/888/820 824/889/821 825/890/822
f 831/891/823 832/887/819 825/890/822 826/892/824
f 830/893/825 831/891/823 826/892/824 827/894/826
f 827/894/826 828/895/827 829/896/828 830/893/825
f 823/888/820 832/887/819 833/897/829 834/898/830
f 824/889/821 823/888/820 834/898/830 835/899/831
f 825/890/822 824/889/821 835/899/831 836/900/832
f 832/887/819 831/891/823 837/901/833 833/897/829
f 826/892/824 825/890/822 836/900/832 838/902/834
f 831/891/823 830/893/825 839/903/835 837/901/833
f 827/894/826 826/892/824 838/902/834 840/904/836
f 828/895/827 827/894/826 840/904/836 841/905/837
f 830/893/825 829/896/828 842/906/838 839/903/835
s 84
f 855/907/839 821/908/840 820/909/841
f 819/910/842 855/907/839 820/909/841
f 855/907/839 819/910/842 822/911/843
f 821/908/840 855/907/839 822/911/843
s 85
f 856/912/844 845/913/845 844/914/846
f 843/915/847 856/912/844 844/914/846
f 856/912/844 843/915/847 846/916/848
f 845/913/845 856/912/844 846/916/848
s 86
f 857/917/849 850/918/850 849/919/851
f 848/920/852 857/917/849 849/919/851
f 857/917/849 848/920/852 847/921/853
f 850/918/850 857/917/849 847/921/853
s 87
f 858/922/854 853/923/855 852/924/856
f 851/925/857 858/922/854 852/924/856
f 858/922/854 851/925/857 854/926/858
f 853/923/855 858/922/854 854/926/858
s 88
f 872/927/859 865/928/860 864/929/861 863/930/862
f 871/931/863 866/932/864 865/928/860 872/927/859
f 870/933/865 867/934/866 866/932/864 871/931/863
f 867/934/866 870/933/865 869/935/867 868/936/868
f 863/930/862 874/937/869 873/938/870 872/927/859
f 864/929/861 875/939/871 874/937/869 863/930/862
f 865/928/860 876/940/872 875/939/871 864/929/861
f 872/927/859 873/938/870 877/941/873 871/931/863
f 866/932/864 878/942/874 876/940/872 865/928/860
f 871/931/863 877/941/873 879/943/875 870/933/865
f 867/934/866 880/944/876 878/942/874 866/932/864
f 868/936/868 881/945/877 880/944/876 867/934/866
f 870/933/865 879/943/875 882/946/878 869/935/867
s 89
f 860/947/879 861/948/880 895/949/881
f 895/949/881 861/948/880 862/950/882
f 895/949/881 859/951/883 860/947/879
f 862/950/882 859/951/883 895/949/881
s 90
f 885/952/884 886/953/885 896/954/886
f 896/954/886 886/953/885 883/955/887
f 896/954/886 884/956/888 885/952/884
f 883/955/887 884/956/888 896/954/886
s 91
f 897/957/889 887/958/890 888/959/891
f 890/960/892 887/958/890 897/957/889
f 897/957/889 889/961/893 890/960/892
f 888/959/891 889/961/893 897/957/889
s 92
f 892/962/894 893/963/895 898/964/896
f 898/964/896 893/963/895 894/965/897
f 898/964/896 891/966/898 892/962/894
f 894/965/897 891/966/898 898/964/896
s 93
f 906/967/899 901/968/900 900/969/901 907/970/902
f 912/971/903 907/970/902 908/972/904 913/973/905
f 911/974/906 906/967/899 907/970/902 912/971/903
f 917/975/907 911/974/906 912/971/903 918/976/908
f 918/976/908 912/971/903 913/973/905 919/977/909
f 924/978/910 918/976/908 919/977/909 925/979/911
f 923/980/912 917/975/907 918/976/908 924/978/910
f 924/978/910 931/981/913 932/982/914 923/980/912
f 905/983/915 902/984/916 901/968/900 906/967/899
f 905/983/915 904/985/917 903/986/918 902/984/916
f 910/987/919 905/983/915 906/967/899 911/974/906
f 909/988/920 904/985/917 905/983/915 910/987/919
f 915/989/921 909/988/920 910/987/919 916/990/922
f 916/990/922 910/987/919 911/974/906 917/975/907
f 921/991/923 915/989/921 916/990/922 922/992/924
f 922/992/924 916/990/922 917/975/907 923/980/912
f 933/993/925 926/994/926 934/995/927
f 933/996/925 922/992/924 923/980/912 932/982/914
f 922/992/924 933/996/925 934/997/927 921/991/923
f 899/998/928 908/972/904 907/970/902 900/969/901
f 932/999/914 927/1000/929 926/994/926 933/993/925
f 928/1001/930 945/1002/931 943/1003/932 927/1000/929
f 931/1004/913 928/1001/930 927/1000/929 932/999/914
f 946/1005/933 929/1006/934 945/1002/931 928/1001/930
f 914/1007/935 920/1008/936 919/977/909 913/973/905
f 939/1009/937 908/972/904 899/998/928
f 939/1009/937 914/1007/935 913/973/905 908/972/904
f 930/1010/938 946/1005/933 928/1001/930 931/1004/913
f 925/979/911 930/1011/938 931/981/913 924/978/910
f 942/1012/939 930/1011/938 925/979/911
f 930/1010/938 942/1013/939 929/1006/934 946/1005/933
f 920/1008/936 942/1012/939 925/979/911 919/977/909
f 939/1009/937 942/1012/939 920/1008/936 914/1007/935
f 921/991/923 938/1014/940 937/1015/941 915/989/921
f 934/997/927 938/1014/940 921/991/923
f 904/985/917 935/1016/942 903/986/918
f 936/1017/943 935/1016/942 904/985/917 909/988/920
f 936/1017/943 937/1015/941 938/1014/940 935/1016/942
f 937/1015/941 936/1017/943 909/988/920 915/989/921
f 944/1018/944 940/1019/945 927/1000/929 943/1003/932
f 941/1020/946 926/994/926 927/1000/929 940/1019/945
f 949/1021/947 950/1022/948 940/1019/945 944/1018/944
f 950/1022/948 951/1023/949 941/1020/946 940/1019/945
f 954/1024/950 956/1025/951 953/1026/952 950/1022/948
f 948/1027/953 954/1024/950 950/1022/948 949/1021/947
f 954/1024/950 948/1027/953 947/1028/954 955/1029/955
f 956/1025/951 954/1024/950 955/1029/955 957/1030/956
f 953/1026/952 952/1031/957 951/1023/949 950/1022/948
f 965/1032/958 966/1033/959 959/1034/960 960/1035/961
f 971/1036/962 972/1037/963 967/1038/964 966/1033/959
f 970/1039/965 971/1036/962 966/1033/959 965/1032/958
f 976/1040/966 977/1041/967 971/1036/962 970/1039/965
f 977/1041/967 978/1042/968 972/1037/963 971/1036/962
f 983/1043/969 984/1044/970 978/1042/968 977/1041/967
f 982/1045/971 983/1043/969 977/1041/967 976/1040/966
f 983/1043/969 982/1045/971 991/1046/972 990/1047/973
f 964/1048/974 965/1032/958 960/1035/961 961/1049/975
f 964/1048/974 961/1049/975 962/1050/976 963/1051/977
f 969/1052/978 970/1039/965 965/1032/958 964/1048/974
f 968/1053/979 969/1052/978 964/1048/974 963/1051/977
f 974/1054/980 975/1055/981 969/1052/978 968/1053/979
f 975/1055/981 976/1040/966 970/1039/965 969/1052/978
f 980/1056/982 981/1057/983 975/1055/981 974/1054/980
f 981/1057/983 982/1045/971 976/1040/966 975/1055/981
f 992/1058/984 993/1059/985 985/1060/986
f 992/1061/984 991/1046/972 982/1045/971 981/1057/983
f 981/1057/983 980/1056/982 993/1062/985 992/1061/984
f 958/1063/987 959/1034/960 966/1033/959 967/1038/964
f 991/1064/972 992/1058/984 985/1060/986 986/1065/988
f 987/1066/989 986/1065/988 1002/1067/990 1004/1068/991
f 990/1069/973 991/1064/972 986/1065/988 987/1066/989
f 1005/1070/992 987/1066/989 1004/1068/991 988/1071/993
f 973/1072/994 972/1037/963 978/1042/968 979/1073/995
f 998/1074/996 958/1063/987 967/1038/964
f 998/1074/996 967/1038/964 972/1037/963 973/1072/994
f 989/1075/997 990/1069/973 987/1066/989 1005/1070/992
f 984/1044/970 983/1043/969 990/1047/973 989/1076/997
f 1001/1077/998 984/1044/970 989/1076/997
f 989/1075/997 1005/1070/992 988/1071/993 1001/1078/998
f 979/1073/995 978/1042/968 984/1044/970 1001/1077/998
f 998/1074/996 973/1072/994 979/1073/995 1001/1077/998
f 980/1056/982 974/1054/980 996/1079/999 997/1080/1000
f 993/1062/985 980/1056/982 997/1080/1000
f 963/1051/977 962/1050/976 994/1081/1001
f 995/1082/1002 968/1053/979 963/1051/977 994/1081/1001
f 995/1082/1002 994/1081/1001 997/1080/1000 996/1079/999
f 996/1079/999 974/1054/980 968/1053/979 995/1082/1002
f 1003/1083/1003 1002/1067/990 986/1065/988 999/1084/1004
f 1000/1085/1005 999/1084/1004 986/1065/988 985/1060/986
f 1008/1086/1006 1003/1083/1003 999/1084/1004 1009/1087/1007
f 1009/1087/1007 999/1084/1004 1000/1085/1005 1010/1088/1008
f 1011/1089/1009 1009/1087/1007 953/1090/952 956/1091/951
f 1007/1092/1010 1008/1086/1006 1009/1087/1007 1011/1089/1009
f 1011/1089/1009 1012/1093/1011 1006/1094/1012 1007/1092/1010
f 956/1091/951 957/1095/956 1012/1093/1011 1011/1089/1009
f 953/1090/952 1009/1087/1007 1010/1088/1008 952/1096/957
s 99
f 1018/1097/1013 1017/1098/1014 1022/1099/1015 1023/1100/1016
f 1019/1101/1017 1018/1097/1013 1023/1100/1016
f 1023/1100/1016 1022/1099/1015 1024/1102/1018
f 1025/1103/1019 1024/1102/1018 1014/1104/1020 1013/1105/1021
f 1015/1106/1022 1014/1104/1020 1024/1102/1018 1022/1099/1015
f 1022/1099/1015 1017/1098/1014 1016/1107/1023 1015/1106/1022
f 1023/1100/1016 1024/1102/1018 1021/1108/1024 1020/1109/1025
f 1020/1109/1025 1019/1101/1017 1023/1100/1016
f 1030/1110/1026 1020/1109/1025 1021/1108/1024 1026/1111/1027
f 1027/1112/1028 1026/1111/1027 1021/1108/1024
f 1029/1113/1029 1030/1110/1026 1026/1111/1027 1027/1112/1028
f 1025/1103/1019 1013/1105/1021 1028/1114/1030 1027/1112/1028
f 1027/1112/1028 1028/1114/1030 1029/1113/1029
f 1027/1112/1028 1021/1108/1024 1024/1102/1018 1025/1103/1019
f 1032/1115/1031 1037/1116/1032 1036/1117/1033 1031/1118/1034
f 1033/1119/1035 1037/1116/1032 1032/1115/1031
f 1037/1116/1032 1038/1120/1036 1036/1117/1033
f 1039/1121/1037 1013/1122/1021 1014/1123/1020 1038/1120/1036
f 1015/1124/1022 1036/1117/1033 1038/1120/1036 1014/1123/1020
f 1036/1117/1033 1015/1124/1022 1016/1125/1023 1031/1118/1034
f 1037/1116/1032 1034/1126/1038 1035/1127/1039 1038/1120/1036
f 1034/1126/1038 1037/1116/1032 1033/1119/1035
f 1042/1128/1040 1040/1129/1041 1035/1127/1039 1034/1126/1038
f 1041/1130/1042 1035/1127/1039 1040/1129/1041
f 1029/1131/1029 1041/1130/1042 1040/1129/1041 1042/1128/1040
f 1039/1121/1037 1041/1130/1042 1028/1132/1030 1013/1122/1021
f 1041/1130/1042 1029/1131/1029 1028/1132/1030
f 1041/1130/1042 1039/1121/1037 1038/1120/1036 1035/1127/1039
s 102
f 1044/1133/1043 1043/1134/1044 1055/1135/1045 1056/1136/1046
f 1045/1137/1047 1044/1133/1043 1056/1136/1046 1057/1138/1048
f 1046/1139/1049 1045/1137/1047 1057/1138/1048 1058/1140/1050
f 1047/1141/1051 1046/1139/1049 1058/1140/1050 1059/1142/1052
f 1048/1143/1053 1047/1141/1051 1059/1142/1052 1060/1144/1054
f 1049/1145/1055 1048/1143/1053 1060/1144/1054 1061/1146/1056
f 1050/1147/1057 1049/1145/1055 1061/1146/1056 1062/1148/1058
f 1051/1149/1059 1050/1147/1057 1062/1148/1058 1063/1150/1060
f 1052/1151/1061 1051/1149/1059 1063/1150/1060 1064/1152/1062
f 1053/1153/1063 1052/1151/1061 1064/1152/1062 1065/1154/1064
f 1054/1155/1065 1053/1153/1063 1065/1154/1064 1066/1156/1066
f 1043/1134/1044 1054/1155/1065 1066/1156/1066 1055/1135/1045
f 1056/1136/1046 1055/1135/1045 1067/1157/1067 1068/1158/1068
f 1057/1138/1048 1056/1136/1046 1068/1158/1068 1069/1159/1069
f 1058/1140/1050 1057/1138/1048 1069/1159/1069 1070/1160/1070
f 1059/1142/1052 1058/1140/1050 1070/1160/1070 1071/1161/1071
f 1060/1144/1054 1059/1142/1052 1071/1161/1071 1072/1162/1072
f 1061/1146/1056 1060/1144/1054 1072/1162/1072 1073/1163/1073
f 1062/1148/1058 1061/1146/1056 1073/1163/1073 1074/1164/1074
f 1063/1150/1060 1062/1148/1058 1074/1164/1074 1075/1165/1075
f 1064/1152/1062 1063/1150/1060 1075/1165/1075 1076/1166/1076
f 1065/1154/1064 1064/1152/1062 1076/1166/1076 1077/1167/1077
f 1066/1156/1066 1065/1154/1064 1077/1167/1077 1078/1168/1078
f 1055/1135/1045 1066/1156/1066 1078/1168/1078 1067/1157/1067
s 103
f 1080/1169/1079 1081/1170/1080 1087/1171/1081 1086/1172/1082
f 1088/1173/1083 1087/1171/1081 1081/1170/1080 1082/1174/1084
f 1079/1175/1085 1080/1169/1079 1086/1172/1082
f 1080/1169/1079 1079/1175/1085 1085/1176/1086
f 1081/1170/1080 1080/1169/1079 1085/1176/1086
f 1083/1177/1087 1082/1174/1084 1084/1178/1088
f 1088/1173/1083 1082/1174/1084 1083/1177/1087
f 1082/1174/1084 1081/1170/1080 1085/1176/1086 1084/1178/1088
f 1089/1179/1089 1092/1180/1090 1093/1181/1091 1090/1182/1092
f 1094/1183/1093 1091/1184/1094 1090/1182/1092 1093/1181/1091
f 1079/1175/1085 1092/1180/1090 1089/1179/1089
f 1089/1179/1089 1085/1176/1086 1079/1175/1085
f 1090/1182/1092 1085/1176/1086 1089/1179/1089
f 1083/1177/1087 1084/1178/1088 1091/1184/1094
f 1094/1183/1093 1083/1177/1087 1091/1184/1094
f 1091/1184/1094 1084/1178/1088 1085/1176/1086 1090/1182/1092
s 105
f 1098/1185/1095 1099/1186/1096 1096/1187/1097
f 1100/1188/1098 1101/1189/1099 1095/1190/1100 1097/1191/1101
f 1100/1188/1098 1097/1191/1101 1096/1187/1097 1099/1186/1096
s 106
f 1106/1192/1102 1103/1193/1103 1105/1194/1104
f 1108/1195/1105 1104/1196/1106 1102/1197/1107 1107/1198/1108
f 1108/1195/1105 1105/1194/1104 1103/1193/1103 1104/1196/1106
s 107
f 1114/1199/1109 1111/1200/1110 1109/1201/1111 1113/1202/1112
f 1115/1203/1113 1112/1204/1114 1111/1200/1110 1114/1199/1109
f 1116/1205/1115 1112/1204/1114 1115/1203/1113
f 1117/1206/1116 1110/1207/1117 1112/1204/1114 1116/1205/1115
s 108
f 1122/1208/1118 1123/1209/1119 1118/1210/1120 1120/1211/1121
f 1124/1212/1122 1122/1208/1118 1120/1211/1121 1121/1213/1123
f 1125/1214/1124 1124/1212/1122 1121/1213/1123
f 1126/1215/1125 1125/1214/1124 1121/1213/1123 1119/1216/1126
s 109
f 1133/1217/1127 1130/1218/1128 1128/1219/1129 1132/1220/1130
f 1134/1221/1131 1131/1222/1132 1130/1218/1128 1133/1217/1127
f 1132/1220/1130 1128/1219/1129 1127/1223/1133 1135/1224/1134
f 1136/1225/1135 1129/1226/1136 1131/1222/1132 1134/1221/1131
s 110
f 1142/1227/1137 1143/1228/1138 1138/1229/1139 1140/1230/1140
f 1144/1231/1141 1142/1227/1137 1140/1230/1140 1141/1232/1142
f 1143/1228/1138 1145/1233/1143 1137/1234/1144 1138/1229/1139
f 1146/1235/1145 1144/1231/1141 1141/1232/1142 1139/1236/1146
s 111
f 1153/1237/1147 1148/1238/1148 1147/1239/1149 1152/1240/1150
f 1154/1241/1151 1149/1242/1152 1148/1238/1148 1153/1237/1147
f 1155/1243/1153 1150/1244/1154 1149/1242/1152 1154/1241/1151
f 1156/1245/1155 1151/1246/1156 1150/1244/1154 1155/1243/1153
s 112
f 1162/1247/1157 1163/1248/1158 1157/1249/1159 1158/1250/1160
f 1164/1251/1161 1162/1247/1157 1158/1250/1160 1159/1252/1162
f 1165/1253/1163 1164/1251/1161 1159/1252/1162 1160/1254/1164
f 1166/1255/1165 1165/1253/1163 1160/1254/1164 1161/1256/1166
s 113
f 1178/1257/1167 1167/1258/1168 1168/1259/1169 1177/1260/1170
f 1168/1259/1169 1169/1261/1171 1176/1262/1172 1177/1260/1170
f 1169/1261/1171 1170/1263/1173 1175/1264/1174 1176/1262/1172
f 1170/1263/1173 1171/1265/1175 1174/1266/1176 1175/1264/1174
f 1171/1265/1175 1172/1267/1177 1173/1268/1178 1174/1266/1176
f 1180/1269/1179 1174/1266/1176 1173/1268/1178 1179/1270/1180
f 1181/1271/1181 1175/1264/1174 1174/1266/1176 1180/1269/1179
f 1182/1272/1182 1176/1262/1172 1175/1264/1174 1181/1271/1181
f 1183/1273/1183 1177/1260/1170 1176/1262/1172 1182/1272/1182
f 1184/1274/1184 1178/1257/1167 1177/1260/1170 1183/1273/1183
s 114
f 1192/1275/1185 1186/1276/1186 1185/1277/1187 1191/1278/1188
f 1193/1279/1189 1187/1280/1190 1186/1276/1186 1192/1275/1185
f 1194/1281/1191 1188/1282/1192 1187/1280/1190 1193/1279/1189
f 1195/1283/1193 1189/1284/1194 1188/1282/1192 1194/1281/1191
f 1189/1284/1194 1195/1283/1193 1196/1285/1195 1190/1286/1196
f 1198/1287/1197 1192/1275/1185 1191/1278/1188 1197/1288/1198
f 1199/1289/1199 1193/1279/1189 1192/1275/1185 1198/1287/1197
f 1200/1290/1200 1194/1281/1191 1193/1279/1189 1199/1289/1199
f 1201/1291/1201 1195/1283/1193 1194/1281/1191 1200/1290/1200
f 1202/1292/1202 1196/1285/1195 1195/1283/1193 1201/1291/1201
s 115
f 1210/1293/1203 1204/1294/1204 1203/1295/1205 1209/1296/1206
f 1211/1297/1207 1205/1298/1208 1204/1294/1204 1210/1293/1203
f 1212/1299/1209 1206/1300/1210 1205/1298/1208 1211/1297/1207
f 1213/1301/1211 1208/1302/1212 1206/1300/1210 1212/1299/1209
f 1208/1302/1212 1213/1301/1211 1214/1303/1213 1207/1304/1214
s 116
f 1221/1305/1215 1222/1306/1216 1215/1307/1217 1216/1308/1218
f 1223/1309/1219 1221/1305/1215 1216/1308/1218 1217/1310/1220
f 1224/1311/1221 1223/1309/1219 1217/1310/1220 1218/1312/1222
f 1225/1313/1223 1224/1311/1221 1218/1312/1222 1220/1314/1224
f 1220/1314/1224 1219/1315/1225 1226/1316/1226 1225/1313/1223
s 117
f 1228/1317/1227 1227/1318/1228 1233/1319/1229 1234/1320/1230
f 1234/1320/1230 1235/1321/1231 1229/1322/1232 1228/1317/1227
f 1235/1321/1231 1236/1323/1233 1230/1324/1234 1229/1322/1232
f 1236/1323/1233 1237/1325/1235 1231/1326/1236 1230/1324/1234
f 1237/1325/1235 1238/1327/1237 1232/1328/1238 1231/1326/1236
s 118
f 1246/1329/1239 1240/1330/1240 1239/1331/1241 1245/1332/1242
f 1247/1333/1243 1241/1334/1244 1240/1330/1240 1246/1329/1239
f 1248/1335/1245 1242/1336/1246 1241/1334/1244 1247/1333/1243
f 1249/1337/1247 1243/1338/1248 1242/1336/1246 1248/1335/1245
f 1244/1339/1249 1243/1338/1248 1249/1337/1247 1250/1340/1250
s 119
f 1252/1341/1251 1251/1342/1252 1257/1343/1253 1258/1344/1254
f 1253/1345/1255 1252/1341/1251 1258/1344/1254 1259/1346/1256
f 1254/1347/1257 1253/1345/1255 1259/1346/1256 1260/1348/1258
f 1256/1349/1259 1254/1347/1257 1260/1348/1258 1261/1350/1260
f 1255/1351/1261 1256/1349/1259 1261/1350/1260 1262/1352/1262
s 120
f 1264/1353/1263 1269/1354/1264 1270/1355/1265 1263/1356/1266
f 1265/1357/1267 1271/1358/1268 1269/1354/1264 1264/1353/1263
f 1266/1359/1269 1272/1360/1270 1271/1358/1268 1265/1357/1267
f 1268/1361/1271 1273/1362/1272 1272/1360/1270 1266/1359/1269
f 1267/1363/1273 1274/1364/1274 1273/1362/1272 1268/1361/1271
s 121
f 1282/1365/1275 1275/1366/1276 1276/1367/1277 1281/1368/1278
f 1281/1368/1278 1276/1367/1277 1277/1369/1279 1283/1370/1280
f 1283/1370/1280 1277/1369/1279 1278/1371/1281 1284/1372/1282
f 1284/1372/1282 1278/1371/1281 1279/1373/1283 1285/1374/1284
f 1285/1374/1284 1279/1373/1283 1280/1375/1285 1286/1376/1286
s 122
f 1293/1377/1287 1294/1378/1288 1288/1379/1289 1287/1380/1290
f 1294/1378/1288 1295/1381/1291 1289/1382/1292 1288/1379/1289
f 1295/1381/1291 1296/1383/1293 1290/1384/1294 1289/1382/1292
f 1296/1383/1293 1297/1385/1295 1291/1386/1296 1290/1384/1294
f 1297/1385/1295 1298/1387/1297 1292/1388/1298 1291/1386/1296
s 123
f 1306/1389/1299 1299/1390/1300 1300/1391/1301 1305/1392/1302
f 1307/1393/1303 1305/1392/1302 1300/1391/1301 1301/1394/1304
f 1308/1395/1305 1307/1393/1303 1301/1394/1304 1302/1396/1306
f 1309/1397/1307 1308/1395/1305 1302/1396/1306 1304/1398/1308
f 1310/1399/1309 1309/1397/1307 1304/1398/1308 1303/1400/1310
s 124
f 1317/1401/1311 1318/1402/1312 1312/1403/1313 1311/1404/1314
f 1319/1405/1315 1313/1406/1316 1312/1403/1313 1318/1402/1312
f 1320/1407/1317 1314/1408/1318 1313/1406/1316 1319/1405/1315
f 1321/1409/1319 1316/1410/1320 1314/1408/1318 1320/1407/1317
f 1322/1411/1321 1315/1412/1322 1316/1410/1320 1321/1409/1319
s 125
f 1330/1413/1323 1336/1414/1324 1337/1415/1325 1332/1416/1326
f 1333/1417/1327 1332/1416/1326 1337/1415/1325 1338/1418/1328
f 1331/1419/1329 1330/1413/1323 1332/1416/1326
f 1331/1419/1329 1332/1416/1326 1333/1417/1327 1326/1420/1330
f 1326/1420/1330 1333/1417/1327 1334/1421/1331
f 1345/1422/1332 1344/1423/1333 1331/1419/1329 1326/1420/1330
f 1349/1424/1334 1344/1423/1333 1345/1422/1332
f 1353/1425/1335 1352/1426/1336 1345/1422/1332 1326/1420/1330
f 1349/1424/1334 1345/1422/1332 1352/1426/1336 1351/1427/1337
f 1326/1420/1330 1334/1421/1331 1327/1428/1338 1343/1429/1339
f 1351/1427/1337 1352/1426/1336 1353/1425/1335 1354/1430/1340
f 1354/1430/1340 1353/1425/1335 1326/1420/1330 1343/1429/1339
f 1325/1431/1341 1324/1432/1342 1330/1413/1323 1331/1419/1329
f 1325/1431/1341 1331/1419/1329 1346/1433/1343
f 1346/1433/1343 1331/1419/1329 1344/1423/1333
f 1347/1434/1344 1346/1433/1343 1344/1423/1333
f 1348/1435/1345 1347/1434/1344 1344/1423/1333 1349/1424/1334
f 1350/1436/1346 1348/1435/1345 1349/1424/1334 1351/1427/1337
f 1350/1436/1346 1351/1427/1337 1354/1430/1340 1355/1437/1347
f 1329/1438/1348 1330/1413/1323 1324/1432/1342 1323/1439/1349
f 1335/1440/1350 1336/1414/1324 1330/1413/1323 1329/1438/1348
f 1338/1418/1328 1337/1415/1325 1340/1441/1351
f 1339/1442/1352 1338/1418/1328 1340/1441/1351
f 1336/1414/1324 1335/1440/1350 1340/1441/1351
f 1337/1415/1325 1336/1414/1324 1340/1441/1351
f 1341/1443/1353 1333/1417/1327 1338/1418/1328 1339/1442/1352
f 1342/1444/1354 1334/1421/1331 1333/1417/1327 1341/1443/1353
f 1328/1445/1355 1327/1428/1338 1334/1421/1331 1342/1444/1354
f 1360/1446/1356 1362/1447/1357 1366/1448/1358 1365/1449/1359
f 1363/1450/1360 1367/1451/1361 1366/1448/1358 1362/1447/1357
f 1361/1452/1362 1362/1447/1357 1360/1446/1356
f 1361/1452/1362 1358/1453/1363 1363/1450/1360 1362/1447/1357
f 1358/1453/1363 1364/1454/1364 1363/1450/1360
f 1370/1455/1365 1358/1453/1363 1361/1452/1362 1369/1456/1366
f 1374/1457/1367 1370/1455/1365 1369/1456/1366
f 1378/1458/1368 1358/1453/1363 1370/1455/1365 1377/1459/1369
f 1374/1457/1367 1376/1460/1370 1377/1459/1369 1370/1455/1365
f 1358/1453/1363 1368/1461/1371 1359/1462/1372 1364/1454/1364
f 1376/1460/1370 1379/1463/1373 1378/1458/1368 1377/1459/1369
f 1379/1463/1373 1368/1461/1371 1358/1453/1363 1378/1458/1368
f 1357/1464/1374 1361/1452/1362 1360/1446/1356 1356/1465/1375
f 1357/1464/1374 1371/1466/1376 1361/1452/1362
f 1371/1466/1376 1369/1456/1366 1361/1452/1362
f 1372/1467/1377 1369/1456/1366 1371/1466/1376
f 1373/1468/1378 1374/1457/1367 1369/1456/1366 1372/1467/1377
f 1375/1469/1379 1376/1460/1370 1374/1457/1367 1373/1468/1378
f 1375/1469/1379 1380/1470/1380 1379/1463/1373 1376/1460/1370
f 1329/1438/1348 1323/1471/1349 1356/1465/1375 1360/1446/1356
f 1335/1440/1350 1329/1438/1348 1360/1446/1356 1365/1449/1359
f 1367/1451/1361 1340/1441/1351 1366/1448/1358
f 1339/1442/1352 1340/1441/1351 1367/1451/1361
f 1365/1449/1359 1340/1441/1351 1335/1440/1350
f 1366/1448/1358 1340/1441/1351 1365/1449/1359
f 1341/1443/1353 1339/1442/1352 1367/1451/1361 1363/1450/1360
f 1342/1444/1354 1341/1443/1353 1363/1450/1360 1364/1454/1364
f 1328/1472/1355 1342/1444/1354 1364/1454/1364 1359/1462/1372
s 127
f 1395/1473/1381 1394/1474/1382 1391/1475/1383 1392/1476/1384
f 1396/1477/1385 1395/1473/1381 1392/1476/1384 1393/1478/1386
f 1398/1479/1387 1395/1473/1381 1396/1477/1385 1399/1480/1388
f 1394/1474/1382 1395/1473/1381 1398/1479/1387
f 1391/1475/1383 1390/1481/1389 1386/1482/1390 1387/1483/1391
f 1392/1476/1384 1391/1475/1383 1387/1483/1391 1388/1484/1392
f 1393/1478/1386 1392/1476/1384 1388/1484/1392 1389/1485/1393
f 1397/1486/1394 1396/1477/1385 1393/1478/1386 1389/1485/1393
f 1387/1483/1391 1386/1482/1390 1402/1487/1395 1403/1488/1396
f 1388/1484/1392 1387/1483/1391 1403/1488/1396 1404/1489/1397
f 1389/1485/1393 1388/1484/1392 1404/1489/1397 1405/1490/1398
f 1403/1488/1396 1402/1487/1395 1406/1491/1399 1407/1492/1400
f 1407/1492/1400 1406/1491/1399 1410/1493/1401 1411/1494/1402
f 1404/1489/1397 1403/1488/1396 1407/1492/1400 1408/1495/1403
f 1408/1495/1403 1407/1492/1400 1411/1494/1402 1412/1496/1404
f 1405/1490/1398 1404/1489/1397 1408/1495/1403 1409/1497/1405
f 1409/1497/1405 1408/1495/1403 1412/1496/1404 1413/1498/1406
f 1384/1499/1407 1406/1491/1399 1402/1487/1395 1383/1500/1408
f 1402/1487/1395 1386/1482/1390 1381/1501/1409 1383/1500/1408
f 1410/1493/1401 1406/1491/1399 1384/1499/1407 1385/1502/1410
f 1382/1503/1411 1381/1501/1409 1386/1482/1390 1390/1481/1389
f 1398/1479/1387 1399/1480/1388 1400/1504/1412 1401/1505/1413
f 1401/1505/1413 1400/1504/1412 1414/1506/1414
f 1394/1474/1382 1398/1479/1387 1401/1505/1413
f 1399/1480/1388 1396/1477/1385 1415/1507/1415 1416/1508/1416
f 1396/1477/1385 1397/1486/1394 1417/1509/1417 1415/1507/1415
f 1397/1486/1394 1389/1485/1393 1418/1510/1418 1417/1509/1417
f 1389/1485/1393 1405/1490/1398 1419/1511/1419 1418/1510/1418
f 1405/1490/1398 1409/1497/1405 1420/1512/1420 1419/1511/1419
f 1409/1497/1405 1413/1498/1406 1421/1513/1421 1420/1512/1420
f 1400/1504/1412 1399/1480/1388 1416/1508/1416 1422/1514/1422
f 1414/1506/1414 1400/1504/1412 1422/1514/1422 1423/1515/1423
f 1433/1516/1424 1430/1517/1425 1429/1518/1426 1432/1519/1427
f 1434/1520/1428 1431/1521/1429 1430/1517/1425 1433/1516/1424
f 1436/1522/1430 1437/1523/1431 1434/1520/1428 1433/1516/1424
f 1432/1519/1427 1436/1522/1430 1433/1516/1424
f 1429/1518/1426 1425/1524/1432 1424/1525/1433 1428/1526/1434
f 1430/1517/1425 1426/1527/1435 1425/1524/1432 1429/1518/1426
f 1431/1521/1429 1427/1528/1436 1426/1527/1435 1430/1517/1425
f 1435/1529/1437 1427/1528/1436 1431/1521/1429 1434/1520/1428
f 1425/1524/1432 1441/1530/1438 1440/1531/1439 1424/1525/1433
f 1426/1527/1435 1442/1532/1440 1441/1530/1438 1425/1524/1432
f 1427/1528/1436 1443/1533/1441 1442/1532/1440 1426/1527/1435
f 1441/1530/1438 1445/1534/1442 1444/1535/1443 1440/1531/1439
f 1445/1534/1442 1449/1536/1444 1448/1537/1445 1444/1535/1443
f 1442/1532/1440 1446/1538/1446 1445/1534/1442 1441/1530/1438
f 1446/1538/1446 1450/1539/1447 1449/1536/1444 1445/1534/1442
f 1443/1533/1441 1447/1540/1448 1446/1538/1446 1442/1532/1440
f 1447/1540/1448 1451/1541/1449 1450/1539/1447 1446/1538/1446
f 1384/1499/1407 1383/1500/1408 1440/1531/1439 1444/1535/1443
f 1440/1531/1439 1383/1500/1408 1381/1501/1409 1424/1525/1433
f 1448/1537/1445 1385/1502/1410 1384/1499/1407 1444/1535/1443
f 1382/1503/1411 1428/1526/1434 1424/1525/1433 1381/1501/1409
f 1436/1522/1430 1439/1542/1450 1438/1543/1451 1437/1523/1431
f 1439/1542/1450 1452/1544/1452 1438/1543/1451
f 1432/1519/1427 1439/1542/1450 1436/1522/1430
f 1437/1523/1431 1454/1545/1453 1453/1546/1454 1434/1520/1428
f 1434/1520/1428 1453/1546/1454 1455/1547/1455 1435/1529/1437
f 1435/1529/1437 1455/1547/1455 1456/1548/1456 1427/1528/1436
f 1427/1528/1436 1456/1548/1456 1457/1549/1457 1443/1533/1441
f 1443/1533/1441 1457/1549/1457 1458/1550/1458 1447/1540/1448
f 1447/1540/1448 1458/1550/1458 1459/1551/1459 1451/1541/1449
f 1438/1543/1451 1460/1552/1460 1454/1545/1453 1437/1523/1431
f 1452/1544/1452 1461/1553/1461 1460/1552/1460 1438/1543/1451
s 130
f 1468/1554/1462 1462/1555/1463 1463/1556/1464 1467/1557/1465
f 1480/1558/1466 1479/1559/1467 1475/1560/1468 1476/1561/1469
f 1471/1562/1470 1472/1563/1471 1468/1554/1462 1467/1557/1465
f 1462/1555/1463 1476/1561/1469 1475/1560/1468 1463/1556/1464
f 1482/1564/1472 1479/1559/1467 1480/1558/1466 1481/1565/1473
f 1486/1566/1474 1482/1564/1472 1481/1565/1473 1485/1567/1475
f 1487/1568/1476 1483/1569/1477 1482/1564/1472 1486/1566/1474
f 1464/1570/1478 1466/1571/1479 1467/1557/1465 1463/1556/1464
f 1470/1572/1480 1471/1562/1470 1467/1557/1465 1466/1571/1479
f 1475/1560/1468 1474/1573/1481 1464/1570/1478 1463/1556/1464
f 1479/1559/1467 1478/1574/1482 1474/1573/1481 1475/1560/1468
f 1483/1569/1477 1478/1574/1482 1479/1559/1467 1482/1564/1472
f 1493/1575/1483 1478/1574/1482 1483/1569/1477 1494/1576/1484
f 1499/1577/1485 1484/1578/1486 1477/1579/1487 1497/1580/1488
f 1499/1577/1485 1497/1580/1488 1493/1575/1483 1494/1576/1484
f 1500/1581/1489 1499/1577/1485 1494/1576/1484
f 1500/1581/1489 1494/1576/1484 1483/1569/1477 1487/1568/1476
f 1500/1581/1489 1488/1582/1490 1484/1578/1486 1499/1577/1485
f 1496/1583/1491 1474/1573/1481 1478/1574/1482 1493/1575/1483
f 1496/1583/1491 1497/1580/1488 1477/1579/1487 1473/1584/1492
f 1497/1580/1488 1496/1583/1491 1493/1575/1483
f 1498/1585/1493 1495/1586/1494 1466/1571/1479 1464/1570/1478
f 1496/1583/1491 1498/1585/1493 1464/1570/1478 1474/1573/1481
f 1465/1587/1495 1498/1585/1493 1496/1583/1491 1473/1584/1492
f 1469/1588/1496 1495/1586/1494 1498/1585/1493 1465/1587/1495
f 1495/1586/1494 1470/1572/1480 1466/1571/1479
f 1490/1589/1497 1503/1590/1498 1502/1591/1499 1489/1592/1500
f 1502/1591/1499 1503/1590/1498 1486/1566/1474 1485/1567/1475
f 1491/1593/1501 1504/1594/1502 1503/1590/1498 1490/1589/1497
f 1503/1590/1498 1504/1594/1502 1487/1568/1476 1486/1566/1474
f 1506/1595/1503 1505/1596/1504 1488/1582/1490 1500/1581/1489
f 1501/1597/1505 1506/1595/1503 1504/1594/1502 1491/1593/1501
f 1506/1595/1503 1501/1597/1505 1492/1598/1506 1505/1596/1504
f 1504/1594/1502 1506/1595/1503 1500/1581/1489 1487/1568/1476
f 1513/1599/1507 1512/1600/1508 1508/1601/1509 1507/1602/1510
f 1521/1603/1511 1517/1604/1512 1516/1605/1513 1520/1606/1514
f 1471/1562/1470 1512/1600/1508 1513/1599/1507 1472/1563/1471
f 1507/1602/1510 1508/1601/1509 1516/1605/1513 1517/1604/1512
f 1523/1607/1515 1522/1608/1516 1521/1603/1511 1520/1606/1514
f 1527/1609/1517 1526/1610/1518 1522/1608/1516 1523/1607/1515
f 1528/1611/1519 1527/1609/1517 1523/1607/1515 1524/1612/1520
f 1509/1613/1521 1508/1601/1509 1512/1600/1508 1511/1614/1522
f 1470/1572/1480 1511/1614/1522 1512/1600/1508 1471/1562/1470
f 1516/1605/1513 1508/1601/1509 1509/1613/1521 1515/1615/1523
f 1520/1606/1514 1516/1605/1513 1515/1615/1523 1519/1616/1524
f 1524/1612/1520 1523/1607/1515 1520/1606/1514 1519/1616/1524
f 1534/1617/1525 1535/1618/1526 1524/1612/1520 1519/1616/1524
f 1539/1619/1527 1537/1620/1528 1518/1621/1529 1525/1622/1530
f 1539/1619/1527 1535/1618/1526 1534/1617/1525 1537/1620/1528
f 1540/1623/1531 1535/1618/1526 1539/1619/1527
f 1540/1623/1531 1528/1611/1519 1524/1612/1520 1535/1618/1526
f 1540/1623/1531 1539/1619/1527 1525/1622/1530 1529/1624/1532
f 1536/1625/1533 1534/1617/1525 1519/1616/1524 1515/1615/1523
f 1536/1625/1533 1514/1626/1534 1518/1621/1529 1537/1620/1528
f 1537/1620/1528 1534/1617/1525 1536/1625/1533
f 1538/1627/1535 1509/1613/1521 1511/1614/1522 1495/1586/1494
f 1536/1625/1533 1515/1615/1523 1509/1613/1521 1538/1627/1535
f 1510/1628/1536 1514/1626/1534 1536/1625/1533 1538/1627/1535
f 1469/1588/1496 1510/1628/1536 1538/1627/1535 1495/1586/1494
f 1495/1586/1494 1511/1614/1522 1470/1572/1480
f 1531/1629/1537 1530/1630/1538 1542/1631/1539 1543/1632/1540
f 1542/1631/1539 1526/1610/1518 1527/1609/1517 1543/1632/1540
f 1532/1633/1541 1531/1629/1537 1543/1632/1540 1544/1634/1542
f 1543/1632/1540 1527/1609/1517 1528/1611/1519 1544/1634/1542
f 1546/1635/1543 1540/1623/1531 1529/1624/1532 1545/1636/1544
f 1541/1637/1545 1532/1633/1541 1544/1634/1542 1546/1635/1543
f 1546/1635/1543 1545/1636/1544 1533/1638/1546 1541/1637/1545
f 1544/1634/1542 1528/1611/1519 1540/1623/1531 1546/1635/1543
s 134
f 1550/1639/1547 1547/1640/1548 1548/1641/1549 1549/1642/1550
f 1550/1639/1547 1551/1643/1551 1552/1644/1552 1547/1640/1548
s off
f 1556/1645/1553 1553/1646/1554 1554/1647/1555 1555/1648/1556
s 134
f 1557/1649/1557 1552/1644/1552 1551/1643/1551 1558/1650/1558
f 1559/1651/1559 1557/1649/1557 1558/1650/1558 1560/1652/1560
s 135
f 1583/1653/1561 1582/1654/1562 1561/1655/1563 1562/1656/1564
f 1583/1653/1561 1576/1657/1565 1575/1658/1566 1582/1654/1562
f 1584/1659/1567 1583/1653/1561 1562/1656/1564 1563/1660/1568
f 1584/1659/1567 1577/1661/1569 1576/1657/1565 1583/1653/1561
s 136
f 1586/1662/1570 1585/1663/1571 1564/1664/1572 1565/1665/1573
f 1586/1662/1570 1579/1666/1574 1578/1667/1575 1585/1663/1571
s 137
f 1588/1668/1576 1587/1669/1577 1566/1670/1578 1567/1671/1579
f 1588/1668/1576 1581/1672/1580 1580/1673/1581 1587/1669/1577
s 135
f 1568/1674/1582 1575/1658/1566 1576/1657/1565 1569/1675/1583
f 1569/1675/1583 1576/1657/1565 1577/1661/1569 1570/1676/1584
s 136
f 1571/1677/1585 1578/1667/1575 1579/1666/1574 1572/1678/1586
s 137
f 1573/1679/1587 1580/1673/1581 1581/1672/1580 1574/1680/1588
s 135
f 1589/1681/1589 1568/1674/1582 1569/1675/1583 1590/1682/1590
f 1590/1682/1590 1569/1675/1583 1570/1676/1584
s 136
f 1591/1683/1591 1571/1677/1585 1572/1678/1586
s 137
f 1592/1684/1592 1573/1679/1587 1574/1680/1588 1593/1685/1593
s 138
f 1602/1686/1594 1594/1687/1595 1595/1688/1596 1596/1689/1597
f 1600/1690/1598 1601/1691/1599 1602/1686/1594
f 1602/1686/1594 1597/1692/1600 1598/1693/1601
f 1598/1693/1601 1599/1694/1602 1600/1690/1598 1602/1686/1594
f 1596/1689/1597 1597/1692/1600 1602/1686/1594
f 1602/1686/1594 1601/1691/1599 1594/1687/1595
s 139
f 1608/1695/1603 1609/1696/1604 1610/1697/1605 1611/1698/1606
f 1611/1698/1606 1610/1697/1605 1603/1699/1607 1604/1700/1608
f 1613/1701/1609 1611/1698/1606 1604/1700/1608
f 1608/1695/1603 1611/1698/1606 1613/1701/1609
f 1612/1702/1610 1613/1701/1609 1604/1700/1608 1605/1703/1611
f 1607/1704/1612 1608/1695/1603 1613/1701/1609 1612/1702/1610
f 1612/1702/1610 1605/1703/1611 1606/1705/1613
f 1606/1705/1613 1607/1704/1612 1612/1702/1610
s 140
f 1619/1706/1614 1622/1707/1615 1621/1708/1616 1620/1709/1617
f 1622/1707/1615 1615/1710/1618 1614/1711/1619 1621/1708/1616
f 1624/1712/1620 1615/1710/1618 1622/1707/1615
f 1619/1706/1614 1624/1712/1620 1622/1707/1615
f 1623/1713/1621 1616/1714/1622 1615/1710/1618 1624/1712/1620
f 1618/1715/1623 1623/1713/1621 1624/1712/1620 1619/1706/1614
f 1623/1713/1621 1617/1716/1624 1616/1714/1622
f 1617/1716/1624 1623/1713/1621 1618/1715/1623
s 141
f 1633/1717/1625 1627/1718/1626 1626/1719/1627 1625/1720/1628
f 1631/1721/1629 1633/1717/1625 1632/1722/1630
f 1633/1717/1625 1629/1723/1631 1628/1724/1632
f 1629/1723/1631 1633/1717/1625 1631/1721/1629 1630/1725/1633
f 1627/1718/1626 1633/1717/1625 1628/1724/1632
f 1633/1717/1625 1625/1720/1628 1632/1722/1630
s 143
f 1635/1726/1634 1639/1727/1635 1643/1728/1636 1640/1729/1637
f 1637/1730/1638 1636/1731/1639 1641/1732/1640 1634/1733/1641
f 1639/1727/1635 1638/1734/1642 1642/1735/1643 1643/1728/1636
f 1640/1729/1637 1641/1732/1640 1636/1731/1639 1635/1726/1634
f 1634/1736/1641 1642/1735/1643 1638/1734/1642 1637/1737/1638
s 144
f 1654/1738/1644 1661/1739/1645 1660/1740/1646 1653/1741/1647
f 1655/1742/1648 1662/1743/1649 1661/1739/1645 1654/1738/1644
f 1656/1744/1650 1663/1745/1651 1662/1743/1649 1655/1742/1648
f 1657/1746/1652 1664/1747/1653 1663/1748/1651 1656/1749/1650
f 1658/1750/1654 1664/1747/1653 1657/1746/1652 1651/1751/1655
f 1701/1752/1656 1702/1753/1657 1658/1750/1654 1651/1751/1655
f 1660/1740/1646 1659/1754/1658 1652/1755/1659 1653/1741/1647
f 1659/1754/1658 1702/1753/1657 1701/1752/1656 1652/1755/1659
f 1709/1756/1660 1687/1757/1661 1686/1758/1662 1708/1759/1663
f 1710/1760/1664 1688/1761/1665 1687/1757/1661 1709/1756/1660
f 1711/1762/1666 1689/1763/1667 1688/1761/1665 1710/1760/1664
f 1680/1764/1668 1709/1756/1660 1708/1759/1663 1679/1765/1669
f 1717/1766/1670 1680/1764/1668 1679/1765/1669 1716/1767/1671
f 1681/1768/1672 1710/1760/1664 1709/1756/1660 1680/1764/1668
f 1718/1769/1673 1681/1768/1672 1680/1764/1668 1717/1766/1670
f 1682/1770/1674 1711/1762/1666 1710/1760/1664 1681/1768/1672
f 1719/1771/1675 1682/1770/1674 1681/1768/1672 1718/1769/1673
f 1683/1772/1676 1712/1773/1677 1711/1762/1666 1682/1770/1674
f 1720/1774/1678 1683/1772/1676 1682/1770/1674 1719/1771/1675
f 1721/1775/1679 1684/1776/1680 1683/1777/1676 1720/1778/1678
f 1722/1779/1681 1685/1780/1682 1684/1776/1680 1721/1775/1679
f 1705/1781/1683 1723/1782/1684 1716/1767/1671 1679/1765/1669
f 1715/1783/1685 1705/1781/1683 1679/1765/1669 1708/1759/1663
f 1685/1780/1682 1705/1781/1683 1715/1783/1685 1714/1784/1686
f 1723/1782/1684 1705/1781/1683 1685/1780/1682 1722/1779/1681
f 1725/1785/1687 1724/1786/1688 1659/1754/1658 1660/1740/1646
f 1673/1787/1689 1717/1766/1670 1716/1767/1671 1672/1788/1690
f 1725/1785/1687 1673/1787/1689 1672/1788/1690 1724/1786/1688
f 1674/1789/1691 1718/1769/1673 1717/1766/1670 1673/1787/1689
f 1726/1790/1692 1674/1789/1691 1673/1787/1689 1725/1785/1687
f 1726/1790/1692 1725/1785/1687 1660/1740/1646 1661/1739/1645
f 1675/1791/1693 1719/1771/1675 1718/1769/1673 1674/1789/1691
f 1727/1792/1694 1675/1791/1693 1674/1789/1691 1726/1790/1692
f 1727/1792/1694 1726/1790/1692 1661/1739/1645 1662/1743/1649
f 1675/1791/1693 1676/1793/1695 1720/1774/1678 1719/1771/1675
f 1678/1794/1696 1722/1779/1681 1721/1775/1679 1677/1795/1697
f 1704/1796/1698 1731/1797/1699 1724/1786/1688 1672/1788/1690
f 1723/1782/1684 1704/1796/1698 1672/1788/1690 1716/1767/1671
f 1678/1794/1696 1704/1796/1698 1723/1782/1684 1722/1779/1681
f 1731/1797/1699 1704/1796/1698 1678/1794/1696 1730/1798/1700
f 1731/1797/1699 1730/1798/1700 1658/1750/1654 1702/1753/1657
f 1724/1786/1688 1731/1797/1699 1702/1753/1657 1659/1754/1658
f 1733/1799/1701 1732/1800/1702 1686/1758/1662 1687/1757/1661
f 1733/1799/1701 1694/1801/1703 1693/1802/1704 1732/1800/1702
f 1734/1803/1705 1733/1799/1701 1687/1757/1661 1688/1761/1665
f 1734/1803/1705 1695/1804/1706 1694/1801/1703 1733/1799/1701
f 1735/1805/1707 1734/1803/1705 1688/1761/1665 1689/1763/1667
f 1735/1805/1707 1696/1806/1708 1695/1804/1706 1734/1803/1705
f 1706/1807/1709 1715/1783/1685 1708/1759/1663 1686/1758/1662
f 1715/1783/1685 1706/1807/1709 1692/1808/1710 1714/1784/1686
f 1739/1809/1711 1706/1807/1709 1686/1758/1662 1732/1800/1702
f 1706/1807/1709 1739/1809/1711 1738/1810/1712 1692/1808/1710
f 1741/1811/1713 1740/1812/1714 1693/1802/1704 1694/1801/1703
f 1742/1813/1715 1741/1811/1713 1694/1801/1703 1695/1804/1706
f 1707/1814/1716 1739/1809/1711 1732/1800/1702 1693/1802/1704
f 1739/1809/1711 1707/1814/1716 1699/1815/1717 1738/1810/1712
f 1747/1816/1718 1707/1814/1716 1693/1802/1704 1740/1812/1714
f 1707/1814/1716 1747/1816/1718 1746/1817/1719 1699/1815/1717
f 1677/1795/1697 1721/1775/1679 1720/1778/1678 1676/1818/1695
f 1730/1798/1700 1729/1819/1720 1664/1747/1653 1658/1750/1654
f 1728/1820/1721 1727/1792/1694 1662/1743/1649 1663/1745/1651
f 1729/1819/1720 1728/1821/1721 1663/1748/1651 1664/1747/1653
f 1728/1820/1721 1676/1793/1695 1675/1791/1693 1727/1792/1694
f 1728/1821/1721 1729/1819/1720 1677/1795/1697 1676/1818/1695
f 1677/1795/1697 1729/1819/1720 1730/1798/1700 1678/1794/1696
f 1712/1773/1677 1690/1822/1722 1689/1763/1667 1711/1762/1666
f 1691/1823/1723 1713/1824/1724 1714/1784/1686 1692/1808/1710
f 1714/1784/1686 1713/1824/1724 1684/1776/1680 1685/1780/1682
f 1713/1824/1724 1712/1825/1677 1683/1777/1676 1684/1776/1680
f 1691/1823/1723 1690/1826/1722 1712/1825/1677 1713/1824/1724
f 1736/1827/1725 1735/1805/1707 1689/1763/1667 1690/1822/1722
f 1745/1828/1726 1698/1829/1727 1699/1815/1717 1746/1817/1719
f 1738/1810/1712 1737/1830/1728 1691/1823/1723 1692/1808/1710
f 1737/1830/1728 1736/1831/1725 1690/1826/1722 1691/1823/1723
f 1736/1827/1725 1697/1832/1729 1696/1806/1708 1735/1805/1707
f 1736/1831/1725 1737/1830/1728 1698/1829/1727 1697/1833/1729
f 1698/1829/1727 1737/1830/1728 1738/1810/1712 1699/1815/1717
f 1743/1834/1730 1742/1813/1715 1695/1804/1706 1696/1806/1708
f 1744/1835/1731 1743/1834/1730 1696/1806/1708 1697/1832/1729
f 1745/1828/1726 1744/1836/1731 1697/1833/1729 1698/1829/1727
f 1700/1837/1732 1701/1752/1656 1651/1751/1655 1644/1838/1733
f 1700/1837/1732 1645/1839/1734 1652/1755/1659 1701/1752/1656
f 1646/1840/1735 1653/1741/1647 1652/1755/1659 1645/1839/1734
f 1647/1841/1736 1654/1738/1644 1653/1741/1647 1646/1840/1735
f 1648/1842/1737 1655/1742/1648 1654/1738/1644 1647/1841/1736
f 1649/1843/1738 1656/1744/1650 1655/1742/1648 1648/1842/1737
f 1650/1844/1739 1657/1746/1652 1656/1749/1650 1649/1845/1738
f 1657/1746/1652 1650/1844/1739 1644/1838/1733 1651/1751/1655
f 1740/1812/1714 1665/1846/1740 1703/1847/1741 1747/1816/1718
f 1741/1811/1713 1666/1848/1742 1665/1846/1740 1740/1812/1714
f 1742/1813/1715 1667/1849/1743 1666/1848/1742 1741/1811/1713
f 1743/1834/1730 1668/1850/1744 1667/1849/1743 1742/1813/1715
f 1744/1835/1731 1669/1851/1745 1668/1850/1744 1743/1834/1730
f 1745/1828/1726 1670/1852/1746 1669/1853/1745 1744/1836/1731
f 1746/1817/1719 1671/1854/1747 1670/1852/1746 1745/1828/1726
f 1671/1854/1747 1746/1817/1719 1747/1816/1718 1703/1847/1741
f 1667/1849/1743 1775/1855/1748 1774/1856/1749 1666/1848/1742
f 1668/1850/1744 1776/1857/1750 1775/1855/1748 1667/1849/1743
f 1669/1851/1745 1777/1858/1751 1776/1857/1750 1668/1850/1744
f 1670/1852/1746 1778/1859/1752 1777/1860/1751 1669/1853/1745
f 1790/1861/1753 1782/1862/1754 1781/1863/1755 1789/1864/1756
f 1791/1865/1757 1783/1866/1758 1782/1862/1754 1790/1861/1753
f 1792/1867/1759 1784/1868/1760 1783/1866/1758 1791/1865/1757
f 1792/1867/1759 1791/1865/1757 1774/1856/1749 1775/1855/1748
f 1793/1869/1761 1785/1870/1762 1784/1868/1760 1792/1867/1759
f 1793/1869/1761 1792/1867/1759 1775/1855/1748 1776/1857/1750
f 1794/1871/1763 1786/1872/1764 1785/1870/1762 1793/1869/1761
f 1794/1871/1763 1793/1869/1761 1776/1857/1750 1777/1858/1751
f 1795/1873/1765 1787/1874/1766 1786/1875/1764 1794/1876/1763
f 1795/1873/1765 1794/1876/1763 1777/1860/1751 1778/1859/1752
f 1780/1877/1767 1788/1878/1768 1789/1864/1756 1781/1863/1755
f 1671/1854/1747 1779/1879/1769 1778/1859/1752 1670/1852/1746
f 1779/1879/1769 1788/1878/1768 1795/1873/1765 1778/1859/1752
f 1788/1878/1768 1780/1877/1767 1787/1874/1766 1795/1873/1765
f 1772/1880/1770 1789/1864/1756 1788/1878/1768 1779/1879/1769
f 1790/1861/1753 1773/1881/1771 1774/1856/1749 1791/1865/1757
f 1779/1879/1769 1671/1854/1747 1703/1847/1741 1772/1880/1770
f 1772/1880/1770 1703/1847/1741 1665/1846/1740 1773/1881/1771
f 1772/1880/1770 1773/1881/1771 1790/1861/1753 1789/1864/1756
f 1774/1856/1749 1773/1881/1771 1665/1846/1740 1666/1848/1742
f 1749/1882/1772 1796/1883/1773 1765/1884/1774
f 1796/1883/1773 1749/1882/1772 1748/1885/1775 1764/1886/1776
f 1749/1882/1772 1799/1887/1777 1798/1888/1778 1748/1885/1775
f 1798/1888/1778 1799/1887/1777 1700/1837/1732 1644/1838/1733
f 1766/1889/1779 1750/1890/1780 1749/1882/1772 1765/1884/1774
f 1750/1890/1780 1800/1891/1781 1799/1887/1777 1749/1882/1772
f 1800/1891/1781 1801/1892/1782 1646/1840/1735 1645/1839/1734
f 1799/1887/1777 1800/1891/1781 1645/1839/1734 1700/1837/1732
f 1767/1893/1783 1751/1894/1784 1750/1890/1780 1766/1889/1779
f 1751/1894/1784 1801/1892/1782 1800/1891/1781 1750/1890/1780
f 1801/1892/1782 1802/1895/1785 1647/1841/1736 1646/1840/1735
f 1768/1896/1786 1752/1897/1787 1751/1894/1784 1767/1893/1783
f 1752/1897/1787 1802/1895/1785 1801/1892/1782 1751/1894/1784
f 1802/1895/1785 1803/1898/1788 1648/1842/1737 1647/1841/1736
f 1769/1899/1789 1753/1900/1790 1752/1897/1787 1768/1896/1786
f 1753/1900/1790 1803/1898/1788 1802/1895/1785 1752/1897/1787
f 1803/1898/1788 1804/1901/1791 1649/1843/1738 1648/1842/1737
f 1770/1902/1792 1754/1903/1793 1753/1900/1790 1769/1899/1789
f 1754/1903/1793 1804/1901/1791 1803/1898/1788 1753/1900/1790
f 1805/1904/1794 1755/1905/1795 1748/1885/1775 1798/1888/1778
f 1805/1904/1794 1798/1888/1778 1644/1838/1733 1650/1844/1739
f 1771/1906/1796 1755/1905/1795 1754/1907/1793 1770/1908/1792
f 1755/1905/1795 1805/1904/1794 1804/1909/1791 1754/1907/1793
f 1755/1905/1795 1771/1906/1796 1764/1886/1776 1748/1885/1775
f 1804/1909/1791 1805/1904/1794 1650/1844/1739 1649/1845/1738
f 1758/1910/1797 1766/1889/1779 1765/1884/1774 1757/1911/1798
f 1759/1912/1799 1767/1893/1783 1766/1889/1779 1758/1910/1797
f 1760/1913/1800 1768/1896/1786 1767/1893/1783 1759/1912/1799
f 1761/1914/1801 1769/1899/1789 1768/1896/1786 1760/1913/1800
f 1762/1915/1802 1770/1902/1792 1769/1899/1789 1761/1914/1801
f 1763/1916/1803 1771/1906/1796 1770/1908/1792 1762/1917/1802
f 1771/1906/1796 1763/1916/1803 1756/1918/1804 1764/1886/1776
f 1756/1918/1804 1797/1919/1805 1796/1883/1773 1764/1886/1776
f 1797/1919/1805 1757/1911/1798 1765/1884/1774 1796/1883/1773
f 1814/1920/1806 1807/1921/1807 1757/1911/1798 1797/1919/1805
f 1806/1922/1808 1814/1920/1806 1797/1919/1805 1756/1918/1804
f 1807/1921/1807 1808/1923/1809 1758/1910/1797 1757/1911/1798
f 1808/1923/1809 1809/1924/1810 1759/1912/1799 1758/1910/1797
f 1809/1924/1810 1810/1925/1811 1760/1913/1800 1759/1912/1799
f 1810/1925/1811 1811/1926/1812 1761/1914/1801 1760/1913/1800
f 1811/1926/1812 1812/1927/1813 1762/1915/1802 1761/1914/1801
f 1812/1928/1813 1813/1929/1814 1763/1916/1803 1762/1917/1802
f 1813/1929/1814 1806/1922/1808 1756/1918/1804 1763/1916/1803
s 148
f 1825/1930/1815 1824/1931/1816 1831/1932/1817 1832/1933/1818
f 1826/1934/1819 1825/1930/1815 1832/1933/1818 1833/1935/1820
f 1827/1936/1821 1826/1934/1819 1833/1935/1820 1834/1937/1822
f 1828/1938/1823 1827/1939/1821 1834/1940/1822 1835/1941/1824
f 1829/1942/1825 1822/1943/1826 1828/1938/1823 1835/1941/1824
f 1872/1944/1827 1822/1943/1826 1829/1942/1825 1873/1945/1828
f 1831/1932/1817 1824/1931/1816 1823/1946/1829 1830/1947/1830
f 1830/1947/1830 1823/1946/1829 1872/1944/1827 1873/1945/1828
f 1880/1948/1831 1879/1949/1832 1857/1950/1833 1858/1951/1834
f 1881/1952/1835 1880/1948/1831 1858/1951/1834 1859/1953/1836
f 1882/1954/1837 1881/1952/1835 1859/1953/1836 1860/1955/1838
f 1851/1956/1839 1850/1957/1840 1879/1949/1832 1880/1948/1831
f 1888/1958/1841 1887/1959/1842 1850/1957/1840 1851/1956/1839
f 1852/1960/1843 1851/1956/1839 1880/1948/1831 1881/1952/1835
f 1889/1961/1844 1888/1958/1841 1851/1956/1839 1852/1960/1843
f 1853/1962/1845 1852/1960/1843 1881/1952/1835 1882/1954/1837
f 1890/1963/1846 1889/1961/1844 1852/1960/1843 1853/1962/1845
f 1854/1964/1847 1853/1962/1845 1882/1954/1837 1883/1965/1848
f 1891/1966/1849 1890/1963/1846 1853/1962/1845 1854/1964/1847
f 1892/1967/1850 1891/1968/1849 1854/1969/1847 1855/1970/1851
f 1893/1971/1852 1892/1967/1850 1855/1970/1851 1856/1972/1853
f 1876/1973/1854 1850/1957/1840 1887/1959/1842 1894/1974/1855
f 1886/1975/1856 1879/1949/1832 1850/1957/1840 1876/1973/1854
f 1856/1972/1853 1885/1976/1857 1886/1975/1856 1876/1973/1854
f 1894/1974/1855 1893/1971/1852 1856/1972/1853 1876/1973/1854
f 1896/1977/1858 1831/1932/1817 1830/1947/1830 1895/1978/1859
f 1844/1979/1860 1843/1980/1861 1887/1959/1842 1888/1958/1841
f 1896/1977/1858 1895/1978/1859 1843/1980/1861 1844/1979/1860
f 1845/1981/1862 1844/1979/1860 1888/1958/1841 1889/1961/1844
f 1897/1982/1863 1896/1977/1858 1844/1979/1860 1845/1981/1862
f 1897/1982/1863 1832/1933/1818 1831/1932/1817 1896/1977/1858
f 1846/1983/1864 1845/1981/1862 1889/1961/1844 1890/1963/1846
f 1898/1984/1865 1897/1982/1863 1845/1981/1862 1846/1983/1864
f 1898/1984/1865 1833/1935/1820 1832/1933/1818 1897/1982/1863
f 1846/1983/1864 1890/1963/1846 1891/1966/1849 1847/1985/1866
f 1849/1986/1867 1848/1987/1868 1892/1967/1850 1893/1971/1852
f 1875/1988/1869 1843/1980/1861 1895/1978/1859 1902/1989/1870
f 1894/1974/1855 1887/1959/1842 1843/1980/1861 1875/1988/1869
f 1849/1986/1867 1893/1971/1852 1894/1974/1855 1875/1988/1869
f 1902/1989/1870 1901/1990/1871 1849/1986/1867 1875/1988/1869
f 1902/1989/1870 1873/1945/1828 1829/1942/1825 1901/1990/1871
f 1895/1978/1859 1830/1947/1830 1873/1945/1828 1902/1989/1870
f 1904/1991/1872 1858/1951/1834 1857/1950/1833 1903/1992/1873
f 1904/1991/1872 1903/1992/1873 1864/1993/1874 1865/1994/1875
f 1905/1995/1876 1859/1953/1836 1858/1951/1834 1904/1991/1872
f 1905/1995/1876 1904/1991/1872 1865/1994/1875 1866/1996/1877
f 1906/1997/1878 1860/1955/1838 1859/1953/1836 1905/1995/1876
f 1906/1997/1878 1905/1995/1876 1866/1996/1877 1867/1998/1879
f 1877/1999/1880 1857/1950/1833 1879/1949/1832 1886/1975/1856
f 1886/1975/1856 1885/1976/1857 1863/2000/1881 1877/1999/1880
f 1910/2001/1882 1903/1992/1873 1857/1950/1833 1877/1999/1880
f 1877/1999/1880 1863/2000/1881 1909/2002/1883 1910/2001/1882
f 1912/2003/1884 1865/1994/1875 1864/1993/1874 1911/2004/1885
f 1913/2005/1886 1866/1996/1877 1865/1994/1875 1912/2003/1884
f 1878/2006/1887 1864/1993/1874 1903/1992/1873 1910/2001/1882
f 1910/2001/1882 1909/2002/1883 1870/2007/1888 1878/2006/1887
f 1918/2008/1889 1911/2004/1885 1864/1993/1874 1878/2006/1887
f 1878/2006/1887 1870/2007/1888 1917/2009/1890 1918/2008/1889
f 1848/1987/1868 1847/2010/1866 1891/1968/1849 1892/1967/1850
f 1901/1990/1871 1829/1942/1825 1835/1941/1824 1900/2011/1891
f 1899/2012/1892 1834/1937/1822 1833/1935/1820 1898/1984/1865
f 1900/2011/1891 1835/1941/1824 1834/1940/1822 1899/2013/1892
f 1899/2012/1892 1898/1984/1865 1846/1983/1864 1847/1985/1866
f 1899/2013/1892 1847/2010/1866 1848/1987/1868 1900/2011/1891
f 1848/1987/1868 1849/1986/1867 1901/1990/1871 1900/2011/1891
f 1883/1965/1848 1882/1954/1837 1860/1955/1838 1861/2014/1893
f 1862/2015/1894 1863/2000/1881 1885/1976/1857 1884/2016/1895
f 1885/1976/1857 1856/1972/1853 1855/1970/1851 1884/2016/1895
f 1884/2016/1895 1855/1970/1851 1854/1969/1847 1883/2017/1848
f 1862/2015/1894 1884/2016/1895 1883/2017/1848 1861/2018/1893
f 1907/2019/1896 1861/2014/1893 1860/1955/1838 1906/1997/1878
f 1916/2020/1897 1917/2009/1890 1870/2007/1888 1869/2021/1898
f 1909/2002/1883 1863/2000/1881 1862/2015/1894 1908/2022/1899
f 1908/2022/1899 1862/2015/1894 1861/2018/1893 1907/2023/1896
f 1907/2019/1896 1906/1997/1878 1867/1998/1879 1868/2024/1900
f 1907/2023/1896 1868/2025/1900 1869/2021/1898 1908/2022/1899
f 1869/2021/1898 1870/2007/1888 1909/2002/1883 1908/2022/1899
f 1914/2026/1901 1867/1998/1879 1866/1996/1877 1913/2005/1886
f 1915/2027/1902 1868/2024/1900 1867/1998/1879 1914/2026/1901
f 1916/2020/1897 1869/2021/1898 1868/2025/1900 1915/2028/1902
f 1871/2029/1903 1815/2030/1904 1822/1943/1826 1872/1944/1827
f 1871/2029/1903 1872/1944/1827 1823/1946/1829 1816/2031/1905
f 1817/2032/1906 1816/2031/1905 1823/1946/1829 1824/1931/1816
f 1818/2033/1907 1817/2032/1906 1824/1931/1816 1825/1930/1815
f 1819/2034/1908 1818/2033/1907 1825/1930/1815 1826/1934/1819
f 1820/2035/1909 1819/2034/1908 1826/1934/1819 1827/1936/1821
f 1821/2036/1910 1820/2037/1909 1827/1939/1821 1828/1938/1823
f 1828/1938/1823 1822/1943/1826 1815/2030/1904 1821/2036/1910
f 1911/2004/1885 1918/2008/1889 1874/2038/1911 1836/2039/1912
f 1912/2003/1884 1911/2004/1885 1836/2039/1912 1837/2040/1913
f 1913/2005/1886 1912/2003/1884 1837/2040/1913 1838/2041/1914
f 1914/2026/1901 1913/2005/1886 1838/2041/1914 1839/2042/1915
f 1915/2027/1902 1914/2026/1901 1839/2042/1915 1840/2043/1916
f 1916/2020/1897 1915/2028/1902 1840/2044/1916 1841/2045/1917
f 1917/2009/1890 1916/2020/1897 1841/2045/1917 1842/2046/1918
f 1842/2046/1918 1874/2038/1911 1918/2008/1889 1917/2009/1890
f 1838/2041/1914 1837/2040/1913 1945/2047/1919 1946/2048/1920
f 1839/2042/1915 1838/2041/1914 1946/2048/1920 1947/2049/1921
f 1840/2043/1916 1839/2042/1915 1947/2049/1921 1948/2050/1922
f 1841/2045/1917 1840/2044/1916 1948/2051/1922 1949/2052/1923
f 1961/2053/1924 1960/2054/1925 1952/2055/1926 1953/2056/1927
f 1962/2057/1928 1961/2053/1924 1953/2056/1927 1954/2058/1929
f 1963/2059/1930 1962/2057/1928 1954/2058/1929 1955/2060/1931
f 1963/2059/1930 1946/2048/1920 1945/2047/1919 1962/2057/1928
f 1964/2061/1932 1963/2059/1930 1955/2060/1931 1956/2062/1933
f 1964/2061/1932 1947/2049/1921 1946/2048/1920 1963/2059/1930
f 1965/2063/1934 1964/2061/1932 1956/2062/1933 1957/2064/1935
f 1965/2063/1934 1948/2050/1922 1947/2049/1921 1964/2061/1932
f 1966/2065/1936 1965/2066/1934 1957/2067/1935 1958/2068/1937
f 1966/2065/1936 1949/2052/1923 1948/2051/1922 1965/2066/1934
f 1951/2069/1938 1952/2055/1926 1960/2054/1925 1959/2070/1939
f 1842/2046/1918 1841/2045/1917 1949/2052/1923 1950/2071/1940
f 1950/2071/1940 1949/2052/1923 1966/2065/1936 1959/2070/1939
f 1959/2070/1939 1966/2065/1936 1958/2068/1937 1951/2069/1938
f 1943/2072/1941 1950/2071/1940 1959/2070/1939 1960/2054/1925
f 1961/2053/1924 1962/2057/1928 1945/2047/1919 1944/2073/1942
f 1950/2071/1940 1943/2072/1941 1874/2038/1911 1842/2046/1918
f 1943/2072/1941 1944/2073/1942 1836/2039/1912 1874/2038/1911
f 1943/2072/1941 1960/2054/1925 1961/2053/1924 1944/2073/1942
f 1945/2047/1919 1837/2040/1913 1836/2039/1912 1944/2073/1942
f 1920/2074/1943 1936/2075/1944 1967/2076/1945
f 1967/2076/1945 1935/2077/1946 1919/2078/1947 1920/2074/1943
f 1920/2074/1943 1919/2078/1947 1969/2079/1948 1970/2080/1949
f 1969/2079/1948 1815/2030/1904 1871/2029/1903 1970/2080/1949
f 1937/2081/1950 1936/2075/1944 1920/2074/1943 1921/2082/1951
f 1921/2082/1951 1920/2074/1943 1970/2080/1949 1971/2083/1952
f 1971/2083/1952 1816/2031/1905 1817/2032/1906 1972/2084/1953
f 1970/2080/1949 1871/2029/1903 1816/2031/1905 1971/2083/1952
f 1938/2085/1954 1937/2081/1950 1921/2082/1951 1922/2086/1955
f 1922/2086/1955 1921/2082/1951 1971/2083/1952 1972/2084/1953
f 1972/2084/1953 1817/2032/1906 1818/2033/1907 1973/2087/1956
f 1939/2088/1957 1938/2085/1954 1922/2086/1955 1923/2089/1958
f 1923/2089/1958 1922/2086/1955 1972/2084/1953 1973/2087/1956
f 1973/2087/1956 1818/2033/1907 1819/2034/1908 1974/2090/1959
f 1940/2091/1960 1939/2088/1957 1923/2089/1958 1924/2092/1961
f 1924/2092/1961 1923/2089/1958 1973/2087/1956 1974/2090/1959
f 1974/2090/1959 1819/2034/1908 1820/2035/1909 1975/2093/1962
f 1941/2094/1963 1940/2091/1960 1924/2092/1961 1925/2095/1964
f 1925/2095/1964 1924/2092/1961 1974/2090/1959 1975/2093/1962
f 1976/2096/1965 1969/2079/1948 1919/2078/1947 1926/2097/1966
f 1976/2096/1965 1821/2036/1910 1815/2030/1904 1969/2079/1948
f 1942/2098/1967 1941/2099/1963 1925/2100/1964 1926/2097/1966
f 1926/2097/1966 1925/2100/1964 1975/2101/1962 1976/2096/1965
f 1926/2097/1966 1919/2078/1947 1935/2077/1946 1942/2098/1967
f 1975/2101/1962 1820/2037/1909 1821/2036/1910 1976/2096/1965
f 1929/2102/1968 1928/2103/1969 1936/2075/1944 1937/2081/1950
f 1930/2104/1970 1929/2102/1968 1937/2081/1950 1938/2085/1954
f 1931/2105/1971 1930/2104/1970 1938/2085/1954 1939/2088/1957
f 1932/2106/1972 1931/2105/1971 1939/2088/1957 1940/2091/1960
f 1933/2107/1973 1932/2106/1972 1940/2091/1960 1941/2094/1963
f 1934/2108/1974 1933/2109/1973 1941/2099/1963 1942/2098/1967
f 1942/2098/1967 1935/2077/1946 1927/2110/1975 1934/2108/1974
f 1927/2110/1975 1935/2077/1946 1967/2076/1945 1968/2111/1976
f 1968/2111/1976 1967/2076/1945 1936/2075/1944 1928/2103/1969
f 1985/2112/1977 1968/2111/1976 1928/2103/1969 1978/2113/1978
f 1977/2114/1979 1927/2110/1975 1968/2111/1976 1985/2112/1977
f 1978/2113/1978 1928/2103/1969 1929/2102/1968 1979/2115/1980
f 1979/2115/1980 1929/2102/1968 1930/2104/1970 1980/2116/1981
f 1980/2116/1981 1930/2104/1970 1931/2105/1971 1981/2117/1982
f 1981/2117/1982 1931/2105/1971 1932/2106/1972 1982/2118/1983
f 1982/2118/1983 1932/2106/1972 1933/2107/1973 1983/2119/1984
f 1983/2120/1984 1933/2109/1973 1934/2108/1974 1984/2121/1985
f 1984/2121/1985 1934/2108/1974 1927/2110/1975 1977/2114/1979
g default
v 0.181184 5.005712 0.171568
v 0.192615 5.081533 0.216681
v 0.281841 5.084027 0.246302
v 0.344214 4.997801 0.222478
v 0.291003 4.846669 0.209697
v 0.321959 4.921791 0.156457
v 0.386032 5.097463 0.142400
v 0.304804 5.134410 0.129661
v 0.224547 5.098078 0.117002
v 0.181896 5.055529 0.113723
v 0.240796 5.189230 0.084218
v 0.298221 5.179637 0.036601
v 0.404936 5.133483 0.025645
v 0.244374 5.029645 0.345946
v 0.272127 4.947721 0.363302
v 0.151138 5.000967 0.292487
v 0.113283 4.945594 0.286321
v 0.141445 5.123882 0.074039
v 0.185730 5.264000 -0.074217
v 0.286229 5.286393 -0.110343
v 0.365259 5.174393 -0.114783
v 0.137381 5.208630 -0.029578
v 0.220781 4.865343 0.366777
v 0.094696 5.241053 -0.094000
v 0.088751 5.318749 -0.167797
v -0.000837 5.301864 -0.174331
v -0.000498 5.238349 -0.103816
v 0.106431 5.291155 -0.223593
v -0.001200 5.304499 -0.250029
v -0.001675 5.139876 -0.348986
v 0.072172 5.136365 -0.346290
v 0.142830 5.120798 -0.320537
v 0.236920 5.077496 -0.289854
v -0.001971 4.875640 -0.410660
v 0.072066 4.883239 -0.403361
v 0.150846 4.903487 -0.373496
v 0.190032 4.921548 -0.315399
v 0.290003 5.003361 -0.227427
v 0.194465 4.889210 -0.257407
v 0.134863 4.844509 -0.290547
v 0.078909 4.816909 -0.351859
v -0.001355 4.813420 -0.282325
v -0.001734 4.966784 -0.361326
v 0.067740 4.960268 -0.351222
v 0.151888 4.995477 -0.385848
v 0.228538 4.984908 -0.318415
v 0.251606 4.950282 -0.254305
v -0.001460 5.220070 -0.304188
v 0.077381 5.232353 -0.304304
v 0.230295 5.236570 -0.241578
v 0.333449 5.157041 -0.223645
v 0.339709 5.030544 -0.203475
v 0.134612 4.891367 0.398618
v 0.176622 4.919856 0.396073
v 0.161045 4.951497 0.388702
v 0.132849 4.959209 0.366036
v 0.121513 4.932822 0.317520
v 0.426414 5.022081 -0.001852
v 0.385522 5.046404 -0.140667
v -0.179528 5.005712 0.173300
v -0.190526 5.081533 0.218520
v -0.279463 5.084027 0.248996
v -0.342062 4.997801 0.225773
v -0.288976 4.846669 0.212481
v -0.320442 4.921791 0.159541
v -0.384647 5.097463 0.146099
v -0.303545 5.134410 0.132582
v -0.223414 5.098078 0.119153
v -0.180796 5.055529 0.115464
v -0.239976 5.189230 0.086526
v -0.297856 5.179637 0.039462
v -0.404671 5.133483 0.029531
v -0.241042 5.029645 0.348276
v -0.268627 4.947721 0.365898
v -0.148323 5.000967 0.293924
v -0.110529 4.945594 0.287395
v -0.140728 5.123882 0.075393
v -0.186434 5.264000 -0.072431
v -0.287275 5.286393 -0.107590
v -0.366344 5.174393 -0.111271
v -0.137658 5.208630 -0.028258
v -0.217250 4.865343 0.368880
v -0.095594 5.241053 -0.093086
v -0.090357 5.318749 -0.166937
v -0.108573 5.291155 -0.222561
v -0.075493 5.136365 -0.345582
v -0.145901 5.120798 -0.319151
v -0.239692 5.077496 -0.287566
v -0.075935 4.883239 -0.402650
v -0.154425 4.903487 -0.372031
v -0.193051 4.921548 -0.313560
v -0.292173 5.003361 -0.224632
v -0.196927 4.889210 -0.255529
v -0.137646 4.844509 -0.289239
v -0.082283 4.816909 -0.351085
v -0.071109 4.960268 -0.350556
v -0.155585 4.995477 -0.384372
v -0.231585 4.984908 -0.316206
v -0.254036 4.950282 -0.251877
v -0.080299 5.232353 -0.303547
v -0.232604 5.236570 -0.239356
v -0.335581 5.157041 -0.220434
v -0.341647 5.030544 -0.200204
v -0.130779 4.891367 0.399892
v -0.172812 4.919856 0.397750
v -0.157306 4.951497 0.390231
v -0.129328 4.959209 0.367294
v -0.118459 4.932822 0.318672
v -0.426412 5.022081 0.002242
v -0.386855 5.046404 -0.136960
v 0.331282 4.452095 0.338264
v 0.408499 4.424876 0.343562
v 0.271442 4.262432 0.419713
v 0.191781 4.365660 0.521261
v 0.391623 4.333139 0.366095
v 0.345674 4.289500 0.394683
v 0.269736 4.482834 0.471001
v 0.225617 4.343154 0.496970
v 0.196321 4.438880 0.520158
v 0.167318 4.398971 0.528458
v 0.326046 4.440488 0.501859
v 0.335818 4.386210 0.516881
v 0.335561 4.434455 0.201805
v 0.361285 4.345567 0.148304
v 0.320335 4.264195 0.153579
v 0.302212 4.219370 0.189896
v 0.291134 4.194515 0.280216
v 0.173897 4.361712 0.060232
v 0.185235 4.301988 0.036258
v 0.206127 4.246517 0.031394
v 0.209809 4.204458 0.052259
v 0.173666 4.171987 0.148209
v 0.000160 4.355633 0.033384
v -0.000031 4.304419 -0.006361
v 0.000218 4.241095 0.045420
v 0.000369 4.187526 0.076793
v 0.000428 4.144891 0.089074
v -0.328019 4.452095 0.341429
v -0.405182 4.424876 0.347468
v -0.267400 4.262432 0.422299
v -0.186768 4.365660 0.523079
v -0.388090 4.333139 0.369838
v -0.341869 4.289500 0.397984
v -0.265202 4.482834 0.473568
v -0.220836 4.343154 0.499113
v -0.191318 4.438880 0.522018
v -0.162237 4.398971 0.530040
v -0.321213 4.440488 0.504966
v -0.330840 4.386210 0.520081
v -0.333608 4.434455 0.205017
v -0.359845 4.345567 0.151766
v -0.318846 4.264195 0.156647
v -0.300375 4.219370 0.192788
v -0.288431 4.194515 0.282998
v -0.173311 4.361712 0.061899
v -0.184879 4.301988 0.038035
v -0.205816 4.246517 0.033371
v -0.209298 4.204458 0.054271
v -0.172236 4.171987 0.149869
v 0.338745 3.568163 0.542891
v 0.315107 3.483643 0.593191
v 0.403947 3.491867 0.598625
v 0.363568 3.424778 0.578885
v 0.405093 3.408339 0.557930
v 0.400097 3.641695 0.485260
v 0.453329 3.635554 0.479888
v 0.503785 3.600821 0.493117
v 0.520209 3.557974 0.491578
v 0.507699 3.485012 0.459438
v 0.350245 3.384724 0.539110
v 0.498950 3.520212 0.447180
v 0.420344 3.774929 0.167899
v 0.471639 3.788075 0.045343
v 0.540325 3.758175 0.025062
v 0.571612 3.684777 -0.006065
v 0.560726 3.533215 -0.055308
v 0.593864 3.591524 -0.023319
v 0.350652 3.806877 0.082313
v 0.394028 3.790120 -0.041672
v 0.421677 3.754524 -0.125599
v 0.440842 3.687075 -0.157244
v 0.460767 3.608579 -0.151630
v 0.445846 3.551611 -0.173079
v 0.000212 3.865418 0.044263
v -0.000726 3.807496 -0.169704
v -0.000973 3.729586 -0.206934
v -0.002844 3.663436 -0.243410
v -0.001320 3.610429 -0.274891
v -0.001196 3.558566 -0.249219
v 0.450114 3.723487 0.194053
v 0.568714 3.715674 0.208987
v 0.612775 3.701686 0.221683
v 0.667184 3.671169 0.210319
v 0.619762 3.528686 0.202019
v 0.680806 3.630093 0.202185
v 0.176217 3.839105 0.062243
v 0.216113 3.797148 -0.098260
v 0.235916 3.755577 -0.176654
v 0.237815 3.693591 -0.227563
v 0.235264 3.615474 -0.264055
v 0.240632 3.557913 -0.218185
v -0.333517 3.568163 0.546118
v -0.309398 3.483643 0.596189
v -0.398182 3.491867 0.602475
v -0.357994 3.424778 0.582349
v -0.399718 3.408339 0.561793
v -0.395420 3.641695 0.489079
v -0.448701 3.635554 0.484218
v -0.499028 3.600821 0.497931
v -0.515464 3.557974 0.496549
v -0.503265 3.485012 0.464291
v -0.345053 3.384724 0.542448
v -0.494634 3.520212 0.451950
v -0.418713 3.774929 0.171927
v -0.529819 3.812159 0.039234
v -0.545695 3.731536 -0.004869
v -0.557256 3.678193 -0.067557
v -0.561231 3.533215 -0.049923
v -0.583274 3.612944 -0.094814
v -0.349846 3.806877 0.085675
v -0.394409 3.790120 -0.037887
v -0.422863 3.754524 -0.121545
v -0.442332 3.687075 -0.153004
v -0.454682 3.604964 -0.184370
v -0.447487 3.551611 -0.168791
v -0.448230 3.723487 0.198365
v -0.566681 3.715674 0.214438
v -0.610619 3.701686 0.227556
v -0.665134 3.671169 0.216714
v -0.617794 3.528686 0.207960
v -0.678834 3.630093 0.208712
v -0.175611 3.839105 0.063932
v -0.215220 3.801479 -0.100407
v -0.237601 3.755577 -0.174381
v -0.239989 3.693591 -0.225270
v -0.237788 3.615474 -0.261785
v -0.242716 3.557913 -0.215864
v 0.431771 3.410440 0.509764
v 0.493022 3.445642 0.533911
v 0.451138 3.472048 0.558298
v 0.485487 3.555964 0.589582
v 0.380694 3.552615 0.570940
v 0.391659 3.643238 0.521172
v -0.386638 3.643238 0.524908
v -0.375195 3.552615 0.574569
v -0.479804 3.555964 0.594216
v -0.445758 3.472048 0.562603
v -0.487873 3.445642 0.538619
v -0.426857 3.410440 0.513886
v 0.563731 3.506849 0.330729
v 0.622612 3.579437 0.364820
v 0.624161 3.629777 0.369966
v 0.576706 3.673736 0.398648
v 0.492032 3.680902 0.355190
v 0.422619 3.718360 0.341692
v -0.419319 3.718360 0.345734
v -0.488599 3.680902 0.359898
v -0.572852 3.673736 0.404166
v -0.620581 3.629777 0.375941
v -0.619081 3.579437 0.370780
v -0.560530 3.506849 0.336126
v 0.950456 3.563584 0.146204
v 1.043242 3.587032 0.157804
v 1.120284 3.562955 0.154631
v 1.145178 3.586963 0.064006
v 1.078443 3.555418 -0.010848
v 1.029992 3.535589 0.002021
v 0.927977 3.548854 0.059003
v 0.906115 3.695197 0.109686
v 1.032327 3.724005 0.162706
v 1.122079 3.717730 0.118489
v 1.128894 3.715995 0.010690
v 1.129389 3.722021 -0.053262
v 0.943382 3.677660 -0.095210
v 0.874632 3.672922 0.001083
v 0.907275 3.634552 0.128583
v 1.032518 3.662292 0.191901
v 1.166652 3.693027 0.152423
v 1.183671 3.669432 0.011130
v 1.137511 3.660162 -0.090954
v 0.978073 3.605109 -0.093636
v 0.893943 3.613119 0.021180
v 0.935639 3.601112 0.116574
v 1.033215 3.614155 0.190137
v 1.145545 3.616507 0.154463
v 1.153403 3.599417 -0.013457
v 1.125628 3.587213 -0.105103
v 1.000193 3.550505 -0.035657
v 0.919618 3.574656 0.030446
v 0.925821 3.731904 0.087889
v 1.071214 3.730205 0.069144
v 1.090489 3.760077 -0.023191
v 0.969900 3.729618 -0.114205
v 0.894529 3.707284 0.020374
v 0.569736 4.620418 0.030478
v 0.781359 4.598385 -0.100369
v 0.763976 4.608302 -0.237551
v 0.696309 4.635047 -0.352812
v 0.751749 4.531962 -0.069951
v 0.736869 4.550870 -0.206657
v 0.610500 4.578298 -0.292797
v 0.545497 4.778393 -0.015597
v 0.639498 4.749471 -0.083418
v 0.664745 4.743163 -0.179654
v 0.613699 4.758911 -0.245646
v 0.717563 4.714762 -0.119264
v 0.732397 4.731979 -0.200708
v 0.688000 4.746277 -0.282486
v 0.649155 4.739225 -0.024149
v 0.780431 4.660283 -0.103294
v 0.778361 4.664530 -0.214967
v 0.739365 4.695727 -0.316017
v 0.618632 4.690716 0.028328
v 0.545627 4.781416 -0.330229
v 0.511189 4.756181 0.009386
v 0.500473 4.687989 -0.350652
v 0.500473 4.687989 -0.350652
v 0.531717 4.810108 -0.259771
v 0.531717 4.810108 -0.259771
v 0.531717 4.810108 -0.259771
v 0.516930 4.745328 -0.350943
v 0.516930 4.745328 -0.350943
v 0.516930 4.745328 -0.350943
v 0.545627 4.781416 -0.330229
v 0.545627 4.781416 -0.330229
v 0.495686 4.796288 -0.299139
v 0.516930 4.745328 -0.350943
v 0.500473 4.687989 -0.350652
v 0.500473 4.687989 -0.350652
v 0.531717 4.810108 -0.259771
v 0.495686 4.796288 -0.299139
v 0.545627 4.781416 -0.330229
v 0.516930 4.745328 -0.350943
v 0.495686 4.796288 -0.299139
v 0.531717 4.810108 -0.259771
v 0.594156 5.105927 -0.128206
v 0.568969 5.036100 -0.060651
v 0.550898 4.994800 -0.030409
v 0.668153 4.967387 -0.133829
v 0.665319 4.948051 -0.102895
v 0.657157 4.903510 -0.103165
v 0.544309 4.895307 -0.001244
v 0.648566 4.882414 -0.103852
v 0.658378 4.897952 -0.168584
v 0.553419 4.985754 -0.236376
v 0.592180 5.016667 -0.192535
v 0.668360 4.949851 -0.174894
v 0.643673 4.879698 -0.168627
v 0.559320 4.907092 -0.242748
v 0.483934 4.939657 0.026020
v 0.406724 4.986930 0.099789
v 0.472282 5.002891 0.106068
v 0.498940 5.132606 -0.003160
v 0.533483 5.255253 -0.112542
v 0.561018 5.122899 -0.199075
v 0.505826 5.139248 -0.296781
v 0.452899 5.039966 -0.370674
v 0.469541 4.942741 -0.306038
v 0.499143 4.996912 0.037331
v 0.549971 5.081361 -0.035956
v 0.559089 5.170899 -0.121229
v 0.569970 5.070161 -0.200175
v 0.521508 5.068846 -0.288722
v 0.458388 5.144624 0.024124
v 0.490270 5.224799 -0.067623
v 0.509280 5.304056 -0.114081
v 0.516157 5.250355 -0.242591
v 0.489403 5.198028 -0.379628
v 0.420593 5.005942 -0.425608
v 0.481164 5.023462 -0.343060
v 0.494986 5.213986 -0.345699
v 0.439627 5.221855 -0.226688
v 0.439581 5.232304 -0.099004
v 0.381003 5.077635 -0.031707
v 0.404804 5.031508 0.069896
v 0.429019 4.966048 -0.319092
v 0.383394 5.025403 -0.233986
v 0.375863 5.058348 -0.182741
v 0.373975 5.088770 -0.114804
v 0.002665 3.602067 0.555265
v 0.002936 3.941566 0.611588
v 0.002791 4.193706 0.581385
v 0.002579 4.478818 0.537177
v -0.000042 3.792635 -0.008666
v 0.000230 3.995213 0.047974
v 0.000418 4.167762 0.087026
v 0.000118 3.942069 0.024656
v 0.279899 3.605276 0.506289
v 0.287391 3.900361 0.478588
v 0.337767 3.977359 0.280156
v 0.227870 4.229194 0.506616
v 0.291134 4.194515 0.280216
v 0.224817 4.461570 0.481069
v 0.294666 4.373205 0.267129
v 0.403300 3.836314 0.381807
v 0.426158 3.893700 0.241572
v 0.415170 3.621045 0.412327
v 0.495090 3.679217 0.196522
v 0.173666 4.171987 0.148209
v 0.206670 4.005232 0.121417
v 0.296427 3.883602 0.078391
v 0.362541 3.745376 0.041468
v -0.275026 3.605276 0.508953
v -0.282783 3.900361 0.481325
v -0.335062 3.977359 0.283386
v -0.222996 4.229194 0.508780
v -0.288431 4.194515 0.282998
v -0.220188 4.461570 0.483206
v -0.292088 4.373205 0.269945
v -0.399616 3.836314 0.385662
v -0.423819 3.893700 0.245652
v -0.411192 3.621045 0.416294
v -0.493181 3.679217 0.201266
v -0.172236 4.171987 0.149869
v -0.205495 4.005232 0.123396
v -0.295660 3.883602 0.081233
v -0.362126 3.745376 0.044947
v 0.141282 3.603671 0.530777
v 0.145163 3.920964 0.545088
v 0.115331 4.211450 0.544001
v 0.113698 4.470194 0.509123
v -0.108805 4.470194 0.510191
v -0.110103 4.211450 0.545083
v -0.139924 3.920964 0.546457
v -0.136180 3.603671 0.532109
v 0.002179 5.319458 0.453903
v -0.036768 5.332405 0.447054
v -0.063739 5.309851 0.404672
v -0.031357 5.312566 0.429022
v 0.002075 5.300012 0.432301
v 0.002100 5.288552 0.437555
v -0.024059 5.283918 0.427423
v -0.046829 5.273558 0.402593
v -0.047567 5.368703 0.445356
v -0.048536 5.390935 0.446272
v -0.139293 5.392920 0.360543
v -0.114717 5.342720 0.361320
v -0.097376 5.305391 0.361151
v -0.077855 5.272959 0.368303
v -0.056395 5.231336 0.366442
v -0.029693 5.222817 0.388924
v -0.036333 5.247115 0.399962
v 0.001970 5.244534 0.410305
v 0.001912 5.219023 0.398250
v 0.001977 5.271008 0.411814
v -0.084628 5.351502 0.407151
v -0.102675 5.396640 0.407094
v -0.220759 4.844598 0.364090
v -0.261051 4.775556 0.477962
v -0.254035 4.682652 0.553877
v -0.197067 4.578502 0.574160
v -0.097088 4.505254 0.518379
v -0.113025 4.493107 0.521837
v -0.216836 4.572749 0.580366
v -0.272786 4.684088 0.556440
v -0.283401 4.786552 0.474426
v -0.236915 4.859769 0.365742
v -0.314536 4.739679 0.238454
v -0.017060 5.438182 0.481991
v -0.031557 5.418837 0.469779
v -0.022539 5.392112 0.502703
v -0.021333 5.376185 0.499717
v 0.002450 5.373898 0.510367
v 0.002476 5.392175 0.515724
v -0.025904 5.368455 0.483134
v -0.034154 5.392084 0.480919
v 0.002363 5.358923 0.492322
v -0.048580 5.424461 0.447383
v -0.093512 5.441844 0.418080
v -0.150255 5.441274 0.364540
v -0.045254 5.482207 0.434737
v -0.065326 5.487076 0.414364
v -0.100112 5.476147 0.410976
v -0.137379 5.489630 0.382792
v -0.154160 5.524764 0.363791
v -0.134438 5.528733 0.406564
v -0.096176 5.526986 0.432563
v -0.068710 5.508429 0.420908
v -0.054992 5.504403 0.439675
v -0.022650 5.507552 0.472565
v -0.058307 5.610637 0.487862
v -0.151805 5.657118 0.413170
v -0.204772 5.671449 0.328389
v -0.058000 4.469861 0.532591
v -0.143160 4.692745 0.563655
v -0.160154 4.780202 0.503159
v -0.183251 4.893268 0.291467
v -0.028621 4.665602 0.510004
v -0.056209 4.761337 0.474767
v -0.129932 4.608482 0.578112
v -0.046257 4.570958 0.529691
v -0.126719 4.828279 0.435432
v -0.106825 4.907178 0.330237
v 0.002545 4.561478 0.530173
v 0.002430 4.663748 0.506185
v 0.002228 4.766884 0.464129
v 0.002004 4.841039 0.417378
v 0.001624 4.917256 0.338285
v 0.002579 4.478818 0.537177
v -0.165281 5.066025 0.111685
v -0.064894 5.253870 0.374112
v -0.180149 5.443498 0.290839
v -0.161005 5.387064 0.292125
v -0.138162 5.333391 0.297160
v -0.115769 5.282978 0.286119
v -0.090468 5.262886 0.328587
v -0.048047 5.217599 0.346483
v -0.023085 5.209614 0.369982
v 0.001809 5.207200 0.376923
v -0.017264 5.480250 0.471898
v -0.038640 5.505578 0.459088
v -0.082734 5.550128 0.468234
v -0.154654 5.591997 0.417982
v -0.191743 5.572663 0.336994
v -0.031510 5.481101 0.456042
v 0.002303 5.510910 0.479685
v 0.002299 5.482082 0.479011
v 0.002359 5.440446 0.491352
v 0.002391 5.609231 0.498035
v 0.002316 5.735178 0.482497
v -0.074753 5.737907 0.465964
v -0.142201 5.752062 0.410674
v -0.194201 5.766747 0.330460
v -0.196356 5.436177 0.201335
v -0.180813 5.385245 0.201587
v -0.162700 5.333478 0.204765
v -0.178395 5.383254 0.163348
v -0.158141 5.328082 0.171356
v -0.129986 5.284894 0.220653
v -0.108006 5.264498 0.266558
v -0.072626 5.234063 0.312467
v -0.140044 5.300068 0.241040
v 0.001659 5.208046 0.345564
v 0.001467 5.216450 0.305710
v 0.001241 5.223324 0.258552
v 0.001040 5.228570 0.216683
v -0.280340 5.614689 0.105783
v -0.265746 5.563950 0.066931
v -0.257318 5.516008 0.062925
v -0.241288 5.472566 0.079235
v -0.231768 5.435459 0.105587
v -0.195331 5.425702 0.159228
v -0.266062 5.596277 0.158813
v -0.219482 5.780040 0.245290
v -0.234113 5.687630 0.242731
v -0.226764 5.573319 0.204885
v -0.211522 5.502680 0.207344
v -0.185490 5.498783 0.302310
v -0.098758 5.515539 0.409145
v -0.127136 5.515823 0.400429
v -0.134093 5.514002 0.385311
v -0.127468 5.495749 0.393409
v -0.104824 5.486684 0.405336
v -0.082322 5.493347 0.406760
v -0.082638 5.504826 0.407048
v -0.134088 5.331925 0.129745
v -0.163331 5.385084 0.120993
v -0.070237 5.255825 0.169179
v 0.000938 5.206036 0.195455
v -0.240665 5.490433 0.109081
v -0.234681 5.463149 0.125418
v -0.214230 5.493582 0.173800
v -0.213235 5.518760 0.056647
v -0.227018 5.567941 0.060795
v -0.237441 5.624156 0.099836
v -0.233754 5.604337 0.166307
v -0.202109 5.470163 0.075683
v -0.195639 5.434088 0.105415
v -0.229622 5.552180 0.170575
v -0.240286 5.700653 0.073774
v -0.231296 5.797806 0.068291
v -0.251605 5.699520 0.158506
v -0.233552 5.792303 0.153387
v -0.195092 5.658507 -0.024691
v -0.169036 5.508164 -0.000163
v -0.143370 5.409194 0.049722
v -0.097967 5.432436 -0.027185
v -0.091993 5.503036 -0.068896
v -0.112346 5.646431 -0.113010
v -0.118085 5.769451 -0.098864
v -0.195863 5.786681 -0.011274
v 0.002182 5.349855 0.454464
v -0.094596 5.837743 0.405052
v -0.103213 5.886535 0.319962
v -0.121066 5.915167 0.239070
v -0.128142 5.914923 0.167424
v -0.073587 5.955721 0.078146
v -0.101816 5.911803 -0.006434
v -0.111545 5.847214 -0.061451
v -0.000427 5.858807 -0.088962
v -0.000745 5.631128 -0.155245
v -0.000407 5.505263 -0.084723
v -0.000179 5.426646 -0.037306
v -0.137001 5.355831 0.040499
v -0.095094 5.371431 -0.028982
v -0.000206 5.366704 -0.042886
v 0.000819 5.157127 0.170572
v -0.049099 5.172503 0.151952
v -0.110102 5.257114 -0.053300
v -0.000363 5.275544 -0.075543
v 0.000773 5.089083 0.161033
v -0.055732 5.090614 0.145677
v -0.119476 5.238921 0.014039
v -0.092810 5.201178 0.095729
v -0.244783 5.054861 0.066742
v -0.172346 5.162668 -0.025485
v -0.144121 5.179819 -0.122079
v -0.000691 5.198615 -0.143885
v -0.188307 5.088101 -0.180262
v -0.246089 5.128588 -0.094925
v -0.983308 3.413962 0.181555
v -0.912126 3.323893 0.172220
v -0.882206 3.311672 0.119524
v -0.896117 3.431258 0.110482
v -0.978478 3.578227 0.096521
v -1.018531 3.565240 0.155262
v -1.107192 3.612205 0.123622
v -1.113154 3.597892 0.040342
v -1.065282 3.574024 0.009406
v -1.047217 3.355572 0.179844
v -1.100257 3.185807 0.196419
v -1.188032 3.193476 0.128402
v -1.126262 3.187289 0.161449
v -1.113789 3.333143 0.149952
v -1.184953 3.082231 0.088459
v -1.204559 3.088049 0.058394
v -1.207522 3.201840 0.100156
v -0.695753 4.148801 -0.067178
v -0.842754 4.186025 -0.095555
v -0.874120 4.162065 -0.202406
v -0.786072 4.071327 -0.257007
v -0.684704 4.062339 -0.144702
v -0.475990 4.740020 0.001748
v -0.600578 4.868827 -0.058233
v -0.599076 4.892073 -0.171041
v -0.502421 4.830616 -0.288901
v -0.397928 4.732163 -0.174889
v -0.411315 4.787638 0.063664
v -0.429485 5.025682 0.014400
v -0.426210 5.066106 -0.119735
v -0.369110 4.936075 -0.287064
v -0.350454 4.764009 -0.178048
v -0.267224 4.846669 0.238905
v -0.586269 4.438622 -0.046510
v -0.724282 4.524326 -0.092202
v -0.738818 4.550870 -0.199573
v -0.644237 4.450968 -0.272700
v -0.543866 4.398279 -0.159754
v -0.369662 4.684191 0.071239
v -0.301151 4.647162 -0.122685
v -0.318159 4.530554 0.113430
v -0.249478 4.497693 0.030900
v -0.338351 4.632160 0.214787
v -0.793483 3.970229 0.012538
v -0.977472 4.010908 -0.055833
v -0.983977 3.969589 -0.159344
v -0.872748 3.923502 -0.212995
v -0.757887 3.913649 -0.074540
v -0.031324 5.314584 0.429709
v 0.002101 5.308088 0.437681
v -0.992137 3.356057 0.162124
v -1.020144 3.310925 0.155942
v -1.073590 3.191690 0.165935
v -1.065535 3.104022 0.122121
v -1.089049 3.104302 0.142893
v 0.001897 5.860685 0.395170
v 0.001459 5.922003 0.303954
v 0.001103 5.945196 0.229683
v 0.000818 5.952766 0.170336
v 0.000310 5.971306 0.064560
v -0.000090 5.918257 -0.018840
v -0.129891 4.898265 -0.255771
v -0.137611 4.726709 -0.210042
v -0.150929 4.586854 -0.152385
v -1.096545 3.053125 0.123793
v -1.114850 3.056251 0.110238
v -1.114509 3.107950 0.125653
v -1.079008 3.050825 0.114452
v -1.121152 3.190511 0.141774
v -1.109913 3.112048 0.105047
v -1.106849 3.059345 0.094188
v -1.094393 3.310312 0.126149
v -1.157519 3.186620 0.105158
v -1.158476 3.083079 0.073161
v -1.192771 3.034189 0.065545
v -1.208603 3.036143 0.054120
v -1.185004 3.197322 0.067137
v -1.178104 3.087631 0.039819
v -1.193812 3.046713 0.038330
v -1.172720 3.041570 0.058300
v -0.934975 3.309237 0.150361
v -0.937964 3.242726 0.147091
v -0.891007 3.244990 0.128097
v -0.912839 3.211534 0.157740
v -0.898172 3.212326 0.130243
v -0.919865 3.206348 0.146012
v -0.916033 3.206707 0.127559
v -0.920537 3.249724 0.111357
v -0.921628 3.298058 0.106252
v -0.914902 3.248196 0.165647
v -1.235402 3.223094 0.020670
v -1.215936 3.087271 -0.004423
v -1.204372 3.083147 0.023003
v -1.228617 3.217784 0.062581
v -1.156532 3.345927 0.083319
v -1.170453 3.347498 -0.001224
v -1.202007 3.245217 -0.034924
v -1.166810 3.137371 -0.052234
v -1.162839 3.130214 -0.070420
v -1.190166 3.251755 -0.069872
v -1.147738 3.346852 -0.068357
v -1.113197 3.325290 -0.066250
v -1.163395 3.240624 -0.072974
v -1.146457 3.140699 -0.074241
v -1.209082 3.217935 0.002592
v -1.202631 3.086298 -0.012834
v -1.132966 3.327843 -0.004475
v -1.188891 3.245664 -0.025251
v -1.160839 3.139156 -0.045210
v -1.191217 3.202542 0.056448
v -1.190819 3.082824 0.014465
v -1.142703 3.318765 0.065093
v -0.982811 3.366973 0.114016
v -1.028123 3.433490 0.063861
v -0.442691 4.770085 0.022964
v -0.523756 4.952508 -0.011949
v -0.528324 5.000382 -0.149559
v -0.436461 4.882987 -0.283535
v -0.382255 4.748519 -0.176905
v -0.239598 5.524017 0.104078
v -0.243544 5.540225 0.106081
v -0.000724 5.760477 -0.150848
v 0.041059 5.332405 0.446680
v 0.067621 5.309851 0.404041
v 0.035474 5.312566 0.428702
v 0.028161 5.283918 0.427173
v 0.050692 5.273558 0.402125
v 0.051840 5.368703 0.444879
v 0.052818 5.390935 0.445786
v 0.142748 5.392920 0.359189
v 0.118180 5.342720 0.360202
v 0.100838 5.305391 0.360199
v 0.081387 5.272959 0.367539
v 0.059910 5.231336 0.365884
v 0.033426 5.222817 0.388621
v 0.040171 5.247115 0.399595
v 0.088532 5.351502 0.406320
v 0.106579 5.396640 0.406089
v 0.224244 4.844598 0.361954
v 0.265627 4.775556 0.475433
v 0.259341 4.682652 0.551412
v 0.202570 4.578502 0.572241
v 0.102060 4.505254 0.517423
v 0.118030 4.493107 0.520728
v 0.222398 4.572749 0.578258
v 0.278115 4.684088 0.553796
v 0.287942 4.786552 0.471684
v 0.240415 4.859769 0.363451
v 0.316810 4.739679 0.235423
v 0.021686 5.438182 0.481805
v 0.036066 5.418837 0.469454
v 0.027364 5.392112 0.502463
v 0.026130 5.376185 0.499489
v 0.030541 5.368455 0.482863
v 0.038769 5.392084 0.480568
v 0.052873 5.424461 0.446896
v 0.097522 5.441844 0.417163
v 0.153748 5.441274 0.363081
v 0.049425 5.482207 0.434283
v 0.069301 5.487076 0.413718
v 0.104053 5.476147 0.409996
v 0.141048 5.489630 0.381455
v 0.157645 5.524764 0.362294
v 0.138335 5.528733 0.405255
v 0.100324 5.526986 0.431619
v 0.072748 5.508429 0.420229
v 0.059211 5.504403 0.439127
v 0.027186 5.507552 0.472326
v 0.062988 5.610637 0.487279
v 0.155765 5.657118 0.411694
v 0.207915 5.671449 0.326408
v 0.063110 4.469861 0.532009
v 0.148565 4.692745 0.562254
v 0.164977 4.780202 0.501598
v 0.186041 4.893268 0.289694
v 0.033516 4.665602 0.509706
v 0.060764 4.761337 0.474206
v 0.135476 4.608482 0.576838
v 0.051340 4.570958 0.529223
v 0.130894 4.828279 0.434196
v 0.109990 4.907178 0.329196
v 0.166345 5.066025 0.110093
v 0.068483 5.253870 0.373472
v 0.182933 5.443498 0.289096
v 0.163802 5.387064 0.290566
v 0.141009 5.333391 0.295820
v 0.118510 5.282978 0.284994
v 0.093618 5.262886 0.327703
v 0.051371 5.217599 0.346005
v 0.026636 5.209614 0.369743
v 0.021794 5.480250 0.471711
v 0.043045 5.505578 0.458696
v 0.087226 5.550128 0.467418
v 0.158660 5.591997 0.416478
v 0.194969 5.572663 0.335138
v 0.035887 5.481101 0.455718
v 0.079223 5.737907 0.465225
v 0.146137 5.752062 0.409290
v 0.197365 5.766747 0.328580
v 0.198280 5.436177 0.199441
v 0.182740 5.385245 0.199842
v 0.164658 5.333478 0.203194
v 0.179955 5.383254 0.161628
v 0.159779 5.328082 0.169830
v 0.132099 5.284894 0.219394
v 0.110560 5.264498 0.265508
v 0.075622 5.234063 0.311756
v 0.142351 5.300068 0.239684
v 0.281343 5.614689 0.103087
v 0.266376 5.563950 0.064377
v 0.257910 5.516008 0.060452
v 0.242038 5.472566 0.076915
v 0.232771 5.435459 0.103357
v 0.196851 5.425702 0.157346
v 0.267574 5.596277 0.156251
v 0.221827 5.780040 0.243172
v 0.236432 5.687630 0.240472
v 0.228721 5.573319 0.202698
v 0.213503 5.502680 0.205303
v 0.188384 5.498783 0.300515
v 0.102682 5.515539 0.408178
v 0.130974 5.515823 0.399190
v 0.137786 5.514002 0.384006
v 0.131239 5.495749 0.392167
v 0.108710 5.486684 0.404311
v 0.086223 5.493347 0.405951
v 0.086542 5.504826 0.406235
v 0.135327 5.331925 0.128452
v 0.164485 5.385084 0.119420
v 0.071858 5.255825 0.168497
v 0.241701 5.490433 0.106766
v 0.235874 5.463149 0.123159
v 0.215889 5.493582 0.171736
v 0.213769 5.518760 0.054597
v 0.227591 5.567941 0.058613
v 0.238388 5.624156 0.097552
v 0.235340 5.604337 0.164055
v 0.202826 5.470163 0.073739
v 0.196642 5.434088 0.103532
v 0.231249 5.552180 0.168363
v 0.240983 5.700653 0.071464
v 0.231941 5.797806 0.066067
v 0.253115 5.699520 0.156083
v 0.235014 5.792303 0.151138
v 0.194846 5.658507 -0.026563
v 0.169027 5.508164 -0.001786
v 0.143841 5.409194 0.048343
v 0.097701 5.432436 -0.028124
v 0.091327 5.503036 -0.069776
v 0.111256 5.646431 -0.114084
v 0.117130 5.769451 -0.099993
v 0.195746 5.786681 -0.013154
v 0.098480 5.837743 0.404125
v 0.106280 5.886535 0.318957
v 0.123355 5.915167 0.237897
v 0.129743 5.914923 0.166186
v 0.074334 5.955721 0.077436
v 0.101750 5.911803 -0.007412
v 0.110950 5.847214 -0.062519
v 0.137384 5.355831 0.039182
v 0.094812 5.371431 -0.029893
v 0.050556 5.172503 0.151474
v 0.109585 5.257114 -0.054355
v 0.057128 5.090614 0.145135
v 0.119605 5.238921 0.012891
v 0.093724 5.201178 0.094833
v 0.245413 5.054861 0.064389
v 0.172094 5.162668 -0.027138
v 0.142942 5.179819 -0.123457
v 0.186568 5.088101 -0.182062
v 0.245167 5.128588 -0.097283
v 0.985005 3.413962 0.172106
v 0.913737 3.323893 0.163456
v 0.883313 3.311672 0.111049
v 0.897136 3.431258 0.101874
v 0.979360 3.578227 0.087123
v 1.019975 3.565240 0.145477
v 1.108328 3.612205 0.112987
v 1.113490 3.597892 0.029653
v 1.065323 3.574024 -0.000822
v 1.048896 3.355572 0.169783
v 1.102092 3.185807 0.185847
v 1.189210 3.193476 0.116991
v 1.127760 3.187289 0.150629
v 1.115177 3.333143 0.139252
v 1.185748 3.082231 0.077079
v 1.205064 3.088049 0.046827
v 1.208428 3.201840 0.088559
v 0.695075 4.148801 -0.073854
v 0.841798 4.186025 -0.103641
v 0.872136 4.162065 -0.210789
v 0.783568 4.071327 -0.264541
v 0.683284 4.062339 -0.151269
v 0.475985 4.740020 -0.002822
v 0.599922 4.868827 -0.061929
v 0.597406 4.892073 -0.176785
v 0.499624 4.830616 -0.293711
v 0.396231 4.732163 -0.178701
v 0.411907 4.787638 0.059712
v 0.366337 4.936075 -0.290594
v 0.348728 4.764009 -0.181404
v 0.269505 4.846669 0.236329
v 0.585796 4.438622 -0.052137
v 0.723363 4.524326 -0.099151
v 0.741696 4.532267 -0.183753
v 0.641590 4.450968 -0.278872
v 0.542307 4.398279 -0.164968
v 0.370329 4.684191 0.067687
v 0.299960 4.647162 -0.125570
v 0.319234 4.530554 0.110371
v 0.249763 4.497693 0.028504
v 0.340398 4.632160 0.211529
v 0.793567 3.970229 0.004920
v 0.976891 4.010908 -0.065214
v 0.982402 3.969589 -0.168783
v 0.870663 3.923502 -0.221364
v 0.757136 3.913649 -0.081812
v 0.035448 5.314584 0.429389
v 0.993648 3.356057 0.152592
v 1.021594 3.310925 0.146141
v 1.075133 3.191690 0.155621
v 1.066658 3.104022 0.111886
v 1.090370 3.104302 0.132432
v 0.127429 4.898265 -0.257007
v 0.135589 4.726709 -0.211353
v 0.149459 4.586854 -0.153827
v 1.097683 3.053125 0.113260
v 1.115857 3.056251 0.099530
v 1.115664 3.107950 0.114948
v 1.080057 3.050825 0.104088
v 1.122462 3.190511 0.131004
v 1.110870 3.112048 0.094387
v 1.107702 3.059345 0.083558
v 1.095554 3.310312 0.115636
v 1.158475 3.186620 0.094040
v 1.159125 3.083079 0.062036
v 1.193345 3.034189 0.054091
v 1.209067 3.036143 0.042515
v 1.185594 3.197322 0.055758
v 1.178432 3.087631 0.028507
v 1.194125 3.046713 0.026867
v 1.173225 3.041570 0.047039
v 0.936375 3.309237 0.141378
v 0.939333 3.242726 0.138080
v 0.892196 3.244990 0.119537
v 0.914311 3.211534 0.148969
v 0.899381 3.212326 0.121614
v 0.921224 3.206348 0.137175
v 0.917215 3.206707 0.118759
v 0.921564 3.249724 0.102515
v 0.922606 3.298058 0.097399
v 0.916450 3.248196 0.156856
v 1.235543 3.223094 0.008809
v 1.215838 3.087271 -0.016096
v 1.204538 3.083147 0.011440
v 1.229161 3.217784 0.050783
v 1.157279 3.345927 0.072212
v 1.170388 3.347498 -0.012460
v 1.201616 3.245217 -0.046462
v 1.166255 3.137371 -0.063433
v 1.162110 3.130214 -0.081580
v 1.189440 3.251755 -0.081294
v 1.147029 3.346852 -0.079373
v 1.112510 3.325290 -0.076934
v 1.162640 3.240624 -0.084140
v 1.145691 3.140699 -0.085244
v 1.209052 3.217935 -0.009016
v 1.202453 3.086298 -0.024379
v 1.132870 3.327843 -0.015351
v 1.188594 3.245664 -0.036664
v 1.160352 3.139156 -0.056353
v 1.191704 3.202542 0.045009
v 1.190903 3.082824 0.003033
v 1.143275 3.318765 0.054120
v 0.983861 3.366973 0.104576
v 1.028689 3.433490 0.053988
v 0.442891 4.770085 0.018713
v 0.433719 4.882987 -0.287712
v 0.380539 4.748519 -0.180567
v 0.240586 5.524017 0.101773
v 0.244551 5.540225 0.103738
v 1.042610 3.811557 0.023887
v 0.967993 3.748763 -0.111093
v 0.868248 3.745938 0.002655
v 0.906771 3.767735 0.075198
v -0.906007 3.767735 0.083900
v -1.042332 3.811557 0.033895
v -1.048566 3.783741 -0.059501
v -0.969015 3.748763 -0.101795
v -0.868182 3.745938 0.010991
v 0.139078 5.531381 0.350416
v 0.120355 5.550789 0.355529
v 0.094779 5.557893 0.362514
v 0.069204 5.550789 0.369498
v 0.050482 5.531381 0.374612
v 0.043629 5.504869 0.376483
v 0.050482 5.478357 0.374612
v 0.069204 5.458950 0.369498
v 0.094779 5.451846 0.362514
v 0.120355 5.458950 0.355529
v 0.139078 5.478357 0.350416
v 0.145930 5.504869 0.348545
v 0.138363 5.528184 0.368826
v 0.121899 5.545251 0.373322
v 0.099409 5.551498 0.379464
v 0.076918 5.545251 0.385606
v 0.060454 5.528184 0.390103
v 0.054427 5.504869 0.391749
v 0.060454 5.481555 0.390103
v 0.076918 5.464488 0.385606
v 0.099409 5.458241 0.379464
v 0.121899 5.464488 0.373322
v 0.138363 5.481555 0.368826
v 0.144390 5.504869 0.367180
v 0.132095 5.522174 0.385386
v 0.119875 5.534841 0.388724
v 0.103182 5.539478 0.393282
v 0.086490 5.534841 0.397841
v 0.074270 5.522174 0.401179
v 0.069796 5.504869 0.402401
v 0.074270 5.487565 0.401179
v 0.086490 5.474897 0.397841
v 0.103182 5.470261 0.393282
v 0.119875 5.474897 0.388724
v 0.132095 5.487565 0.385386
v 0.136569 5.504869 0.384165
v 0.121030 5.514078 0.398101
v 0.114528 5.520817 0.399876
v 0.105645 5.523284 0.402302
v 0.096764 5.520817 0.404728
v 0.090261 5.514078 0.406503
v 0.087881 5.504869 0.407154
v 0.090261 5.495662 0.406503
v 0.096764 5.488923 0.404728
v 0.105645 5.486454 0.402302
v 0.114528 5.488923 0.399876
v 0.121030 5.495662 0.398101
v 0.123410 5.504869 0.397450
v 0.106501 5.504869 0.405434
v -0.135707 5.531381 0.351735
v -0.116936 5.550789 0.356668
v -0.091295 5.557893 0.363407
v -0.065654 5.550789 0.370145
v -0.046883 5.531381 0.375079
v -0.040012 5.504869 0.376884
v -0.046883 5.478357 0.375079
v -0.065654 5.458950 0.370145
v -0.091295 5.451846 0.363407
v -0.116936 5.458950 0.356668
v -0.135707 5.478357 0.351735
v -0.142577 5.504869 0.349929
v -0.134816 5.528184 0.370137
v -0.118310 5.545251 0.374475
v -0.095761 5.551498 0.380401
v -0.073212 5.545251 0.386327
v -0.056706 5.528184 0.390666
v -0.050665 5.504869 0.392254
v -0.056706 5.481555 0.390666
v -0.073212 5.464488 0.386327
v -0.095761 5.458241 0.380401
v -0.118310 5.464488 0.374475
v -0.134816 5.481555 0.370137
v -0.140859 5.504869 0.368549
v -0.128390 5.522174 0.386637
v -0.116138 5.534841 0.389857
v -0.099402 5.539478 0.394255
v -0.082666 5.534841 0.398653
v -0.070415 5.522174 0.401874
v -0.065930 5.504869 0.403052
v -0.070415 5.487565 0.401874
v -0.082666 5.474897 0.398653
v -0.099402 5.470261 0.394255
v -0.116138 5.474897 0.389857
v -0.128390 5.487565 0.386637
v -0.132874 5.504869 0.385458
v -0.117203 5.514078 0.399244
v -0.110684 5.520817 0.400957
v -0.101778 5.523284 0.403297
v -0.092874 5.520817 0.405638
v -0.086355 5.514078 0.407351
v -0.083969 5.504869 0.407979
v -0.086355 5.495662 0.407351
v -0.092874 5.488921 0.405638
v -0.101778 5.486454 0.403297
v -0.110684 5.488921 0.400957
v -0.117203 5.495662 0.399244
v -0.119589 5.504869 0.398617
v -0.102604 5.504869 0.406438
v 0.244888 4.468503 0.544271
v 0.276525 4.397105 0.531531
v 0.196148 4.396385 0.555260
v 0.158321 4.466216 0.564212
v 0.223885 4.428968 0.572897
v -0.239652 4.468503 0.546597
v -0.271409 4.397105 0.534161
v -0.190808 4.396385 0.557117
v -0.152897 4.466216 0.565706
v -0.218374 4.428968 0.575020
v 0.000857 6.084612 0.178464
v 0.000581 6.136737 0.121073
v 0.000252 6.163423 0.052550
v -0.000358 6.207170 -0.074538
v -0.001029 6.172006 -0.214414
v -0.001441 6.090136 -0.300103
v -0.000930 6.057589 -0.193683
v 0.085609 6.021414 0.167083
v 0.026116 6.070035 0.168479
v 0.053148 6.041672 0.172501
v 0.028421 6.136218 0.114984
v 0.090510 6.060065 0.076161
v 0.000536 5.963271 0.111568
v 0.000288 6.030375 0.059898
v -0.000748 6.063239 -0.155788
v 0.028300 6.055391 -0.156266
v 0.092750 6.121576 0.014631
v 0.035157 6.161662 0.050308
v 0.040471 6.181273 -0.084987
v 0.096692 6.111094 -0.121575
v 0.039966 6.113460 -0.217399
v -0.001678 5.990889 -0.349482
v -0.084001 6.021414 0.167897
v -0.024497 6.070035 0.168722
v -0.051490 6.041672 0.173003
v -0.027316 6.136218 0.115252
v -0.089774 6.060065 0.077027
v -0.029799 6.055391 -0.155987
v -0.092605 6.121576 0.015521
v -0.034672 6.161662 0.050643
v -0.041285 6.181273 -0.084594
v -0.097855 6.111094 -0.120641
v -0.042051 6.113460 -0.217005
v -1.030884 3.270922 0.160548
v -1.063633 3.301709 0.191827
v -1.123853 3.288171 0.156140
v -1.104949 3.271782 0.124715
v -1.038858 3.253776 0.158162
v -1.071599 3.277588 0.194205
v -1.126172 3.267173 0.155377
v -1.108582 3.254633 0.126892
v -1.133943 3.297501 0.151091
v -1.175771 3.311763 0.087625
v -1.153984 3.287977 0.058896
v -1.104741 3.275847 0.122775
v -1.145663 3.275498 0.147691
v -1.183790 3.288976 0.089479
v -1.159153 3.268370 0.059277
v -1.114269 3.256551 0.117290
v -1.176922 3.326694 0.093452
v -1.187466 3.346392 0.002821
v -1.139875 3.324714 -0.008763
v -1.144510 3.297822 0.071232
v -1.190321 3.303252 0.085205
v -1.200964 3.322906 0.003269
v -1.154843 3.304304 -0.011656
v -1.153516 3.276510 0.064550
v -1.158563 3.348854 -0.072166
v -1.184665 3.345187 0.009418
v -1.138374 3.324648 0.013426
v -1.108103 3.320502 -0.070140
v -1.169786 3.324449 -0.072324
v -1.193144 3.319113 0.000094
v -1.153495 3.303724 0.008518
v -1.120908 3.298571 -0.071633
v 1.032377 3.270922 0.150644
v 1.065426 3.301709 0.181607
v 1.125300 3.288171 0.145344
v 1.106095 3.271782 0.114101
v 1.040329 3.253776 0.148182
v 1.073414 3.277588 0.183909
v 1.127611 3.267173 0.144558
v 1.109750 3.254633 0.116243
v 1.135341 3.297501 0.140198
v 1.176558 3.311763 0.076333
v 1.154496 3.287977 0.047815
v 1.105869 3.275847 0.112163
v 1.147029 3.275498 0.136686
v 1.184595 3.288976 0.078110
v 1.159668 3.268370 0.048146
v 1.115344 3.256551 0.106587
v 1.177765 3.326694 0.082149
v 1.187439 3.346392 -0.008580
v 1.139739 3.324714 -0.019705
v 1.145141 3.297822 0.060241
v 1.191084 3.303252 0.073773
v 1.200940 3.322906 -0.008260
v 1.154678 3.304304 -0.022743
v 1.154083 3.276510 0.053473
v 1.157817 3.348854 -0.083285
v 1.184701 3.345187 -0.001956
v 1.138450 3.324648 0.002496
v 1.107379 3.320502 -0.080774
v 1.169037 3.324449 -0.083551
v 1.193090 3.319113 -0.011360
v 1.153524 3.303724 -0.002557
v 1.120169 3.298571 -0.082391
v -1.119737 3.302740 0.159427
v -1.111148 3.236922 0.187444
v -1.068320 3.295628 0.203059
v -1.073828 3.362743 0.171082
v -1.105778 3.305411 0.198968
v -1.177986 3.307284 0.086471
v -1.199251 3.248254 0.121881
v -1.148840 3.296855 0.146801
v -1.123103 3.355592 0.108788
v -1.178039 3.314331 0.127894
v -1.189415 3.335733 0.009064
v -1.223542 3.278764 0.037001
v -1.179793 3.325039 0.075328
v -1.140655 3.381410 0.046210
v -1.201122 3.343683 0.048627
v -1.165638 3.349154 -0.060416
v -1.191730 3.282786 -0.050161
v -1.184014 3.334065 0.003087
v -1.152959 3.401235 -0.005913
v -1.195394 3.349585 -0.030752
v 1.121216 3.302740 0.148670
v 1.112896 3.236922 0.176768
v 1.070220 3.295628 0.192793
v 1.075421 3.362743 0.160765
v 1.107637 3.305411 0.188343
v 1.178762 3.307284 0.075158
v 1.200366 3.248254 0.110362
v 1.150197 3.296855 0.135765
v 1.124096 3.355592 0.098001
v 1.179213 3.314331 0.116578
v 1.189448 3.335733 -0.002356
v 1.223841 3.278764 0.025253
v 1.180462 3.325039 0.063999
v 1.141046 3.381410 0.035258
v 1.201533 3.343683 0.037094
v 1.152618 3.374246 -0.069485
v 1.178806 3.307878 -0.059480
v 1.171602 3.359157 -0.006161
v 1.140462 3.426327 -0.014863
v 1.182656 3.374678 -0.040108
v 0.488788 2.701462 0.619981
v 0.483993 2.446507 0.611735
v 0.471680 2.211697 0.637254
v 0.458439 1.876350 0.650623
v 0.481314 2.818741 0.627527
v 0.492088 2.829218 0.478778
v 0.493989 2.702201 0.480660
v 0.477596 2.448776 0.464425
v 0.462452 2.220093 0.449425
v 0.441902 1.879725 0.429072
v 0.467824 1.830527 0.641148
v 0.464643 1.845520 0.451595
v 0.474737 1.799529 0.634168
v 0.458296 1.806155 0.445309
v 0.488838 1.792300 0.619930
v 0.472667 1.794823 0.459543
v 0.476452 1.721410 0.632436
v 0.463101 1.722421 0.450068
v 0.629953 2.829218 0.615326
v 0.628053 2.702201 0.613443
v 0.644445 2.448776 0.629679
v 0.659589 2.220093 0.644678
v 0.680139 1.879725 0.665032
v 0.657399 1.845520 0.642509
v 0.663745 1.806155 0.648795
v 0.649374 1.794823 0.634561
v 0.658940 1.722421 0.644036
v 0.631179 2.701462 0.476217
v 0.643773 2.446964 0.463501
v 0.650361 2.211698 0.456849
v 0.668368 1.876350 0.438668
v 0.640727 2.818741 0.466576
v 0.660424 1.831445 0.446689
v 0.647304 1.799529 0.459936
v 0.633203 1.792300 0.474173
v 0.645589 1.721410 0.461668
v 0.561021 2.986628 0.547052
v 0.487614 2.567236 0.618113
v 0.485121 2.573293 0.471877
v 0.642422 2.571876 0.464865
v 0.636920 2.573293 0.622226
v 0.476813 2.326824 0.620832
v 0.466994 2.334499 0.453924
v 0.648863 2.329506 0.458362
v 0.655047 2.334499 0.640180
v 0.461938 2.046051 0.647090
v 0.450424 2.052104 0.437512
v 0.657280 2.046051 0.449864
v 0.671618 2.052105 0.656592
v 0.537279 3.091667 0.571022
v 0.515608 3.058725 0.559451
v 0.485565 3.009171 0.582623
v 0.494191 3.010341 0.614526
v 0.472351 2.926051 0.555100
v 0.480664 2.874686 0.582622
v 0.489213 2.857578 0.619552
v 0.506773 2.918972 0.601822
v 0.494418 3.040796 0.579637
v 0.503431 3.061666 0.605197
v 0.518176 3.007510 0.560956
v 0.523314 2.940467 0.509706
v 0.537107 2.992267 0.523367
v 0.487749 2.939806 0.547089
v 0.549058 3.058725 0.592581
v 0.526175 3.009171 0.622846
v 0.563213 2.926051 0.626316
v 0.535612 2.874686 0.618267
v 0.529077 3.040796 0.613965
v 0.547528 3.007510 0.590028
v 0.598727 2.940467 0.584398
v 0.584934 2.992267 0.570736
v 0.571075 2.939806 0.610842
v 0.584762 3.091667 0.523081
v 0.606433 3.058725 0.534653
v 0.636477 3.009171 0.511480
v 0.627850 3.010341 0.479578
v 0.640302 2.926051 0.548483
v 0.631989 2.874686 0.520961
v 0.632828 2.857578 0.474552
v 0.615268 2.918972 0.492281
v 0.627624 3.040796 0.514467
v 0.618610 3.061666 0.488907
v 0.603865 3.007510 0.533147
v 0.624904 2.939806 0.556494
v 0.572983 3.058725 0.501523
v 0.595866 3.009171 0.471258
v 0.568217 2.926051 0.458309
v 0.595817 2.874686 0.466358
v 0.592964 3.040796 0.480139
v 0.574513 3.007510 0.504076
v 0.560354 2.939806 0.473783
v 0.520284 2.926051 0.506704
v 0.601758 2.926051 0.587400
v 0.598865 3.266958 0.584535
v 0.537168 3.225730 0.606793
v 0.514659 3.172460 0.610625
v 0.574582 3.266410 0.560483
v 0.467190 3.245977 0.572526
v 0.486950 3.173146 0.578384
v 0.591268 3.177252 0.577011
v 0.565857 3.069237 0.616258
v 0.555189 3.027258 0.597574
v 0.608230 3.077504 0.593810
v 0.590599 3.027025 0.576348
v 0.451605 3.384202 0.539280
v 0.538887 3.394614 0.525130
v 0.430200 3.445740 0.539085
v 0.546803 3.467559 0.532970
v 0.438736 3.413021 0.542061
v 0.549157 3.431485 0.535301
v 0.472246 3.260316 0.562341
v 0.561464 3.270645 0.547491
v 0.455404 3.216607 0.442444
v 0.445149 3.193434 0.515654
v 0.458198 3.152644 0.554704
v 0.477027 3.232171 0.463861
v 0.492037 3.142424 0.478728
v 0.488870 3.046024 0.541422
v 0.520930 3.015234 0.563642
v 0.510337 3.043147 0.496853
v 0.542743 3.010229 0.528949
v 0.465774 3.368953 0.452715
v 0.434450 3.428126 0.421691
v 0.444406 3.394720 0.431552
v 0.487196 3.244579 0.473933
v 0.528511 3.193434 0.431487
v 0.567685 3.152644 0.444161
v 0.585593 3.245977 0.452981
v 0.591640 3.173146 0.472684
v 0.554278 3.042566 0.475957
v 0.577225 3.015234 0.506804
v 0.552199 3.384202 0.437716
v 0.551799 3.445740 0.416314
v 0.554856 3.413021 0.424821
v 0.575456 3.260316 0.458134
v 0.620530 3.225730 0.522627
v 0.624145 3.172460 0.500082
v 0.630270 3.069237 0.551223
v 0.611484 3.027258 0.540736
v 0.594363 3.117090 0.489799
v 0.502814 3.118078 0.580213
v -0.482814 2.701462 0.624645
v -0.478098 2.446507 0.616353
v -0.465540 2.211697 0.641753
v -0.452172 1.876350 0.654994
v -0.475267 2.818741 0.632119
v -0.487469 2.829218 0.483480
v -0.489351 2.702201 0.485381
v -0.473116 2.448776 0.468988
v -0.458116 2.220093 0.453844
v -0.437763 1.879725 0.433294
v -0.461647 1.830527 0.645610
v -0.460286 1.845520 0.456035
v -0.468627 1.799529 0.638696
v -0.454000 1.806155 0.449688
v -0.482864 1.792300 0.624595
v -0.468234 1.794823 0.464059
v -0.470359 1.721410 0.636981
v -0.458759 1.722421 0.454493
v -0.624017 2.829218 0.621345
v -0.622134 2.702201 0.619445
v -0.638370 2.448776 0.635837
v -0.653370 2.220093 0.650981
v -0.673723 1.879725 0.671531
v -0.651200 1.845520 0.648791
v -0.657486 1.806155 0.655137
v -0.643252 1.794823 0.640766
v -0.652727 1.722421 0.650332
v -0.626578 2.701462 0.482254
v -0.639294 2.446964 0.469660
v -0.645945 2.211698 0.463072
v -0.664126 1.876350 0.445065
v -0.636218 2.818741 0.472706
v -0.656106 1.831445 0.453009
v -0.642859 1.799529 0.466129
v -0.628622 1.792300 0.480230
v -0.641127 1.721410 0.467844
v -0.555743 2.986628 0.552413
v -0.481658 2.567236 0.622765
v -0.480568 2.573293 0.476513
v -0.637930 2.571876 0.471011
v -0.630918 2.573293 0.628312
v -0.470831 2.326824 0.625381
v -0.462615 2.334499 0.458386
v -0.644433 2.329506 0.464570
v -0.648871 2.334499 0.646439
v -0.455704 2.046051 0.651495
v -0.446203 2.052104 0.441816
v -0.652931 2.046051 0.456153
v -0.665283 2.052105 0.663010
v -0.531772 3.091667 0.576154
v -0.510214 3.058725 0.564375
v -0.479949 3.009171 0.587258
v -0.488269 3.010341 0.619242
v -0.467000 2.926051 0.559609
v -0.475049 2.874686 0.587209
v -0.483243 2.857578 0.624220
v -0.500973 2.918972 0.606660
v -0.488830 3.040796 0.584356
v -0.497598 3.061666 0.610002
v -0.512767 3.007510 0.565905
v -0.518397 2.940467 0.514706
v -0.532058 2.992267 0.528499
v -0.482474 2.939806 0.551746
v -0.543344 3.058725 0.597825
v -0.520171 3.009171 0.627869
v -0.557174 2.926051 0.631694
v -0.529652 2.874686 0.623381
v -0.523158 3.040796 0.619016
v -0.541838 3.007510 0.595257
v -0.593089 2.940467 0.590119
v -0.579428 2.992267 0.576326
v -0.565184 2.939806 0.616296
v -0.579714 3.091667 0.528671
v -0.601272 3.058725 0.540450
v -0.631537 3.009171 0.517567
v -0.623217 3.010341 0.485583
v -0.635007 2.926051 0.554605
v -0.626958 2.874686 0.527004
v -0.628243 2.857578 0.480605
v -0.610513 2.918972 0.498165
v -0.622656 3.040796 0.520469
v -0.613888 3.061666 0.494823
v -0.598719 3.007510 0.538920
v -0.619533 2.939806 0.562467
v -0.568142 3.058725 0.507001
v -0.591314 3.009171 0.476957
v -0.563791 2.926051 0.463743
v -0.591313 2.874686 0.472056
v -0.588328 3.040796 0.485810
v -0.569647 3.007510 0.509568
v -0.555780 2.939806 0.479141
v -0.515395 2.926051 0.511676
v -0.596090 2.926051 0.593149
v -0.593226 3.266958 0.590257
v -0.531318 3.225730 0.611922
v -0.508773 3.172460 0.615537
v -0.569174 3.266410 0.565974
v -0.461672 3.245977 0.576985
v -0.481375 3.173146 0.583032
v -0.585701 3.177252 0.582660
v -0.559914 3.069237 0.621662
v -0.549427 3.027258 0.602877
v -0.602501 3.077504 0.599622
v -0.585039 3.027025 0.581991
v -0.446407 3.384202 0.543591
v -0.533821 3.394614 0.530279
v -0.425005 3.445740 0.543191
v -0.541661 3.467559 0.538195
v -0.433512 3.413021 0.546248
v -0.543992 3.431485 0.540549
v -0.466825 3.260316 0.566848
v -0.556182 3.270645 0.552856
v -0.451135 3.216607 0.446796
v -0.440178 3.193434 0.519903
v -0.452852 3.152644 0.559077
v -0.472552 3.232171 0.468419
v -0.487419 3.142424 0.483429
v -0.483650 3.046024 0.546091
v -0.515495 3.015234 0.568617
v -0.505544 3.043147 0.501729
v -0.537640 3.010229 0.534135
v -0.461406 3.368953 0.457166
v -0.430382 3.428126 0.425842
v -0.440243 3.394720 0.435798
v -0.482624 3.244579 0.478588
v -0.524345 3.193434 0.436541
v -0.563395 3.152644 0.449590
v -0.581217 3.245977 0.458582
v -0.587075 3.173146 0.478342
v -0.549683 3.042566 0.481257
v -0.572333 3.015234 0.512322
v -0.547971 3.384202 0.442997
v -0.547777 3.445740 0.421592
v -0.550752 3.413021 0.430128
v -0.571032 3.260316 0.463638
v -0.615484 3.225730 0.528560
v -0.619316 3.172460 0.506051
v -0.624949 3.069237 0.557249
v -0.606265 3.027258 0.546582
v -0.589633 3.117090 0.495482
v -0.497221 3.118078 0.585014
v -0.523675 2.785684 -0.189407
v -0.518880 2.530728 -0.181161
v -0.506567 2.295919 -0.206681
v -0.493326 1.960572 -0.220050
v -0.516201 2.902963 -0.196954
v -0.526975 2.913440 -0.048204
v -0.528875 2.786422 -0.050087
v -0.512483 2.532997 -0.033851
v -0.497339 2.304315 -0.018852
v -0.476789 1.963946 0.001502
v -0.502710 1.914748 -0.210574
v -0.499529 1.929741 -0.021021
v -0.509623 1.883750 -0.203594
v -0.493183 1.890376 -0.014735
v -0.523725 1.876521 -0.189357
v -0.507554 1.879044 -0.028969
v -0.511339 1.805632 -0.201862
v -0.497987 1.806642 -0.019494
v -0.664840 2.913440 -0.184753
v -0.662939 2.786422 -0.182870
v -0.679332 2.532997 -0.199106
v -0.694476 2.304315 -0.214105
v -0.715026 1.963946 -0.234459
v -0.692285 1.929741 -0.211936
v -0.698632 1.890376 -0.218221
v -0.684261 1.879044 -0.203987
v -0.693827 1.806642 -0.213463
v -0.666066 2.785684 -0.045643
v -0.678660 2.531185 -0.032927
v -0.685248 2.295919 -0.026276
v -0.703255 1.960572 -0.008095
v -0.675614 2.902963 -0.036003
v -0.695311 1.915667 -0.016116
v -0.682191 1.883750 -0.029362
v -0.668089 1.876521 -0.043600
v -0.680475 1.805632 -0.031094
v -0.595907 3.070849 -0.116478
v -0.522501 2.651457 -0.187539
v -0.520007 2.657515 -0.041304
v -0.677309 2.656097 -0.034292
v -0.671807 2.657515 -0.191653
v -0.511700 2.411046 -0.190259
v -0.501881 2.418720 -0.023350
v -0.683750 2.413727 -0.027788
v -0.689934 2.418720 -0.209606
v -0.496825 2.130272 -0.216517
v -0.485310 2.136326 -0.006938
v -0.692167 2.130272 -0.019290
v -0.706504 2.136326 -0.226019
v -0.572166 3.175889 -0.140449
v -0.550495 3.142947 -0.128877
v -0.520451 3.093393 -0.152050
v -0.529078 3.094563 -0.183952
v -0.507238 3.010273 -0.124526
v -0.515551 2.958907 -0.152048
v -0.524100 2.941799 -0.188978
v -0.541660 3.003193 -0.171249
v -0.529304 3.125017 -0.149063
v -0.538317 3.145888 -0.174624
v -0.553063 3.091732 -0.130383
v -0.558201 3.024689 -0.079132
v -0.571993 3.076489 -0.092793
v -0.522635 3.024028 -0.116515
v -0.583945 3.142947 -0.162007
v -0.561062 3.093393 -0.192272
v -0.598099 3.010273 -0.195742
v -0.570499 2.958907 -0.187694
v -0.563964 3.125017 -0.183391
v -0.582415 3.091732 -0.159454
v -0.633613 3.024689 -0.153824
v -0.619820 3.076489 -0.140163
v -0.605962 3.024028 -0.180268
v -0.619649 3.175889 -0.092508
v -0.641320 3.142947 -0.104080
v -0.671363 3.093393 -0.080907
v -0.662737 3.094563 -0.049004
v -0.675189 3.010273 -0.117909
v -0.666875 2.958907 -0.090387
v -0.667715 2.941799 -0.043978
v -0.650154 3.003193 -0.061708
v -0.662510 3.125017 -0.083894
v -0.653497 3.145888 -0.058333
v -0.638752 3.091732 -0.102574
v -0.659791 3.024028 -0.125920
v -0.607870 3.142947 -0.070949
v -0.630753 3.093393 -0.040684
v -0.603103 3.010273 -0.027736
v -0.630704 2.958907 -0.035784
v -0.627851 3.125017 -0.049566
v -0.609400 3.091732 -0.073502
v -0.595241 3.024028 -0.043210
v -0.555170 3.010273 -0.076131
v -0.636644 3.010273 -0.156826
v -0.633752 3.351180 -0.153962
v -0.572055 3.309951 -0.176220
v -0.549546 3.256681 -0.180051
v -0.609468 3.350631 -0.129910
v -0.502077 3.330199 -0.141952
v -0.521836 3.257368 -0.147810
v -0.626155 3.261473 -0.146437
v -0.600744 3.153459 -0.185684
v -0.590076 3.111480 -0.167000
v -0.643116 3.161726 -0.163236
v -0.625486 3.111247 -0.145774
v -0.486492 3.468423 -0.108706
v -0.573774 3.478835 -0.094556
v -0.465087 3.529961 -0.108512
v -0.581690 3.551780 -0.102397
v -0.473623 3.497242 -0.111487
v -0.584044 3.515706 -0.104728
v -0.507132 3.344537 -0.131767
v -0.596350 3.354866 -0.116917
v -0.490290 3.300828 -0.011870
v -0.480036 3.277655 -0.085080
v -0.493085 3.236865 -0.124130
v -0.511914 3.316393 -0.033287
v -0.526924 3.226646 -0.048154
v -0.523757 3.130246 -0.110849
v -0.555817 3.099455 -0.133068
v -0.545224 3.127368 -0.066279
v -0.577630 3.094450 -0.098376
v -0.500661 3.453175 -0.022142
v -0.469337 3.512348 0.008883
v -0.479293 3.478942 -0.000978
v -0.522083 3.328800 -0.043360
v -0.563398 3.277655 -0.000914
v -0.602572 3.236865 -0.013587
v -0.620479 3.330199 -0.022408
v -0.626527 3.257368 -0.042110
v -0.589164 3.126788 -0.045384
v -0.612111 3.099455 -0.076230
v -0.587085 3.468423 -0.007143
v -0.586685 3.529961 0.014260
v -0.589743 3.497242 0.005753
v -0.610343 3.344537 -0.027560
v -0.655417 3.309951 -0.092053
v -0.659032 3.256681 -0.069508
v -0.665156 3.153459 -0.120650
v -0.646371 3.111480 -0.110162
v -0.629249 3.201311 -0.059225
v -0.537701 3.202299 -0.149640
v 0.521833 2.785684 -0.194426
v 0.517116 2.530728 -0.186134
v 0.504559 2.295919 -0.211534
v 0.491190 1.960572 -0.224775
v 0.514286 2.902963 -0.201900
v 0.526487 2.913440 -0.053261
v 0.528370 2.786422 -0.055162
v 0.512134 2.532997 -0.038769
v 0.497135 2.304315 -0.023625
v 0.476781 1.963946 -0.003075
v 0.500665 1.914748 -0.215391
v 0.499304 1.929741 -0.025816
v 0.507645 1.883750 -0.208477
v 0.493018 1.890376 -0.019469
v 0.521883 1.876521 -0.194376
v 0.507253 1.879044 -0.033841
v 0.509377 1.805632 -0.206762
v 0.497777 1.806642 -0.024274
v 0.663036 2.913440 -0.191127
v 0.661153 2.786422 -0.189226
v 0.677389 2.532997 -0.205618
v 0.692388 2.304315 -0.220762
v 0.712742 1.963946 -0.241312
v 0.690219 1.929741 -0.218572
v 0.696505 1.890376 -0.224918
v 0.682271 1.879044 -0.210547
v 0.691746 1.806642 -0.220114
v 0.665597 2.785684 -0.052035
v 0.678312 2.531185 -0.039441
v 0.684964 2.295919 -0.032853
v 0.703145 1.960572 -0.014846
v 0.675237 2.902963 -0.042487
v 0.695124 1.915667 -0.022790
v 0.681878 1.883750 -0.035910
v 0.667640 1.876521 -0.050012
v 0.680146 1.805632 -0.037626
v 0.594761 3.070849 -0.122194
v 0.520676 2.651457 -0.192547
v 0.519587 2.657515 -0.046294
v 0.676948 2.656097 -0.040792
v 0.669936 2.657515 -0.198094
v 0.509850 2.411046 -0.195162
v 0.501634 2.418720 -0.028167
v 0.683451 2.413727 -0.034351
v 0.687889 2.418720 -0.216220
v 0.494723 2.130272 -0.221276
v 0.485221 2.136326 -0.011597
v 0.691950 2.130272 -0.025934
v 0.704302 2.136326 -0.232791
v 0.570791 3.175889 -0.145935
v 0.549232 3.142947 -0.134156
v 0.518968 3.093393 -0.157039
v 0.527287 3.094563 -0.189023
v 0.506019 3.010273 -0.129390
v 0.514068 2.958907 -0.156990
v 0.522261 2.941799 -0.194001
v 0.539991 3.003193 -0.176441
v 0.527849 3.125017 -0.154138
v 0.536616 3.145888 -0.179784
v 0.551785 3.091732 -0.135686
v 0.557415 3.024689 -0.084487
v 0.571076 3.076489 -0.098280
v 0.521493 3.024028 -0.121527
v 0.582363 3.142947 -0.167606
v 0.559190 3.093393 -0.197650
v 0.596193 3.010273 -0.201475
v 0.568671 2.958907 -0.193162
v 0.562177 3.125017 -0.188797
v 0.580857 3.091732 -0.165038
v 0.632107 3.024689 -0.159900
v 0.618446 3.076489 -0.146107
v 0.604203 3.024028 -0.186078
v 0.618732 3.175889 -0.098452
v 0.640291 3.142947 -0.110232
v 0.670555 3.093393 -0.087348
v 0.662236 3.094563 -0.055364
v 0.674026 3.010273 -0.124386
v 0.665977 2.958907 -0.096785
v 0.667262 2.941799 -0.050386
v 0.649532 3.003193 -0.067947
v 0.661674 3.125017 -0.090250
v 0.652907 3.145888 -0.064604
v 0.637738 3.091732 -0.108701
v 0.658552 3.024028 -0.132248
v 0.607160 3.142947 -0.076782
v 0.630333 3.093393 -0.046738
v 0.602809 3.010273 -0.033524
v 0.630331 2.958907 -0.041838
v 0.627346 3.125017 -0.055591
v 0.608666 3.091732 -0.079349
v 0.594799 3.024028 -0.048922
v 0.554414 3.010273 -0.081457
v 0.635109 3.010273 -0.162931
v 0.632245 3.351180 -0.160039
v 0.570336 3.309951 -0.181703
v 0.547792 3.256681 -0.185319
v 0.608193 3.350631 -0.135755
v 0.500691 3.330199 -0.146766
v 0.520393 3.257368 -0.152813
v 0.624720 3.261473 -0.152442
v 0.598933 3.153459 -0.191443
v 0.588446 3.111480 -0.172658
v 0.641519 3.161726 -0.169403
v 0.624057 3.111247 -0.151772
v 0.485426 3.468423 -0.113372
v 0.572839 3.478835 -0.100060
v 0.464023 3.529961 -0.112972
v 0.580680 3.551780 -0.107976
v 0.472531 3.497242 -0.116029
v 0.583011 3.515706 -0.110330
v 0.505844 3.344537 -0.136630
v 0.595200 3.354866 -0.122637
v 0.490154 3.300828 -0.016577
v 0.479197 3.277655 -0.089685
v 0.491871 3.236865 -0.128858
v 0.511570 3.316393 -0.038200
v 0.526437 3.226646 -0.053210
v 0.522668 3.130246 -0.115872
v 0.554513 3.099455 -0.138398
v 0.544562 3.127368 -0.071511
v 0.576659 3.094450 -0.103917
v 0.500425 3.453175 -0.026947
v 0.469401 3.512348 0.004376
v 0.479262 3.478942 -0.005580
v 0.521643 3.328800 -0.048370
v 0.563363 3.277655 -0.006322
v 0.602413 3.236865 -0.019372
v 0.620235 3.330199 -0.028363
v 0.626093 3.257368 -0.048123
v 0.588701 3.126788 -0.051038
v 0.611351 3.099455 -0.082103
v 0.586990 3.468423 -0.012779
v 0.586795 3.529961 0.008627
v 0.589771 3.497242 0.000091
v 0.610050 3.344537 -0.033419
v 0.654503 3.309951 -0.098341
v 0.658334 3.256681 -0.075832
v 0.663967 3.153459 -0.127030
v 0.645284 3.111480 -0.116363
v 0.628652 3.201311 -0.065263
v 0.536240 3.202299 -0.154795
v 0.196310 4.982072 0.410822
v 0.185083 4.906141 0.415294
v 0.144363 4.885662 0.409000
v 0.072332 4.890286 0.417399
v 0.067311 4.910675 0.418537
v 0.097603 4.922474 0.421049
v 0.155224 4.966800 0.403459
v 0.122914 4.972497 0.349629
v 0.072102 4.921680 0.379952
v 0.053412 4.909596 0.398547
v 0.055504 4.889169 0.397541
v 0.123018 4.996779 0.314628
v 0.097061 4.928432 0.331176
v 0.074652 4.908971 0.363730
v 0.125020 4.947191 0.419731
v 0.094122 4.943908 0.362014
v 0.185083 4.906141 0.415294
v 0.185083 4.906141 0.415294
v 0.185083 4.906141 0.415294
v 0.155224 4.966800 0.403459
v 0.155224 4.966800 0.403459
v 0.155224 4.966800 0.403459
v 0.122914 4.972497 0.349629
v 0.122914 4.972497 0.349629
v 0.122914 4.972497 0.349629
v 0.097061 4.928432 0.331176
v 0.097061 4.928432 0.331176
v 0.097061 4.928432 0.331176
v -0.192357 4.982072 0.412688
v -0.181087 4.906141 0.417052
v -0.140430 4.885662 0.410367
v -0.068322 4.890286 0.418074
v -0.063290 4.910675 0.419164
v -0.093557 4.922474 0.421967
v -0.151344 4.966800 0.404930
v -0.119552 4.972497 0.350793
v -0.068451 4.921680 0.380627
v -0.049583 4.909596 0.399042
v -0.051685 4.889169 0.398056
v -0.119992 4.996779 0.315795
v -0.093877 4.928432 0.332092
v -0.071156 4.908971 0.364430
v -0.120985 4.947191 0.420912
v -0.090642 4.943908 0.362901
v -0.181087 4.906141 0.417052
v -0.181087 4.906141 0.417052
v -0.181087 4.906141 0.417052
v -0.151344 4.966800 0.404930
v -0.151344 4.966800 0.404930
v -0.151344 4.966800 0.404930
v -0.119552 4.972497 0.350793
v -0.119552 4.972497 0.350793
v -0.119552 4.972497 0.350793
v -0.093877 4.928432 0.332092
v -0.093877 4.928432 0.332092
v -0.093877 4.928432 0.332092
v 0.002755 3.694264 0.573944
v -0.266658 3.697581 0.525990
v -0.397782 3.713880 0.430167
v -0.482528 3.774009 0.207906
v 0.271696 3.697581 0.523406
v 0.401894 3.713880 0.426329
v 0.484502 3.774009 0.203264
v 0.357208 3.767646 0.042948
v 0.002523 3.402777 0.525523
v 0.320162 3.406317 0.486030
v 0.443169 3.424476 0.381295
v 0.545270 3.494816 0.211382
v 0.362497 3.569304 0.091432
v -0.356779 3.767646 0.046375
v -0.315481 3.406317 0.489081
v -0.439488 3.424476 0.385532
v -0.543216 3.494816 0.216607
v -0.361603 3.569304 0.094908
v 0.366278 2.870345 0.548259
v 0.292942 2.794136 0.492039
v 0.431077 2.795643 0.465845
v 0.432264 2.961669 0.468468
v 0.291825 2.960689 0.496143
v 0.257264 3.270381 0.463803
v 0.400775 3.276476 0.426834
v 0.496822 3.280321 0.338730
v 0.538286 2.969937 0.379249
v 0.592022 2.972523 0.209238
v 0.623351 2.797285 0.233321
v 0.552183 2.797491 0.381076
v 0.643109 2.889127 0.343469
v 0.543115 2.515653 0.362299
v 0.639079 2.421653 0.312455
v 0.532205 2.345788 0.343063
v 0.598562 2.343224 0.221987
v 0.586313 2.519518 0.214141
v 0.598845 2.509853 0.088002
v 0.611310 2.798656 0.096921
v 0.641096 2.880330 -0.007237
v 0.592093 2.974783 0.093919
v 0.549087 2.968786 -0.048382
v 0.515864 2.790313 -0.028825
v 0.536576 2.517108 -0.027722
v 0.610083 2.431275 -0.012847
v 0.523838 2.350099 -0.033060
v 0.590373 2.347530 0.087070
v 0.568403 2.101188 0.077036
v 0.564072 2.019175 -0.004942
v 0.549915 1.938550 0.060118
v 0.490583 1.945343 -0.031787
v 0.504248 2.113317 -0.021620
v 0.404063 2.109726 -0.078074
v 0.403159 1.946737 -0.081011
v 0.272993 1.947466 -0.071628
v 0.339439 2.014265 -0.152603
v 0.260049 2.114154 -0.076086
v 0.266007 2.337659 -0.064367
v 0.330434 2.424197 -0.166760
v 0.412481 2.350966 -0.079400
v 0.402023 2.517347 -0.113993
v 0.275201 2.515261 -0.112227
v 0.576976 2.104140 0.184511
v 0.522647 2.106950 0.304274
v 0.596673 2.014253 0.255254
v 0.517504 1.942508 0.275441
v 0.567944 1.937085 0.168491
v 0.534458 1.742868 0.124406
v 0.564080 1.663412 0.194910
v 0.547757 1.590380 0.131845
v 0.496700 1.588177 0.230415
v 0.503095 1.740549 0.243168
v 0.425273 1.742784 0.327718
v 0.421433 1.577439 0.282291
v 0.306747 1.578992 0.301693
v 0.353660 1.663606 0.375976
v 0.287728 1.747264 0.334756
v 0.288225 1.937919 0.353511
v 0.420445 1.942667 0.356333
v 0.419691 2.105140 0.389135
v 0.288560 2.100478 0.391770
v 0.345354 2.026040 0.446607
v 0.532487 1.744610 0.040188
v 0.537853 1.586387 0.036903
v 0.496509 1.578495 -0.059012
v 0.479824 1.746407 -0.044278
v 0.567312 1.684963 -0.039183
v 0.365301 2.430190 0.502154
v 0.294211 2.351491 0.434851
v 0.423127 2.350858 0.432763
v 0.425926 2.513068 0.450369
v 0.302463 2.514630 0.462008
v 0.400221 1.749005 -0.080791
v 0.326385 1.677924 -0.163996
v 0.402588 1.570670 -0.130082
v 0.277761 1.573568 -0.106809
v 0.272207 1.736987 -0.060127
v 0.386245 2.965350 -0.141232
v 0.332516 2.886367 -0.204354
v 0.404820 2.800098 -0.131146
v 0.280664 2.795852 -0.136635
v 0.274682 2.964323 -0.137389
v 0.139943 2.963196 0.389716
v 0.145505 2.797665 0.385482
v 0.169600 2.496519 0.356529
v 0.180389 2.350711 0.328707
v 0.200488 2.092925 0.282333
v 0.214701 1.944720 0.255773
v 0.191750 1.945104 0.111261
v 0.172619 2.094384 0.137209
v 0.132045 2.354499 0.156480
v 0.105632 2.495513 0.182675
v 0.069089 2.791346 0.224956
v 0.066461 2.951615 0.248595
v 0.565052 3.254484 0.208484
v 0.567183 3.254914 0.073959
v 0.501620 3.247389 -0.049521
v 0.387352 3.239541 -0.155715
v 0.255827 3.228827 -0.215709
v 0.163485 2.963993 -0.049994
v 0.161542 2.799603 -0.046682
v 0.182296 2.513134 -0.022693
v 0.195213 2.344957 0.005708
v 0.206490 2.107796 -0.002560
v 0.209070 1.955728 0.016476
v 0.275993 1.434293 -0.098211
v 0.396612 1.429529 -0.141033
v 0.513167 1.429549 -0.077539
v 0.550967 1.429910 0.028636
v 0.545523 1.439215 0.131656
v 0.486878 1.444005 0.222208
v 0.406659 1.449420 0.266473
v 0.311723 1.447766 0.265867
v 0.396376 0.116675 0.495725
v 0.516349 0.117895 0.479737
v 0.531688 0.128176 0.367631
v 0.460078 0.306873 0.126791
v 0.366347 0.126783 0.395493
v 0.331740 0.317855 0.158377
v 0.563721 0.083465 0.516015
v 0.593031 0.082528 0.352432
v 0.536112 0.168171 0.090138
v 0.503449 0.169201 -0.058017
v 0.481129 0.306787 -0.074661
v 0.594478 -0.002562 0.364486
v 0.582419 -0.003916 0.293634
v 0.558811 0.000972 0.509703
v 0.366691 0.072086 0.531931
v 0.378618 0.001024 0.516832
v 0.322152 0.091515 0.412985
v 0.265101 0.182803 0.116319
v 0.250886 0.308721 -0.004693
v 0.248766 0.133507 -0.025616
v 0.261749 0.107125 0.098674
v 0.315988 0.013045 0.275184
v 0.538176 0.095398 0.086159
v 0.341158 0.003203 0.375216
v 0.473716 -0.005203 0.037011
v 0.282897 -0.004696 0.065816
v 0.274143 -0.004786 -0.037059
v 0.289472 0.304924 -0.125039
v 0.331009 -0.004188 -0.119087
v 0.301032 0.131103 -0.136866
v 0.406262 0.309367 -0.151831
v 0.413335 0.134518 -0.167025
v 0.413043 -0.006288 -0.123863
v 0.482067 -0.005692 -0.049074
v 0.123740 3.248154 0.419975
v 0.020259 3.192889 0.244883
v 0.105602 3.078384 -0.112433
v 0.139943 2.963196 0.389716
v 0.291825 2.960689 0.496143
v 0.257264 3.270381 0.463803
v 0.066461 2.951615 0.248595
v 0.163485 2.963993 -0.049994
v 0.255827 3.228827 -0.215709
v 0.274682 2.964323 -0.137389
v 0.302463 2.514630 0.462008
v 0.292942 2.794136 0.492039
v 0.145505 2.797665 0.385482
v 0.169600 2.496519 0.356529
v 0.105632 2.495513 0.182675
v 0.069089 2.791346 0.224956
v 0.182296 2.513134 -0.022693
v 0.161542 2.799603 -0.046682
v 0.280664 2.795852 -0.136635
v 0.275201 2.515261 -0.112227
v 0.288560 2.100478 0.391770
v 0.294211 2.351491 0.434851
v 0.180389 2.350711 0.328707
v 0.200488 2.092925 0.282333
v 0.172619 2.094384 0.137209
v 0.132045 2.354499 0.156480
v 0.195213 2.344957 0.005708
v 0.266007 2.337659 -0.064367
v 0.260049 2.114154 -0.076086
v 0.206490 2.107796 -0.002560
v 0.221203 1.753043 0.226039
v 0.241183 1.576100 0.187605
v 0.239464 1.439480 0.176004
v 0.198190 1.445228 0.068696
v 0.221215 1.589487 0.072067
v 0.210704 1.757593 0.091857
v 0.248108 1.747387 -0.000960
v 0.231875 1.581639 -0.006352
v 0.227619 1.439851 -0.056250
v 0.287728 1.747264 0.334756
v 0.288225 1.937919 0.353511
v 0.214701 1.944720 0.255773
v 0.191750 1.945104 0.111261
v 0.209070 1.955728 0.016476
v 0.272993 1.947466 -0.071628
v 0.272207 1.736987 -0.060127
v 0.277761 1.573568 -0.106809
v 0.306747 1.578992 0.301693
v 0.275993 1.434293 -0.098211
v 0.311723 1.447766 0.265867
v -0.360998 2.870345 0.551750
v -0.288205 2.794136 0.494829
v -0.426585 2.795643 0.469962
v -0.427746 2.961669 0.472597
v -0.287048 2.960689 0.498922
v -0.252800 3.270381 0.466252
v -0.396659 3.276476 0.430662
v -0.493547 3.280321 0.343484
v -0.534620 2.969937 0.384400
v -0.589986 2.972523 0.214912
v -0.621082 2.797285 0.239295
v -0.548499 2.797491 0.386359
v -0.639782 2.889127 0.349627
v -0.539612 2.515653 0.367496
v -0.636050 2.421653 0.318576
v -0.528887 2.345788 0.348157
v -0.596404 2.343224 0.227724
v -0.584230 2.519518 0.219760
v -0.597973 2.509853 0.093747
v -0.610352 2.798656 0.102785
v -0.641136 2.880330 -0.001082
v -0.591164 2.974783 0.099599
v -0.549526 2.968786 -0.043109
v -0.516116 2.790313 -0.023871
v -0.536818 2.517108 -0.022569
v -0.610179 2.431275 -0.006989
v -0.524132 2.350099 -0.028029
v -0.589510 2.347530 0.092734
v -0.567638 2.101188 0.082490
v -0.564093 2.019175 0.000474
v -0.549312 1.938550 0.065395
v -0.490866 1.945343 -0.027076
v -0.504432 2.113317 -0.016778
v -0.404794 2.109726 -0.074191
v -0.403918 1.946737 -0.077137
v -0.273668 1.947466 -0.069004
v -0.340889 2.014265 -0.149337
v -0.260767 2.114154 -0.073586
v -0.266613 2.337659 -0.061810
v -0.332020 2.424197 -0.163580
v -0.413224 2.350966 -0.075436
v -0.403099 2.517347 -0.110128
v -0.276266 2.515261 -0.109580
v -0.575178 2.104140 0.190041
v -0.519701 2.106950 0.309277
v -0.594195 2.014253 0.260970
v -0.514836 1.942508 0.280397
v -0.566301 1.937085 0.173935
v -0.533239 1.742868 0.129531
v -0.562183 1.663412 0.200316
v -0.546466 1.590380 0.137098
v -0.494465 1.588177 0.235173
v -0.500737 1.740549 0.247987
v -0.422107 1.742784 0.331786
v -0.418703 1.577439 0.286324
v -0.303836 1.578992 0.304624
v -0.350034 1.663606 0.379354
v -0.284501 1.747264 0.337503
v -0.284818 1.937919 0.356261
v -0.417005 1.942667 0.360353
v -0.415936 2.105140 0.393146
v -0.284785 2.100478 0.394523
v -0.341050 2.026040 0.449902
v -0.532077 1.744610 0.045299
v -0.537474 1.586387 0.042064
v -0.497053 1.578495 -0.054243
v -0.480227 1.746407 -0.039669
v -0.567662 1.684963 -0.033735
v -0.360463 2.430190 0.505638
v -0.290023 2.351491 0.437655
v -0.418953 2.350858 0.436805
v -0.421582 2.513068 0.454437
v -0.298014 2.514630 0.464891
v -0.400978 1.749005 -0.076945
v -0.327944 1.677924 -0.160855
v -0.403818 1.570670 -0.126211
v -0.278773 1.573568 -0.104137
v -0.272772 1.736987 -0.057511
v -0.387583 2.965350 -0.137517
v -0.334462 2.886367 -0.201152
v -0.406061 2.800098 -0.127253
v -0.281963 2.795852 -0.133934
v -0.275988 2.964323 -0.134746
v -0.136196 2.963196 0.391041
v -0.141798 2.797665 0.386861
v -0.166170 2.496519 0.358141
v -0.177225 2.350711 0.330424
v -0.197768 2.092925 0.284245
v -0.212236 1.944720 0.257823
v -0.190673 1.945104 0.113097
v -0.171293 2.094384 0.138860
v -0.130536 2.354499 0.157740
v -0.103873 2.495513 0.183681
v -0.066926 2.791346 0.225609
v -0.064071 2.951615 0.249221
v -0.563025 3.254484 0.213899
v -0.566446 3.254914 0.079401
v -0.502072 3.247389 -0.044703
v -0.388829 3.239541 -0.151989
v -0.257886 3.228827 -0.213243
v -0.163957 2.963993 -0.048423
v -0.161982 2.799603 -0.045129
v -0.182506 2.513134 -0.020942
v -0.195149 2.344957 0.007582
v -0.206505 2.107796 -0.000578
v -0.208903 1.955728 0.018482
v -0.276923 1.434293 -0.095557
v -0.397947 1.429529 -0.137219
v -0.513887 1.429549 -0.072609
v -0.550667 1.429910 0.033924
v -0.544234 1.439215 0.136887
v -0.484723 1.444005 0.226872
v -0.404082 1.449420 0.270365
v -0.309156 1.447766 0.268847
v -0.391599 0.116675 0.499508
v -0.511719 0.117895 0.484672
v -0.528134 0.128176 0.372718
v -0.458840 0.306873 0.131202
v -0.362533 0.126783 0.398992
v -0.330204 0.317855 0.161555
v -0.558742 0.083465 0.521403
v -0.589620 0.082528 0.358109
v -0.535222 0.168171 0.095280
v -0.503983 0.169201 -0.053181
v -0.481824 0.306787 -0.070039
v -0.590952 -0.002562 0.370176
v -0.579573 -0.003916 0.299212
v -0.553892 0.000972 0.515045
v -0.361567 0.072086 0.535427
v -0.373639 0.001024 0.520444
v -0.318172 0.091515 0.416059
v -0.263972 0.182803 0.118859
v -0.250920 0.308721 -0.002285
v -0.249000 0.133507 -0.023227
v -0.260789 0.107125 0.101182
v -0.313331 0.013045 0.278205
v -0.537324 0.095398 0.091321
v -0.337540 0.003203 0.378474
v -0.473339 -0.005203 0.041558
v -0.282252 -0.004696 0.068529
v -0.274486 -0.004786 -0.034426
v -0.290659 0.304924 -0.122254
v -0.332137 -0.004188 -0.115904
v -0.302333 0.131103 -0.133969
v -0.407701 0.309367 -0.147924
v -0.414919 0.134518 -0.163049
v -0.414213 -0.006288 -0.119892
v -0.482516 -0.005692 -0.044443
v -0.298014 2.514630 0.464891
v -0.166170 2.496519 0.358141
v -0.141798 2.797665 0.386861
v -0.288205 2.794136 0.494829
v -0.066926 2.791346 0.225609
v -0.103873 2.495513 0.183681
v -0.161982 2.799603 -0.045129
v -0.182506 2.513134 -0.020942
v -0.276266 2.515261 -0.109580
v -0.281963 2.795852 -0.133934
v -0.284785 2.100478 0.394523
v -0.197768 2.092925 0.284245
v -0.177225 2.350711 0.330424
v -0.290023 2.351491 0.437655
v -0.130536 2.354499 0.157740
v -0.171293 2.094384 0.138860
v -0.206505 2.107796 -0.000578
v -0.260767 2.114154 -0.073586
v -0.266613 2.337659 -0.061810
v -0.195149 2.344957 0.007582
v -0.219022 1.753043 0.228152
v -0.239371 1.576100 0.189912
v -0.237763 1.439480 0.178294
v -0.197521 1.445228 0.070596
v -0.220513 1.589487 0.074187
v -0.209813 1.757593 0.093875
v -0.248106 1.747387 0.001422
v -0.231925 1.581639 -0.004126
v -0.228148 1.439851 -0.054062
v -0.212236 1.944720 0.257823
v -0.284818 1.937919 0.356261
v -0.284501 1.747264 0.337503
v -0.190673 1.945104 0.113097
v -0.272772 1.736987 -0.057511
v -0.273668 1.947466 -0.069004
v -0.208903 1.955728 0.018482
v -0.278773 1.573568 -0.104137
v -0.303836 1.578992 0.304624
v -0.276923 1.434293 -0.095557
v -0.309156 1.447766 0.268847
v -0.119703 3.248154 0.421143
v -0.017907 3.192889 0.245066
v -0.106676 3.078384 -0.111414
v -0.252800 3.270381 0.466252
v -0.287048 2.960689 0.498922
v -0.136196 2.963196 0.391041
v -0.064071 2.951615 0.249221
v -0.163957 2.963993 -0.048423
v -0.275988 2.964323 -0.134746
v -0.257886 3.228827 -0.213243
vt 0.140926 0.397543
vt 0.117510 0.397546
vt 0.117527 0.372030
vt 0.140926 0.372002
vt 0.117489 0.419386
vt 0.140926 0.419289
vt 0.167283 0.419321
vt 0.167283 0.397533
vt 0.167283 0.372055
vt 0.117524 0.349560
vt 0.140926 0.349532
vt 0.167283 0.349650
vt 0.096499 0.397554
vt 0.096499 0.419289
vt 0.073756 0.419209
vt 0.073756 0.397627
vt 0.073756 0.372149
vt 0.096503 0.372053
vt 0.096501 0.349598
vt 0.167283 0.328847
vt 0.140926 0.328742
vt 0.167283 0.222582
vt 0.167283 0.284041
vt 0.140926 0.262093
vt 0.140926 0.222673
vt 0.117522 0.261490
vt 0.117518 0.222795
vt 0.117514 0.328768
vt 0.096501 0.328866
vt 0.006073 0.242011
vt 0.005387 0.224117
vt 0.029790 0.223848
vt 0.029444 0.238469
vt 0.049543 0.223622
vt 0.051222 0.238677
vt 0.011514 0.267555
vt 0.034398 0.256768
vt 0.053611 0.257982
vt 0.040211 0.274363
vt 0.056046 0.280078
vt 0.022091 0.287089
vt 0.046542 0.296965
vt 0.100940 0.222990
vt 0.103405 0.245306
vt 0.081842 0.223199
vt 0.086241 0.241520
vt 0.104325 0.289169
vt 0.082212 0.260206
vt 0.074848 0.283829
vt 0.090182 0.308046
vt 0.061725 0.304253
vt 0.070430 0.314172
vt 0.096498 0.442031
vt 0.073756 0.442031
vt 0.117487 0.442031
vt 0.140927 0.442031
vt 0.167283 0.442031
vt 0.073756 0.349665
vt 0.073756 0.328931
vt 0.140926 0.048695
vt 0.140926 0.072566
vt 0.117521 0.072536
vt 0.117503 0.048758
vt 0.117481 0.025122
vt 0.140927 0.025341
vt 0.167283 0.025190
vt 0.167283 0.048540
vt 0.167283 0.072514
vt 0.117518 0.095115
vt 0.140926 0.095031
vt 0.167283 0.095383
vt 0.096498 0.048879
vt 0.096498 0.025384
vt 0.070059 0.025612
vt 0.070059 0.049784
vt 0.096502 0.072511
vt 0.070059 0.072408
vt 0.096500 0.095231
vt 0.167283 0.115814
vt 0.140926 0.115920
vt 0.140926 0.183183
vt 0.167283 0.160935
vt 0.117520 0.183977
vt 0.117509 0.115894
vt 0.096500 0.115796
vt 0.005804 0.206023
vt 0.029153 0.209200
vt 0.050926 0.208584
vt 0.010653 0.180519
vt 0.033708 0.190798
vt 0.052921 0.189147
vt 0.039220 0.173206
vt 0.054895 0.167094
vt 0.020909 0.160780
vt 0.045051 0.150616
vt 0.102658 0.200604
vt 0.085006 0.204879
vt 0.102933 0.156327
vt 0.079897 0.186178
vt 0.073531 0.162654
vt 0.088093 0.137417
vt 0.059175 0.142686
vt 0.067311 0.131926
vt 0.070059 0.002381
vt 0.096497 0.002381
vt 0.117479 0.002381
vt 0.140927 0.002381
vt 0.167283 0.002381
vt 0.070059 0.095431
vt 0.070059 0.115734
vt 0.263081 0.441668
vt 0.218372 0.441668
vt 0.242202 0.404965
vt 0.214331 0.404954
vt 0.192238 0.441668
vt 0.178592 0.441668
vt 0.178592 0.404806
vt 0.242640 0.370500
vt 0.263081 0.370515
vt 0.215923 0.370503
vt 0.194235 0.370508
vt 0.178592 0.370518
vt 0.217689 0.323896
vt 0.241020 0.323901
vt 0.203937 0.323894
vt 0.263081 0.323907
vt 0.244308 0.268980
vt 0.263081 0.268995
vt 0.242931 0.220536
vt 0.263081 0.220503
vt 0.220961 0.268983
vt 0.217093 0.220569
vt 0.203822 0.268984
vt 0.195202 0.220587
vt 0.178592 0.220596
vt 0.178592 0.269024
vt 0.178592 0.323906
vt 0.263081 -0.000221
vt 0.243164 0.032595
vt 0.218368 -0.000221
vt 0.214325 0.032593
vt 0.178592 0.032591
vt 0.178592 -0.000221
vt 0.192236 -0.000221
vt 0.242641 0.061820
vt 0.263081 0.061827
vt 0.215919 0.061821
vt 0.194235 0.061824
vt 0.178592 0.061828
vt 0.217684 0.103763
vt 0.241020 0.103727
vt 0.203938 0.103781
vt 0.263081 0.103679
vt 0.244305 0.156424
vt 0.263081 0.156425
vt 0.220957 0.156424
vt 0.203819 0.156424
vt 0.178592 0.156427
vt 0.178592 0.103694
vt 0.274624 0.161509
vt 0.274624 0.138483
vt 0.294105 0.138480
vt 0.291731 0.161509
vt 0.308932 0.161509
vt 0.309286 0.138480
vt 0.320099 0.161509
vt 0.319527 0.138479
vt 0.332923 0.161509
vt 0.330870 0.138479
vt 0.341055 0.161509
vt 0.341054 0.138480
vt 0.291381 0.111350
vt 0.274624 0.111356
vt 0.274624 0.023893
vt 0.274624 0.004221
vt 0.290960 0.004221
vt 0.290044 0.023892
vt 0.289339 0.082546
vt 0.274624 0.082548
vt 0.274624 0.046043
vt 0.287297 0.046050
vt 0.303556 0.111349
vt 0.309153 0.004221
vt 0.307425 0.023893
vt 0.302898 0.082549
vt 0.302241 0.046038
vt 0.313931 0.111349
vt 0.325936 0.004221
vt 0.324161 0.023892
vt 0.316382 0.082547
vt 0.318834 0.046047
vt 0.327585 0.082547
vt 0.327904 0.046042
vt 0.327267 0.111344
vt 0.334137 0.004221
vt 0.332579 0.023892
vt 0.341054 0.004221
vt 0.341054 0.023892
vt 0.341054 0.046037
vt 0.341054 0.082551
vt 0.341054 0.111339
vt 0.299626 0.222234
vt 0.274625 0.222234
vt 0.274625 0.192697
vt 0.290378 0.192715
vt 0.313862 0.222234
vt 0.303901 0.192686
vt 0.325673 0.222234
vt 0.320255 0.192675
vt 0.333104 0.222233
vt 0.333824 0.192680
vt 0.341055 0.222234
vt 0.341055 0.192664
vt 0.274625 0.282956
vt 0.291732 0.282958
vt 0.294106 0.305985
vt 0.274625 0.305989
vt 0.308933 0.282959
vt 0.309287 0.305984
vt 0.320100 0.282959
vt 0.319528 0.305983
vt 0.332923 0.282958
vt 0.330870 0.305984
vt 0.341055 0.282958
vt 0.341055 0.305985
vt 0.291381 0.333118
vt 0.274625 0.333116
vt 0.290045 0.420619
vt 0.290961 0.440245
vt 0.274625 0.440246
vt 0.274625 0.420529
vt 0.289340 0.361903
vt 0.287298 0.398467
vt 0.274625 0.398417
vt 0.274625 0.361914
vt 0.303556 0.333119
vt 0.307426 0.420560
vt 0.309154 0.440245
vt 0.302899 0.361919
vt 0.302242 0.398389
vt 0.313931 0.333118
vt 0.324162 0.420602
vt 0.325937 0.440245
vt 0.316383 0.361907
vt 0.318835 0.398444
vt 0.327586 0.361908
vt 0.327905 0.398413
vt 0.327267 0.333120
vt 0.332580 0.420577
vt 0.334138 0.440245
vt 0.341055 0.420619
vt 0.341055 0.440246
vt 0.341055 0.361934
vt 0.341055 0.398379
vt 0.341055 0.333122
vt 0.290378 0.251767
vt 0.274625 0.251774
vt 0.303901 0.251778
vt 0.320256 0.251783
vt 0.333824 0.251781
vt 0.341055 0.251787
vt 0.664687 0.898048
vt 0.664669 0.875041
vt 0.678923 0.875041
vt 0.678923 0.898054
vt 0.651021 0.898050
vt 0.650853 0.875041
vt 0.664693 0.912290
vt 0.678923 0.912299
vt 0.650816 0.912286
vt 0.664685 0.927930
vt 0.678923 0.927840
vt 0.650821 0.927908
vt 0.664647 0.940044
vt 0.678923 0.940005
vt 0.650667 0.940096
vt 0.664681 0.958949
vt 0.678923 0.958957
vt 0.650906 0.958948
vt 0.650843 0.857537
vt 0.664670 0.857537
vt 0.664670 0.984470
vt 0.678923 0.984470
vt 0.678923 0.857537
vt 0.650840 0.984470
vt 0.636823 0.875041
vt 0.637032 0.897953
vt 0.636881 0.912275
vt 0.636958 0.927862
vt 0.636776 0.940175
vt 0.636757 0.958961
vt 0.636882 0.984470
vt 0.636883 0.857537
vt 0.624252 0.875062
vt 0.624252 0.909788
vt 0.624252 0.932804
vt 0.624252 0.958964
vt 0.624252 0.984470
vt 0.624252 0.857537
vt 0.949524 0.780073
vt 0.934805 0.776567
vt 0.959963 0.752474
vt 0.892881 0.773762
vt 0.871273 0.764547
vt 0.871273 0.752474
vt 0.892881 0.752474
vt 0.959963 0.752474
vt 0.934805 0.776567
vt 0.846516 0.774490
vt 0.846516 0.763388
vt 0.871273 0.778639
vt 0.871273 0.819552
vt 0.846516 0.819552
vt 0.846516 0.789618
vt 0.871273 0.791600
vt 0.892881 0.786719
vt 0.892881 0.819552
vt 0.892881 0.795826
vt 0.960703 0.819552
vt 0.959963 0.752474
vt 0.960703 0.819552
vt 0.949524 0.780073
vt 0.925859 0.801314
vt 0.934805 0.776567
vt 0.949524 0.780073
vt 0.960703 0.819552
vt 0.960703 0.819552
vt 0.959963 0.752474
vt 0.934805 0.776567
vt 0.925859 0.801314
vt 0.960703 0.819552
vt 0.925859 0.801314
vt 0.934805 0.776567
vt 0.925859 0.801314
vt 0.846516 0.752474
vt 0.804089 0.782703
vt 0.821422 0.796648
vt 0.782537 0.819552
vt 0.780913 0.752474
vt 0.781968 0.797319
vt 0.769723 0.531463
vt 0.762752 0.533893
vt 0.747453 0.525064
vt 0.751532 0.512459
vt 0.765601 0.509623
vt 0.773106 0.530050
vt 0.744243 0.505847
vt 0.759304 0.496298
vt 0.736681 0.518523
vt 0.734956 0.538596
vt 0.759507 0.538850
vt 0.722590 0.536489
vt 0.749253 0.552694
vt 0.762441 0.545242
vt 0.770896 0.546773
vt 0.753977 0.567584
vt 0.739362 0.554518
vt 0.740589 0.572380
vt 0.765682 0.569977
vt 0.774215 0.548602
vt 0.737722 0.500612
vt 0.747554 0.481493
vt 0.726321 0.509824
vt 0.728388 0.571569
vt 0.731363 0.552463
vt 0.709357 0.533863
vt 0.757777 0.467871
vt 0.764467 0.474202
vt 0.741942 0.476169
vt 0.739728 0.462146
vt 0.711169 0.506064
vt 0.725800 0.496367
vt 0.685756 0.537085
vt 0.741697 0.613386
vt 0.706553 0.595393
vt 0.745452 0.593220
vt 0.750170 0.601928
vt 0.761821 0.586584
vt 0.760902 0.597682
vt 0.714062 0.374283
vt 0.754390 0.358769
vt 0.760184 0.386934
vt 0.726896 0.393623
vt 0.693596 0.565478
vt 0.716458 0.417481
vt 0.694687 0.405851
vt 0.718896 0.441305
vt 0.682657 0.437663
vt 0.719797 0.465223
vt 0.751685 0.449278
vt 0.750635 0.434729
vt 0.767808 0.395364
vt 0.759649 0.413117
vt 0.754975 0.422634
vt 0.245089 0.992301
vt 0.245089 0.944828
vt 0.264993 0.947783
vt 0.266362 0.990865
vt 0.245089 0.902845
vt 0.269211 0.899415
vt 0.267361 0.846583
vt 0.245089 0.846316
vt 0.309935 0.885320
vt 0.293333 0.895984
vt 0.289634 0.846851
vt 0.306938 0.849476
vt 0.322506 0.944963
vt 0.284896 0.950737
vt 0.322044 0.908805
vt 0.325614 0.894875
vt 0.328838 0.859162
vt 0.352568 0.913446
vt 0.349191 0.893194
vt 0.392320 0.902929
vt 0.392320 0.911778
vt 0.348102 0.870178
vt 0.392320 0.878047
vt 0.324521 0.974716
vt 0.287635 0.989429
vt 0.352896 0.941212
vt 0.392320 0.940508
vt 0.245089 0.992301
vt 0.223816 0.990865
vt 0.225185 0.947783
vt 0.245089 0.944828
vt 0.220967 0.899415
vt 0.245089 0.902845
vt 0.222817 0.846583
vt 0.245089 0.846316
vt 0.180243 0.885320
vt 0.183240 0.849476
vt 0.200545 0.846851
vt 0.196845 0.895984
vt 0.167672 0.944963
vt 0.168134 0.908805
vt 0.205282 0.950737
vt 0.164564 0.894875
vt 0.161340 0.859162
vt 0.137610 0.913446
vt 0.140986 0.893194
vt 0.097858 0.902929
vt 0.097858 0.911778
vt 0.142076 0.870178
vt 0.097858 0.878047
vt 0.165657 0.974716
vt 0.202543 0.989429
vt 0.137282 0.941212
vt 0.097858 0.940508
vt 0.494139 0.249060
vt 0.491207 0.248846
vt 0.491338 0.244693
vt 0.495372 0.244646
vt 0.480540 0.249911
vt 0.483563 0.241479
vt 0.474720 0.239839
vt 0.470494 0.249217
vt 0.482280 0.226807
vt 0.490136 0.226919
vt 0.487109 0.233698
vt 0.477893 0.232865
vt 0.485263 0.223241
vt 0.492042 0.221979
vt 0.462028 0.238096
vt 0.457521 0.248123
vt 0.437900 0.238112
vt 0.435775 0.247783
vt 0.464298 0.228678
vt 0.450064 0.231871
vt 0.486568 0.219031
vt 0.493044 0.217440
vt 0.475983 0.224925
vt 0.487260 0.216465
vt 0.493957 0.214973
vt 0.478277 0.219540
vt 0.462067 0.225226
vt 0.454682 0.258665
vt 0.469228 0.258250
vt 0.460139 0.282794
vt 0.473597 0.286406
vt 0.473597 0.298571
vt 0.457419 0.301249
vt 0.468561 0.273846
vt 0.475549 0.274588
vt 0.474925 0.271254
vt 0.477067 0.271845
vt 0.455893 0.268993
vt 0.473046 0.267283
vt 0.476444 0.268926
vt 0.481213 0.264764
vt 0.480049 0.267770
vt 0.446052 0.229036
vt 0.428616 0.237104
vt 0.434806 0.257297
vt 0.425936 0.247411
vt 0.500112 0.209491
vt 0.500112 0.211953
vt 0.500112 0.205626
vt 0.435335 0.269721
vt 0.440908 0.304271
vt 0.434094 0.282917
vt 0.458958 0.319051
vt 0.474746 0.316308
vt 0.442423 0.321534
vt 0.423390 0.323825
vt 0.424394 0.306492
vt 0.368034 0.258852
vt 0.391576 0.254510
vt 0.388023 0.270745
vt 0.367580 0.269787
vt 0.413874 0.247753
vt 0.414775 0.237822
vt 0.445940 0.221260
vt 0.398024 0.242288
vt 0.371356 0.245202
vt 0.440721 0.193107
vt 0.472465 0.186817
vt 0.409519 0.199370
vt 0.385645 0.199054
vt 0.412420 0.170889
vt 0.390178 0.165452
vt 0.042924 0.074783
vt 0.046385 0.074783
vt 0.046385 0.104080
vt 0.042810 0.104080
vt 0.042714 0.050242
vt 0.046385 0.050242
vt 0.042983 0.028444
vt 0.046385 0.028444
vt 0.451799 0.023818
vt 0.465571 0.031002
vt 0.462183 0.048012
vt 0.439112 0.047081
vt 0.486184 0.025509
vt 0.488901 0.046650
vt 0.477713 0.009528
vt 0.500112 0.235493
vt 0.500112 0.241172
vt 0.493125 0.237912
vt 0.500112 0.221497
vt 0.500112 0.226442
vt 0.500112 0.216731
vt 0.500112 0.242866
vt 0.500112 0.245663
vt 0.496194 0.246090
vt 0.500112 0.046732
vt 0.500112 0.070468
vt 0.483215 0.068619
vt 0.500112 0.024914
vt 0.500112 0.214522
vt 0.500112 0.200274
vt 0.500112 0.181817
vt 0.500112 0.195609
vt 0.348549 0.270204
vt 0.348549 0.257771
vt 0.348549 0.244319
vt 0.460101 0.069329
vt 0.438751 0.073119
vt 0.046385 0.124729
vt 0.042975 0.124729
vt 0.468725 0.085687
vt 0.448526 0.100377
vt 0.500112 0.158585
vt 0.480031 0.159338
vt 0.452200 0.148528
vt 0.305516 0.649202
vt 0.358604 0.649992
vt 0.361150 0.673075
vt 0.308166 0.673361
vt 0.302089 0.629118
vt 0.358964 0.629118
vt 0.393044 0.650044
vt 0.383303 0.641267
vt 0.389046 0.638301
vt 0.392154 0.644026
vt 0.406871 0.674000
vt 0.414524 0.673485
vt 0.421757 0.694879
vt 0.407270 0.695335
vt 0.474062 0.112939
vt 0.456877 0.117993
vt 0.042820 0.143227
vt 0.398443 0.658255
vt 0.408982 0.658146
vt 0.500112 0.089247
vt 0.500112 0.113125
vt 0.244292 0.673423
vt 0.249256 0.649240
vt 0.204185 0.673291
vt 0.209248 0.649236
vt 0.209667 0.629118
vt 0.238553 0.629118
vt 0.235357 0.745625
vt 0.233130 0.717161
vt 0.300023 0.717161
vt 0.297350 0.745625
vt 0.203046 0.691953
vt 0.239897 0.691910
vt 0.204168 0.745625
vt 0.206906 0.717161
vt 0.487475 0.003875
vt 0.042949 0.007222
vt 0.500112 0.007850
vt 0.491230 0.255109
vt 0.482719 0.258356
vt 0.494351 0.254058
vt 0.491429 0.265896
vt 0.487269 0.266806
vt 0.482960 0.268620
vt 0.494136 0.265690
vt 0.496654 0.257672
vt 0.500112 0.258095
vt 0.500112 0.265873
vt 0.496539 0.265531
vt 0.496054 0.249066
vt 0.500112 0.249077
vt 0.495733 0.270631
vt 0.493074 0.270262
vt 0.500112 0.271258
vt 0.500112 0.289626
vt 0.490825 0.289888
vt 0.424743 0.255340
vt 0.411829 0.256907
vt 0.417717 0.262336
vt 0.413662 0.257163
vt 0.427906 0.268021
vt 0.408112 0.306704
vt 0.412791 0.292414
vt 0.426036 0.288711
vt 0.385939 0.298831
vt 0.365643 0.296575
vt 0.406546 0.324853
vt 0.390516 0.322775
vt 0.404886 0.281912
vt 0.403027 0.272725
vt 0.500112 0.232135
vt 0.493660 0.234480
vt 0.494902 0.228854
vt 0.493735 0.234154
vt 0.500112 0.229720
vt 0.500112 0.231941
vt 0.489969 0.270043
vt 0.486742 0.278585
vt 0.483109 0.274261
vt 0.486978 0.270795
vt 0.481019 0.271450
vt 0.482932 0.270084
vt 0.452725 0.346777
vt 0.472204 0.341428
vt 0.428280 0.346732
vt 0.385144 0.354353
vt 0.375466 0.346149
vt 0.348552 0.357265
vt 0.348549 0.347355
vt 0.481745 0.332314
vt 0.487813 0.313664
vt 0.348549 0.205683
vt 0.348549 0.172604
vt 0.374603 0.629118
vt 0.385456 0.629118
vt 0.370248 0.779256
vt 0.342901 0.779628
vt 0.359726 0.759284
vt 0.381519 0.759021
vt 0.406031 0.717161
vt 0.421925 0.717161
vt 0.056967 0.658946
vt 0.047820 0.656585
vt 0.048875 0.652956
vt 0.058295 0.655140
vt 0.041077 0.655337
vt 0.041730 0.652483
vt 0.048423 0.649304
vt 0.059096 0.651002
vt 0.048635 0.727844
vt 0.050957 0.734106
vt 0.038302 0.736638
vt 0.037595 0.730402
vt 0.056477 0.660956
vt 0.046866 0.658912
vt 0.041571 0.650001
vt 0.031047 0.736787
vt 0.030772 0.732154
vt 0.028636 0.735749
vt 0.028460 0.732743
vt 0.040767 0.657463
vt 0.056256 0.670909
vt 0.056202 0.674392
vt 0.042660 0.675267
vt 0.043157 0.670913
vt 0.035767 0.674246
vt 0.036292 0.671698
vt 0.042950 0.668320
vt 0.056105 0.667793
vt 0.025960 0.718097
vt 0.026543 0.721890
vt 0.024849 0.721496
vt 0.024086 0.719063
vt 0.037016 0.670071
vt 0.053778 0.740471
vt 0.047371 0.740617
vt 0.046438 0.738214
vt 0.051483 0.735864
vt 0.060739 0.740333
vt 0.059882 0.735154
vt 0.062981 0.634081
vt 0.062719 0.629309
vt 0.069727 0.628679
vt 0.070786 0.635641
vt 0.052522 0.744446
vt 0.062450 0.745144
vt 0.056901 0.629541
vt 0.059247 0.629134
vt 0.059427 0.632549
vt 0.058053 0.632675
vt 0.076525 0.643040
vt 0.069488 0.638808
vt 0.081757 0.639990
vt 0.047481 0.743273
vt 0.061456 0.637031
vt 0.079232 0.653008
vt 0.075351 0.648271
vt 0.042366 0.678127
vt 0.036792 0.676168
vt 0.032056 0.717754
vt 0.032749 0.722785
vt 0.046259 0.694312
vt 0.047724 0.692459
vt 0.060409 0.693629
vt 0.059812 0.697546
vt 0.042716 0.685157
vt 0.058231 0.683924
vt 0.058474 0.688104
vt 0.042758 0.688644
vt 0.031554 0.707803
vt 0.031463 0.711712
vt 0.029429 0.711996
vt 0.029468 0.708073
vt 0.046794 0.696003
vt 0.044850 0.698669
vt 0.044219 0.697143
vt 0.057845 0.700261
vt 0.047956 0.691403
vt 0.060859 0.691984
vt 0.055737 0.706537
vt 0.058932 0.690548
vt 0.042260 0.690470
vt 0.056111 0.677904
vt 0.047431 0.717171
vt 0.047296 0.723232
vt 0.050014 0.708583
vt 0.048337 0.715830
vt 0.041997 0.683459
vt 0.057196 0.680930
vt 0.080457 0.628679
vt 0.066768 0.734753
vt 0.071197 0.739596
vt 0.078674 0.745575
vt 0.072399 0.677975
vt 0.071827 0.665275
vt 0.159892 0.691958
vt 0.116738 0.691964
vt 0.116527 0.673428
vt 0.160356 0.673360
vt 0.111256 0.649230
vt 0.160252 0.649233
vt 0.118904 0.629118
vt 0.164285 0.629118
vt 0.071380 0.691305
vt 0.115903 0.717161
vt 0.161405 0.717161
vt 0.160572 0.745625
vt 0.116977 0.745625
vt 0.069810 0.700623
vt 0.067806 0.704476
vt 0.070445 0.691658
vt 0.066391 0.711464
vt 0.063037 0.718359
vt 0.069412 0.678339
vt 0.068988 0.665041
vt 0.063613 0.726321
vt 0.067872 0.733748
vt 0.087354 0.727571
vt 0.500112 0.353801
vt 0.500112 0.352387
vt 0.500112 0.348054
vt 0.500112 0.336599
vt 0.375699 0.652135
vt 0.386677 0.673627
vt 0.385761 0.695180
vt 0.373703 0.694727
vt 0.374179 0.673352
vt 0.361028 0.694365
vt 0.377487 0.717161
vt 0.368138 0.717161
vt 0.388986 0.745578
vt 0.363321 0.745578
vt 0.363983 0.629118
vt 0.359141 0.745578
vt 0.367527 0.650657
vt 0.361341 0.629118
vt 0.414694 0.267433
vt 0.409153 0.264095
vt 0.415406 0.290645
vt 0.408400 0.281167
vt 0.424417 0.287206
vt 0.407268 0.272211
vt 0.413694 0.273707
vt 0.426964 0.278968
vt 0.414231 0.276735
vt 0.405812 0.263646
vt 0.500112 0.313154
vt 0.358775 0.717161
vt 0.354723 0.745578
vt 0.306957 0.691845
vt 0.373208 0.334083
vt 0.375183 0.319556
vt 0.348549 0.336249
vt 0.348549 0.293716
vt 0.348549 0.317880
vt 0.506086 0.249060
vt 0.504852 0.244646
vt 0.508886 0.244693
vt 0.509017 0.248846
vt 0.516662 0.241479
vt 0.519684 0.249911
vt 0.525505 0.239839
vt 0.529730 0.249217
vt 0.517944 0.226807
vt 0.522332 0.232865
vt 0.513116 0.233698
vt 0.510089 0.226919
vt 0.508183 0.221979
vt 0.514961 0.223241
vt 0.538197 0.238096
vt 0.542704 0.248123
vt 0.562325 0.238112
vt 0.564450 0.247783
vt 0.535927 0.228678
vt 0.550161 0.231871
vt 0.507181 0.217440
vt 0.513657 0.219031
vt 0.524242 0.224925
vt 0.512964 0.216465
vt 0.506268 0.214973
vt 0.521948 0.219540
vt 0.538157 0.225226
vt 0.545543 0.258665
vt 0.530997 0.258250
vt 0.540085 0.282794
vt 0.542806 0.301249
vt 0.526627 0.298571
vt 0.526627 0.286406
vt 0.524676 0.274588
vt 0.531664 0.273846
vt 0.523060 0.271777
vt 0.525091 0.271206
vt 0.544331 0.268993
vt 0.527179 0.267283
vt 0.523652 0.268956
vt 0.519012 0.264764
vt 0.520233 0.267838
vt 0.554173 0.229036
vt 0.571608 0.237104
vt 0.565419 0.257297
vt 0.574288 0.247411
vt 0.564890 0.269721
vt 0.559317 0.304271
vt 0.566131 0.282917
vt 0.541267 0.319051
vt 0.525478 0.316308
vt 0.557802 0.321534
vt 0.575831 0.306492
vt 0.576834 0.323825
vt 0.632191 0.258852
vt 0.632645 0.269787
vt 0.612202 0.270745
vt 0.608649 0.254510
vt 0.586350 0.247753
vt 0.585450 0.237822
vt 0.554285 0.221260
vt 0.602201 0.242288
vt 0.628869 0.245202
vt 0.559504 0.193107
vt 0.527759 0.186817
vt 0.590705 0.199370
vt 0.614579 0.199054
vt 0.587805 0.170889
vt 0.610047 0.165452
vt 0.015757 0.379191
vt 0.015757 0.408489
vt 0.012855 0.408489
vt 0.012855 0.379191
vt 0.015757 0.354650
vt 0.012855 0.354650
vt 0.012855 0.332852
vt 0.015757 0.332852
vt 0.548426 0.023818
vt 0.561112 0.047081
vt 0.538042 0.048012
vt 0.534654 0.031002
vt 0.511324 0.046650
vt 0.514041 0.025509
vt 0.522511 0.009528
vt 0.507100 0.237912
vt 0.504031 0.246090
vt 0.517010 0.068619
vt 0.651676 0.257771
vt 0.651676 0.270204
vt 0.651676 0.244319
vt 0.540123 0.069329
vt 0.561473 0.073119
vt 0.012855 0.429137
vt 0.015757 0.429137
vt 0.531500 0.085687
vt 0.551699 0.100377
vt 0.520194 0.159338
vt 0.548025 0.148528
vt 0.305509 0.649210
vt 0.308160 0.673368
vt 0.361143 0.673082
vt 0.358597 0.649999
vt 0.358962 0.629125
vt 0.302082 0.629125
vt 0.393038 0.650051
vt 0.392148 0.644033
vt 0.389039 0.638308
vt 0.383297 0.641275
vt 0.406864 0.674007
vt 0.407265 0.695343
vt 0.421751 0.694887
vt 0.414517 0.673493
vt 0.526163 0.112939
vt 0.543348 0.117993
vt 0.015825 0.447635
vt 0.398436 0.658263
vt 0.408976 0.658154
vt 0.249249 0.649247
vt 0.244288 0.673431
vt 0.209242 0.649243
vt 0.204181 0.673299
vt 0.238548 0.629125
vt 0.209661 0.629125
vt 0.233124 0.717168
vt 0.235351 0.745633
vt 0.297343 0.745633
vt 0.300017 0.717168
vt 0.239889 0.691918
vt 0.203039 0.691960
vt 0.206900 0.717168
vt 0.204161 0.745633
vt 0.512750 0.003875
vt 0.015872 0.311630
vt 0.508994 0.255109
vt 0.517506 0.258356
vt 0.505873 0.254058
vt 0.508795 0.265896
vt 0.512956 0.266806
vt 0.517474 0.268660
vt 0.506089 0.265690
vt 0.503571 0.257672
vt 0.503685 0.265531
vt 0.504170 0.249066
vt 0.504492 0.270631
vt 0.507150 0.270262
vt 0.509400 0.289888
vt 0.588396 0.256907
vt 0.575482 0.255340
vt 0.582508 0.262336
vt 0.572318 0.268021
vt 0.586563 0.257163
vt 0.574188 0.288711
vt 0.587434 0.292414
vt 0.592112 0.306704
vt 0.614286 0.298831
vt 0.634582 0.296575
vt 0.593678 0.324853
vt 0.609708 0.322775
vt 0.595339 0.281912
vt 0.597198 0.272725
vt 0.506565 0.234480
vt 0.505323 0.228854
vt 0.506490 0.234154
vt 0.510256 0.270043
vt 0.513246 0.270795
vt 0.517116 0.274261
vt 0.513483 0.278585
vt 0.519313 0.271395
vt 0.517499 0.270075
vt 0.547499 0.346777
vt 0.528021 0.341428
vt 0.571945 0.346732
vt 0.615081 0.354353
vt 0.624759 0.346149
vt 0.651673 0.357265
vt 0.651676 0.347355
vt 0.518480 0.332314
vt 0.512411 0.313664
vt 0.651676 0.205683
vt 0.651676 0.172604
vt 0.374597 0.629125
vt 0.385449 0.629125
vt 0.370241 0.779263
vt 0.381512 0.759029
vt 0.359719 0.759292
vt 0.342895 0.779635
vt 0.406026 0.717168
vt 0.421920 0.717168
vt 0.056961 0.658954
vt 0.058289 0.655148
vt 0.048869 0.652963
vt 0.047814 0.656592
vt 0.041724 0.652491
vt 0.041071 0.655344
vt 0.048417 0.649312
vt 0.059089 0.651009
vt 0.048629 0.727851
vt 0.037589 0.730409
vt 0.038296 0.736645
vt 0.050951 0.734114
vt 0.056471 0.660964
vt 0.046860 0.658920
vt 0.041731 0.650008
vt 0.031041 0.736794
vt 0.030766 0.732162
vt 0.028454 0.732751
vt 0.028630 0.735756
vt 0.040760 0.657470
vt 0.056250 0.670916
vt 0.043151 0.670920
vt 0.042654 0.675274
vt 0.056195 0.674399
vt 0.035760 0.674253
vt 0.036286 0.671706
vt 0.056099 0.667801
vt 0.042944 0.668327
vt 0.025954 0.718104
vt 0.024079 0.719071
vt 0.024843 0.721504
vt 0.026536 0.721897
vt 0.037010 0.670079
vt 0.053772 0.740479
vt 0.051477 0.735872
vt 0.046432 0.738222
vt 0.047364 0.740624
vt 0.060733 0.740341
vt 0.059875 0.735162
vt 0.062975 0.634088
vt 0.070780 0.635649
vt 0.069721 0.628687
vt 0.062713 0.629316
vt 0.052516 0.744453
vt 0.062443 0.745151
vt 0.056894 0.629549
vt 0.058047 0.632683
vt 0.059421 0.632557
vt 0.059241 0.629141
vt 0.076519 0.643048
vt 0.081750 0.639997
vt 0.069482 0.638816
vt 0.047475 0.743280
vt 0.061450 0.637038
vt 0.079226 0.653015
vt 0.075345 0.648278
vt 0.042360 0.678135
vt 0.036786 0.676176
vt 0.032049 0.717762
vt 0.032743 0.722793
vt 0.046253 0.694319
vt 0.059806 0.697553
vt 0.060402 0.693636
vt 0.047718 0.692467
vt 0.042710 0.685164
vt 0.042752 0.688651
vt 0.058468 0.688112
vt 0.058225 0.683932
vt 0.031547 0.707810
vt 0.029462 0.708080
vt 0.029423 0.712004
vt 0.031457 0.711720
vt 0.046787 0.696010
vt 0.044213 0.697150
vt 0.044843 0.698677
vt 0.057839 0.700269
vt 0.047950 0.691410
vt 0.060853 0.691991
vt 0.055731 0.706544
vt 0.058926 0.690556
vt 0.042254 0.690477
vt 0.056105 0.677911
vt 0.047425 0.717178
vt 0.047290 0.723240
vt 0.050007 0.708590
vt 0.048331 0.715838
vt 0.041991 0.683466
vt 0.057190 0.680938
vt 0.080451 0.628687
vt 0.066762 0.734760
vt 0.071191 0.739603
vt 0.078668 0.745582
vt 0.072393 0.677983
vt 0.071821 0.665283
vt 0.116521 0.673436
vt 0.111250 0.649237
vt 0.160246 0.649240
vt 0.160351 0.673368
vt 0.118898 0.629125
vt 0.164280 0.629125
vt 0.071374 0.691313
vt 0.116732 0.691972
vt 0.161399 0.717168
vt 0.160566 0.745633
vt 0.115897 0.717168
vt 0.069804 0.700630
vt 0.067799 0.704484
vt 0.070439 0.691665
vt 0.066385 0.711472
vt 0.063031 0.718366
vt 0.069406 0.678346
vt 0.068982 0.665049
vt 0.063607 0.726329
vt 0.067866 0.733755
vt 0.087348 0.727578
vt 0.116971 0.745633
vt 0.375693 0.652143
vt 0.388979 0.745586
vt 0.377481 0.717168
vt 0.363315 0.745585
vt 0.363980 0.629125
vt 0.368132 0.717168
vt 0.359134 0.745585
vt 0.361329 0.629125
vt 0.367520 0.650665
vt 0.591071 0.264095
vt 0.585530 0.267433
vt 0.584818 0.290645
vt 0.591825 0.281167
vt 0.575808 0.287206
vt 0.592956 0.272211
vt 0.586531 0.273707
vt 0.573261 0.278968
vt 0.585994 0.276735
vt 0.594413 0.263646
vt 0.354717 0.745585
vt 0.358768 0.717168
vt 0.306950 0.691852
vt 0.361022 0.694373
vt 0.627016 0.334083
vt 0.625041 0.319556
vt 0.651676 0.336249
vt 0.651676 0.293716
vt 0.651676 0.317880
vt 0.080017 0.980440
vt 0.066242 0.994224
vt 0.060526 0.984329
vt 0.070123 0.974730
vt 0.047415 0.999280
vt 0.047409 0.987847
vt 0.028572 0.994246
vt 0.034284 0.984335
vt 0.014764 0.980459
vt 0.024669 0.974731
vt 0.009703 0.961610
vt 0.021143 0.961606
vt 0.014752 0.942759
vt 0.024659 0.948481
vt 0.028557 0.928967
vt 0.034270 0.938877
vt 0.047408 0.923933
vt 0.047397 0.935371
vt 0.066244 0.928998
vt 0.060519 0.938896
vt 0.080021 0.942792
vt 0.070121 0.948504
vt 0.085060 0.961619
vt 0.073635 0.961619
vt 0.055873 0.976271
vt 0.062068 0.970081
vt 0.047407 0.978534
vt 0.038938 0.976262
vt 0.032734 0.970064
vt 0.030460 0.961600
vt 0.032723 0.953139
vt 0.038919 0.946949
vt 0.047387 0.944687
vt 0.055856 0.946961
vt 0.062058 0.953159
vt 0.064332 0.961621
vt 0.051946 0.969463
vt 0.055267 0.966157
vt 0.047407 0.970661
vt 0.042871 0.969431
vt 0.039552 0.966111
vt 0.038333 0.961590
vt 0.039538 0.957076
vt 0.042843 0.953775
vt 0.047370 0.952566
vt 0.051910 0.953780
vt 0.055244 0.957096
vt 0.056475 0.961627
vt 0.047388 0.961648
vt 0.014976 0.980283
vt 0.024805 0.974605
vt 0.034337 0.984140
vt 0.028664 0.993964
vt 0.047357 0.987632
vt 0.047353 0.998975
vt 0.060380 0.984144
vt 0.066051 0.993977
vt 0.069922 0.974607
vt 0.079757 0.980296
vt 0.073426 0.961568
vt 0.084794 0.961581
vt 0.069943 0.948521
vt 0.079796 0.942845
vt 0.060404 0.938964
vt 0.066092 0.929122
vt 0.047365 0.935470
vt 0.047359 0.924104
vt 0.034328 0.938976
vt 0.028633 0.929139
vt 0.024793 0.948533
vt 0.014943 0.942863
vt 0.021309 0.961574
vt 0.009950 0.961584
vt 0.032812 0.969985
vt 0.038959 0.976143
vt 0.047358 0.978396
vt 0.055758 0.976139
vt 0.061911 0.969976
vt 0.064165 0.961557
vt 0.061918 0.953138
vt 0.055771 0.946977
vt 0.047371 0.944724
vt 0.038969 0.946984
vt 0.032817 0.953149
vt 0.030563 0.961568
vt 0.039580 0.966085
vt 0.042863 0.969398
vt 0.047358 0.970604
vt 0.051851 0.969379
vt 0.055133 0.966059
vt 0.056328 0.961540
vt 0.055125 0.957036
vt 0.051851 0.953745
vt 0.047380 0.952542
vt 0.042902 0.953748
vt 0.039611 0.957046
vt 0.038392 0.961561
vt 0.047402 0.961604
vt 0.581389 0.768322
vt 0.607356 0.769036
vt 0.583356 0.787665
vt 0.580263 0.751374
vt 0.554820 0.768762
vt 0.581389 0.768322
vt 0.583356 0.787665
vt 0.607356 0.769036
vt 0.580263 0.751374
vt 0.554820 0.768762
vt 0.511863 0.853389
vt 0.516121 0.841031
vt 0.526314 0.841031
vt 0.500112 0.852036
vt 0.500112 0.841031
vt 0.537081 0.861941
vt 0.537822 0.841031
vt 0.500112 0.865521
vt 0.512265 0.865899
vt 0.526233 0.872910
vt 0.514475 0.891695
vt 0.500112 0.889431
vt 0.529901 0.898977
vt 0.549708 0.896886
vt 0.500112 0.921729
vt 0.526722 0.917191
vt 0.552641 0.924842
vt 0.521892 0.931908
vt 0.584787 0.917768
vt 0.556441 0.841031
vt 0.550320 0.866089
vt 0.558532 0.891713
vt 0.488362 0.853389
vt 0.473910 0.841031
vt 0.484103 0.841031
vt 0.500112 0.841031
vt 0.500112 0.852036
vt 0.463143 0.861941
vt 0.462403 0.841031
vt 0.500112 0.865521
vt 0.487959 0.865899
vt 0.473991 0.872910
vt 0.485750 0.891695
vt 0.500112 0.889431
vt 0.470324 0.898977
vt 0.450517 0.896886
vt 0.500112 0.921729
vt 0.473503 0.917191
vt 0.447584 0.924842
vt 0.478333 0.931908
vt 0.415438 0.917768
vt 0.449905 0.866089
vt 0.443783 0.841031
vt 0.441692 0.891713
vt 0.032276 0.649137
vt 0.034672 0.653684
vt 0.031682 0.653989
vt 0.029955 0.649527
vt 0.029194 0.663268
vt 0.027072 0.662364
vt 0.027100 0.663746
vt 0.025314 0.663162
vt 0.020943 0.726804
vt 0.024587 0.733862
vt 0.022172 0.733913
vt 0.018804 0.727021
vt 0.030381 0.677068
vt 0.027828 0.676504
vt 0.027513 0.667588
vt 0.029967 0.666700
vt 0.028126 0.678229
vt 0.026030 0.678160
vt 0.021168 0.718058
vt 0.021564 0.725539
vt 0.018992 0.725053
vt 0.018708 0.717871
vt 0.025778 0.666171
vt 0.027808 0.665737
vt 0.030449 0.679667
vt 0.029789 0.690395
vt 0.027601 0.689852
vt 0.028047 0.680676
vt 0.029250 0.691342
vt 0.027298 0.691154
vt 0.023813 0.710645
vt 0.020936 0.717640
vt 0.018443 0.717211
vt 0.021036 0.710156
vt 0.025946 0.679515
vt 0.028017 0.679076
vt 0.029329 0.692180
vt 0.028125 0.699464
vt 0.026096 0.698840
vt 0.027102 0.692652
vt 0.026969 0.691847
vt 0.028915 0.691781
vt 0.026135 0.702889
vt 0.024459 0.709609
vt 0.022296 0.708609
vt 0.024113 0.702033
vt 0.032276 0.649137
vt 0.029955 0.649527
vt 0.031682 0.653989
vt 0.034672 0.653684
vt 0.027072 0.662364
vt 0.029194 0.663268
vt 0.025314 0.663162
vt 0.027100 0.663746
vt 0.020943 0.726804
vt 0.018804 0.727021
vt 0.022172 0.733913
vt 0.024587 0.733862
vt 0.030381 0.677068
vt 0.029967 0.666700
vt 0.027513 0.667588
vt 0.027828 0.676504
vt 0.026030 0.678160
vt 0.028126 0.678229
vt 0.021168 0.718058
vt 0.018708 0.717871
vt 0.018992 0.725053
vt 0.021564 0.725539
vt 0.027808 0.665737
vt 0.025778 0.666171
vt 0.030449 0.679667
vt 0.028047 0.680676
vt 0.027601 0.689852
vt 0.029789 0.690395
vt 0.029250 0.691342
vt 0.027298 0.691154
vt 0.023813 0.710645
vt 0.021036 0.710156
vt 0.018443 0.717211
vt 0.020936 0.717640
vt 0.028017 0.679076
vt 0.025946 0.679515
vt 0.029329 0.692180
vt 0.027102 0.692652
vt 0.026096 0.698840
vt 0.028125 0.699464
vt 0.026969 0.691847
vt 0.028915 0.691781
vt 0.026135 0.702889
vt 0.024113 0.702033
vt 0.022296 0.708609
vt 0.024459 0.709609
vt 0.581389 0.768322
vt 0.583356 0.787665
vt 0.607356 0.769036
vt 0.580263 0.751374
vt 0.554820 0.768762
vt 0.581389 0.768322
vt 0.583356 0.787665
vt 0.607356 0.769036
vt 0.580263 0.751374
vt 0.554820 0.768762
vt 0.581389 0.768322
vt 0.583356 0.787665
vt 0.607356 0.769036
vt 0.580263 0.751374
vt 0.554820 0.768762
vt 0.581389 0.768322
vt 0.583356 0.787665
vt 0.607356 0.769036
vt 0.580263 0.751374
vt 0.554820 0.768762
vt 0.581389 0.768322
vt 0.607356 0.769036
vt 0.583356 0.787665
vt 0.580263 0.751374
vt 0.554820 0.768762
vt 0.581389 0.768322
vt 0.607356 0.769036
vt 0.583356 0.787665
vt 0.580263 0.751374
vt 0.554820 0.768762
vt 0.581389 0.768322
vt 0.607356 0.769036
vt 0.583356 0.787665
vt 0.580263 0.751374
vt 0.554820 0.768762
vt 0.581389 0.768322
vt 0.607356 0.769036
vt 0.583356 0.787665
vt 0.580263 0.751374
vt 0.554820 0.768762
vt 0.693025 0.194506
vt 0.693025 0.215979
vt 0.682303 0.217672
vt 0.682303 0.194435
vt 0.693025 0.138720
vt 0.693025 0.167188
vt 0.682303 0.167168
vt 0.682303 0.138754
vt 0.693025 0.090214
vt 0.693025 0.113027
vt 0.682303 0.113756
vt 0.682303 0.091560
vt 0.693025 0.037293
vt 0.693025 0.062913
vt 0.682303 0.063827
vt 0.682303 0.037802
vt 0.682303 0.032638
vt 0.693025 0.030375
vt 0.693025 0.025782
vt 0.682303 0.026736
vt 0.693025 0.024742
vt 0.682303 0.025105
vt 0.693025 0.013914
vt 0.682303 0.014040
vt 0.703747 0.194435
vt 0.703747 0.217672
vt 0.703747 0.138754
vt 0.703747 0.167168
vt 0.703747 0.091560
vt 0.703747 0.113756
vt 0.703747 0.037802
vt 0.703747 0.063827
vt 0.703747 0.032638
vt 0.703747 0.026736
vt 0.703747 0.025105
vt 0.703747 0.014040
vt 0.714469 0.194506
vt 0.714469 0.215979
vt 0.714469 0.138720
vt 0.714469 0.167188
vt 0.714469 0.090214
vt 0.714469 0.113027
vt 0.714469 0.037293
vt 0.714469 0.062913
vt 0.714469 0.030375
vt 0.714469 0.025782
vt 0.714469 0.024742
vt 0.714469 0.013914
vt 0.671580 0.194506
vt 0.671580 0.215979
vt 0.671580 0.138720
vt 0.671580 0.167188
vt 0.671580 0.090214
vt 0.671580 0.113027
vt 0.671580 0.037293
vt 0.671580 0.062913
vt 0.671580 0.030375
vt 0.671580 0.025782
vt 0.671580 0.024742
vt 0.671580 0.013914
vt 0.693025 0.242454
vt 0.690737 0.272388
vt 0.690638 0.267614
vt 0.693025 0.267791
vt 0.693025 0.275539
vt 0.693055 0.279910
vt 0.689450 0.275095
vt 0.688248 0.255065
vt 0.690476 0.247310
vt 0.693025 0.253996
vt 0.689772 0.267363
vt 0.687634 0.257142
vt 0.682303 0.265062
vt 0.682303 0.257241
vt 0.693025 0.244727
vt 0.695314 0.272388
vt 0.695412 0.267614
vt 0.696709 0.275095
vt 0.698543 0.255065
vt 0.696015 0.247310
vt 0.696276 0.267363
vt 0.699420 0.257142
vt 0.703747 0.257241
vt 0.703747 0.265062
vt 0.712182 0.272388
vt 0.712083 0.267614
vt 0.714470 0.267791
vt 0.714470 0.275539
vt 0.714470 0.280069
vt 0.710895 0.275095
vt 0.708953 0.255065
vt 0.711481 0.247310
vt 0.714470 0.253996
vt 0.711218 0.267363
vt 0.708074 0.257142
vt 0.714470 0.244727
vt 0.673869 0.272388
vt 0.671581 0.275539
vt 0.671581 0.267791
vt 0.673967 0.267614
vt 0.675156 0.275095
vt 0.671581 0.280069
vt 0.676356 0.255065
vt 0.671581 0.253996
vt 0.674130 0.247310
vt 0.674832 0.267363
vt 0.676971 0.257142
vt 0.671581 0.244727
vt 0.693302 0.310699
vt 0.688219 0.306838
vt 0.693302 0.300872
vt 0.685696 0.301198
vt 0.693302 0.288938
vt 0.688449 0.288407
vt 0.686195 0.284251
vt 0.693302 0.283937
vt 0.682303 0.302468
vt 0.682303 0.311202
vt 0.693302 0.311600
vt 0.693302 0.335266
vt 0.682303 0.335128
vt 0.682303 0.331235
vt 0.693302 0.331245
vt 0.682303 0.312922
vt 0.693302 0.312598
vt 0.682303 0.327779
vt 0.693302 0.327489
vt 0.671303 0.310699
vt 0.671303 0.300872
vt 0.676386 0.306838
vt 0.678910 0.301198
vt 0.676259 0.288809
vt 0.671303 0.288938
vt 0.671303 0.283937
vt 0.678410 0.284251
vt 0.671303 0.311600
vt 0.671303 0.335030
vt 0.671303 0.331245
vt 0.671303 0.312598
vt 0.671303 0.327489
vt 0.715301 0.310699
vt 0.710218 0.306838
vt 0.715301 0.300872
vt 0.707695 0.301198
vt 0.715301 0.288938
vt 0.710448 0.288407
vt 0.708194 0.284251
vt 0.715301 0.283937
vt 0.704302 0.302468
vt 0.704302 0.311202
vt 0.715301 0.311600
vt 0.715301 0.335535
vt 0.704302 0.335200
vt 0.704302 0.331235
vt 0.715301 0.331245
vt 0.704302 0.312922
vt 0.715301 0.312598
vt 0.704302 0.327779
vt 0.715301 0.327489
vt 0.698385 0.306838
vt 0.700909 0.301198
vt 0.698155 0.288407
vt 0.700409 0.284251
vt 0.682179 0.295897
vt 0.704302 0.295745
vt 0.715078 0.341549
vt 0.704311 0.341476
vt 0.693025 0.194506
vt 0.682303 0.194435
vt 0.682303 0.217672
vt 0.693025 0.215979
vt 0.693025 0.138720
vt 0.682303 0.138754
vt 0.682303 0.167168
vt 0.693025 0.167188
vt 0.693025 0.090214
vt 0.682303 0.091560
vt 0.682303 0.113756
vt 0.693025 0.113027
vt 0.693025 0.037293
vt 0.682303 0.037802
vt 0.682303 0.063827
vt 0.693025 0.062913
vt 0.682303 0.032638
vt 0.693025 0.030375
vt 0.693025 0.025782
vt 0.682303 0.026736
vt 0.693025 0.024742
vt 0.682303 0.025105
vt 0.693025 0.013914
vt 0.682303 0.014040
vt 0.703747 0.217672
vt 0.703747 0.194435
vt 0.703747 0.167168
vt 0.703747 0.138754
vt 0.703747 0.113756
vt 0.703747 0.091560
vt 0.703747 0.063827
vt 0.703747 0.037802
vt 0.703747 0.032638
vt 0.703747 0.026736
vt 0.703747 0.025105
vt 0.703747 0.014040
vt 0.714469 0.194506
vt 0.714469 0.215979
vt 0.714469 0.138720
vt 0.714469 0.167188
vt 0.714469 0.090214
vt 0.714469 0.113027
vt 0.714469 0.037293
vt 0.714469 0.062913
vt 0.714469 0.030375
vt 0.714469 0.025782
vt 0.714469 0.024742
vt 0.714469 0.013914
vt 0.671580 0.194506
vt 0.671580 0.215979
vt 0.671580 0.138720
vt 0.671580 0.167188
vt 0.671580 0.090214
vt 0.671580 0.113027
vt 0.671580 0.037293
vt 0.671580 0.062913
vt 0.671580 0.030375
vt 0.671580 0.025782
vt 0.671580 0.024742
vt 0.671580 0.013914
vt 0.693025 0.242454
vt 0.690737 0.272388
vt 0.693025 0.275539
vt 0.693025 0.267791
vt 0.690638 0.267614
vt 0.689450 0.275095
vt 0.693055 0.279910
vt 0.688248 0.255065
vt 0.693025 0.253996
vt 0.690476 0.247310
vt 0.689772 0.267363
vt 0.687634 0.257142
vt 0.682303 0.257241
vt 0.682303 0.265062
vt 0.693025 0.244727
vt 0.695314 0.272388
vt 0.695412 0.267614
vt 0.696709 0.275095
vt 0.698543 0.255065
vt 0.696015 0.247310
vt 0.696276 0.267363
vt 0.699420 0.257142
vt 0.703747 0.265062
vt 0.703747 0.257241
vt 0.712182 0.272388
vt 0.714470 0.275539
vt 0.714470 0.267791
vt 0.712083 0.267614
vt 0.710895 0.275095
vt 0.714470 0.280069
vt 0.708953 0.255065
vt 0.714470 0.253996
vt 0.711481 0.247310
vt 0.711218 0.267363
vt 0.708074 0.257142
vt 0.714470 0.244727
vt 0.673869 0.272388
vt 0.673967 0.267614
vt 0.671581 0.267791
vt 0.671581 0.275539
vt 0.671581 0.280069
vt 0.675156 0.275095
vt 0.676356 0.255065
vt 0.674130 0.247310
vt 0.671581 0.253996
vt 0.674832 0.267363
vt 0.676971 0.257142
vt 0.671581 0.244727
vt 0.693302 0.310699
vt 0.693302 0.300872
vt 0.688219 0.306838
vt 0.685696 0.301198
vt 0.693302 0.288938
vt 0.688449 0.288407
vt 0.693302 0.283937
vt 0.686195 0.284251
vt 0.682303 0.302468
vt 0.682303 0.311202
vt 0.693302 0.311600
vt 0.693302 0.335266
vt 0.693302 0.331245
vt 0.682303 0.331235
vt 0.682303 0.335128
vt 0.682303 0.312922
vt 0.693302 0.312598
vt 0.693302 0.327489
vt 0.682303 0.327779
vt 0.671303 0.310699
vt 0.676386 0.306838
vt 0.671303 0.300872
vt 0.678910 0.301198
vt 0.676259 0.288809
vt 0.678410 0.284251
vt 0.671303 0.283937
vt 0.671303 0.288938
vt 0.671303 0.311600
vt 0.671303 0.335030
vt 0.671303 0.331245
vt 0.671303 0.312598
vt 0.671303 0.327489
vt 0.715301 0.310699
vt 0.715301 0.300872
vt 0.710218 0.306838
vt 0.707695 0.301198
vt 0.715301 0.288938
vt 0.710448 0.288407
vt 0.715301 0.283937
vt 0.708194 0.284251
vt 0.704302 0.302468
vt 0.704302 0.311202
vt 0.715301 0.311600
vt 0.715301 0.335535
vt 0.715301 0.331245
vt 0.704302 0.331235
vt 0.704302 0.335200
vt 0.704302 0.312922
vt 0.715301 0.312598
vt 0.715301 0.327489
vt 0.704302 0.327779
vt 0.698385 0.306838
vt 0.700909 0.301198
vt 0.698155 0.288407
vt 0.700409 0.284251
vt 0.682179 0.295897
vt 0.704302 0.295745
vt 0.715078 0.341549
vt 0.704311 0.341476
vt 0.693025 0.194506
vt 0.693025 0.215979
vt 0.682303 0.217672
vt 0.682303 0.194435
vt 0.693025 0.138720
vt 0.693025 0.167188
vt 0.682303 0.167168
vt 0.682303 0.138754
vt 0.693025 0.090214
vt 0.693025 0.113027
vt 0.682303 0.113756
vt 0.682303 0.091560
vt 0.693025 0.037293
vt 0.693025 0.062913
vt 0.682303 0.063827
vt 0.682303 0.037802
vt 0.682303 0.032638
vt 0.693025 0.030375
vt 0.693025 0.025782
vt 0.682303 0.026736
vt 0.693025 0.024742
vt 0.682303 0.025105
vt 0.693025 0.013914
vt 0.682303 0.014040
vt 0.703747 0.194435
vt 0.703747 0.217672
vt 0.703747 0.138754
vt 0.703747 0.167168
vt 0.703747 0.091560
vt 0.703747 0.113756
vt 0.703747 0.037802
vt 0.703747 0.063827
vt 0.703747 0.032638
vt 0.703747 0.026736
vt 0.703747 0.025105
vt 0.703747 0.014040
vt 0.714469 0.194506
vt 0.714469 0.215979
vt 0.714469 0.138720
vt 0.714469 0.167188
vt 0.714469 0.090214
vt 0.714469 0.113027
vt 0.714469 0.037293
vt 0.714469 0.062913
vt 0.714469 0.030375
vt 0.714469 0.025782
vt 0.714469 0.024742
vt 0.714469 0.013914
vt 0.671580 0.194506
vt 0.671580 0.215979
vt 0.671580 0.138720
vt 0.671580 0.167188
vt 0.671580 0.090214
vt 0.671580 0.113027
vt 0.671580 0.037293
vt 0.671580 0.062913
vt 0.671580 0.030375
vt 0.671580 0.025782
vt 0.671580 0.024742
vt 0.671580 0.013914
vt 0.693025 0.242454
vt 0.690737 0.272388
vt 0.690638 0.267614
vt 0.693025 0.267791
vt 0.693025 0.275539
vt 0.693055 0.279910
vt 0.689450 0.275095
vt 0.688248 0.255065
vt 0.690476 0.247310
vt 0.693025 0.253996
vt 0.689772 0.267363
vt 0.687634 0.257142
vt 0.682303 0.265062
vt 0.682303 0.257241
vt 0.693025 0.244727
vt 0.695314 0.272388
vt 0.695412 0.267614
vt 0.696709 0.275095
vt 0.698543 0.255065
vt 0.696015 0.247310
vt 0.696276 0.267363
vt 0.699420 0.257142
vt 0.703747 0.257241
vt 0.703747 0.265062
vt 0.712182 0.272388
vt 0.712083 0.267614
vt 0.714470 0.267791
vt 0.714470 0.275539
vt 0.714470 0.280069
vt 0.710895 0.275095
vt 0.708953 0.255065
vt 0.711481 0.247310
vt 0.714470 0.253996
vt 0.711218 0.267363
vt 0.708074 0.257142
vt 0.714470 0.244727
vt 0.673869 0.272388
vt 0.671581 0.275539
vt 0.671581 0.267791
vt 0.673967 0.267614
vt 0.675156 0.275095
vt 0.671581 0.280069
vt 0.676356 0.255065
vt 0.671581 0.253996
vt 0.674130 0.247310
vt 0.674832 0.267363
vt 0.676971 0.257142
vt 0.671581 0.244727
vt 0.693302 0.310699
vt 0.688219 0.306838
vt 0.693302 0.300872
vt 0.685696 0.301198
vt 0.693302 0.288938
vt 0.688449 0.288407
vt 0.686195 0.284251
vt 0.693302 0.283937
vt 0.682303 0.302468
vt 0.682303 0.311202
vt 0.693302 0.311600
vt 0.693302 0.335266
vt 0.682303 0.335128
vt 0.682303 0.331235
vt 0.693302 0.331245
vt 0.682303 0.312922
vt 0.693302 0.312598
vt 0.682303 0.327779
vt 0.693302 0.327489
vt 0.671303 0.310699
vt 0.671303 0.300872
vt 0.676386 0.306838
vt 0.678910 0.301198
vt 0.676259 0.288809
vt 0.671303 0.288938
vt 0.671303 0.283937
vt 0.678410 0.284251
vt 0.671303 0.311600
vt 0.671303 0.335030
vt 0.671303 0.331245
vt 0.671303 0.312598
vt 0.671303 0.327489
vt 0.715301 0.310699
vt 0.710218 0.306838
vt 0.715301 0.300872
vt 0.707695 0.301198
vt 0.715301 0.288938
vt 0.710448 0.288407
vt 0.708194 0.284251
vt 0.715301 0.283937
vt 0.704302 0.302468
vt 0.704302 0.311202
vt 0.715301 0.311600
vt 0.715301 0.335535
vt 0.704302 0.335200
vt 0.704302 0.331235
vt 0.715301 0.331245
vt 0.704302 0.312922
vt 0.715301 0.312598
vt 0.704302 0.327779
vt 0.715301 0.327489
vt 0.698385 0.306838
vt 0.700909 0.301198
vt 0.698155 0.288407
vt 0.700409 0.284251
vt 0.682179 0.295897
vt 0.704302 0.295745
vt 0.715078 0.341549
vt 0.704311 0.341476
vt 0.693025 0.194506
vt 0.682303 0.194435
vt 0.682303 0.217672
vt 0.693025 0.215979
vt 0.693025 0.138720
vt 0.682303 0.138754
vt 0.682303 0.167168
vt 0.693025 0.167188
vt 0.693025 0.090214
vt 0.682303 0.091560
vt 0.682303 0.113756
vt 0.693025 0.113027
vt 0.693025 0.037293
vt 0.682303 0.037802
vt 0.682303 0.063827
vt 0.693025 0.062913
vt 0.682303 0.032638
vt 0.693025 0.030375
vt 0.693025 0.025782
vt 0.682303 0.026736
vt 0.693025 0.024742
vt 0.682303 0.025105
vt 0.693025 0.013914
vt 0.682303 0.014040
vt 0.703747 0.217672
vt 0.703747 0.194435
vt 0.703747 0.167168
vt 0.703747 0.138754
vt 0.703747 0.113756
vt 0.703747 0.091560
vt 0.703747 0.063827
vt 0.703747 0.037802
vt 0.703747 0.032638
vt 0.703747 0.026736
vt 0.703747 0.025105
vt 0.703747 0.014040
vt 0.714469 0.194506
vt 0.714469 0.215979
vt 0.714469 0.138720
vt 0.714469 0.167188
vt 0.714469 0.090214
vt 0.714469 0.113027
vt 0.714469 0.037293
vt 0.714469 0.062913
vt 0.714469 0.030375
vt 0.714469 0.025782
vt 0.714469 0.024742
vt 0.714469 0.013914
vt 0.671580 0.194506
vt 0.671580 0.215979
vt 0.671580 0.138720
vt 0.671580 0.167188
vt 0.671580 0.090214
vt 0.671580 0.113027
vt 0.671580 0.037293
vt 0.671580 0.062913
vt 0.671580 0.030375
vt 0.671580 0.025782
vt 0.671580 0.024742
vt 0.671580 0.013914
vt 0.693025 0.242454
vt 0.690737 0.272388
vt 0.693025 0.275539
vt 0.693025 0.267791
vt 0.690638 0.267614
vt 0.689450 0.275095
vt 0.693055 0.279910
vt 0.688248 0.255065
vt 0.693025 0.253996
vt 0.690476 0.247310
vt 0.689772 0.267363
vt 0.687634 0.257142
vt 0.682303 0.257241
vt 0.682303 0.265062
vt 0.693025 0.244727
vt 0.695314 0.272388
vt 0.695412 0.267614
vt 0.696709 0.275095
vt 0.698543 0.255065
vt 0.696015 0.247310
vt 0.696276 0.267363
vt 0.699420 0.257142
vt 0.703747 0.265062
vt 0.703747 0.257241
vt 0.712182 0.272388
vt 0.714470 0.275539
vt 0.714470 0.267791
vt 0.712083 0.267614
vt 0.710895 0.275095
vt 0.714470 0.280069
vt 0.708953 0.255065
vt 0.714470 0.253996
vt 0.711481 0.247310
vt 0.711218 0.267363
vt 0.708074 0.257142
vt 0.714470 0.244727
vt 0.673869 0.272388
vt 0.673967 0.267614
vt 0.671581 0.267791
vt 0.671581 0.275539
vt 0.671581 0.280069
vt 0.675156 0.275095
vt 0.676356 0.255065
vt 0.674130 0.247310
vt 0.671581 0.253996
vt 0.674832 0.267363
vt 0.676971 0.257142
vt 0.671581 0.244727
vt 0.693302 0.310699
vt 0.693302 0.300872
vt 0.688219 0.306838
vt 0.685696 0.301198
vt 0.693302 0.288938
vt 0.688449 0.288407
vt 0.693302 0.283937
vt 0.686195 0.284251
vt 0.682303 0.302468
vt 0.682303 0.311202
vt 0.693302 0.311600
vt 0.693302 0.335266
vt 0.693302 0.331245
vt 0.682303 0.331235
vt 0.682303 0.335128
vt 0.682303 0.312922
vt 0.693302 0.312598
vt 0.693302 0.327489
vt 0.682303 0.327779
vt 0.671303 0.310699
vt 0.676386 0.306838
vt 0.671303 0.300872
vt 0.678910 0.301198
vt 0.676259 0.288809
vt 0.678410 0.284251
vt 0.671303 0.283937
vt 0.671303 0.288938
vt 0.671303 0.311600
vt 0.671303 0.335030
vt 0.671303 0.331245
vt 0.671303 0.312598
vt 0.671303 0.327489
vt 0.715301 0.310699
vt 0.715301 0.300872
vt 0.710218 0.306838
vt 0.707695 0.301198
vt 0.715301 0.288938
vt 0.710448 0.288407
vt 0.715301 0.283937
vt 0.708194 0.284251
vt 0.704302 0.302468
vt 0.704302 0.311202
vt 0.715301 0.311600
vt 0.715301 0.335535
vt 0.715301 0.331245
vt 0.704302 0.331235
vt 0.704302 0.335200
vt 0.704302 0.312922
vt 0.715301 0.312598
vt 0.715301 0.327489
vt 0.704302 0.327779
vt 0.698385 0.306838
vt 0.700909 0.301198
vt 0.698155 0.288407
vt 0.700409 0.284251
vt 0.682179 0.295897
vt 0.704302 0.295745
vt 0.715078 0.341549
vt 0.704311 0.341476
vt 0.586208 0.830154
vt 0.587617 0.820241
vt 0.590295 0.821652
vt 0.590328 0.830320
vt 0.600203 0.831560
vt 0.599143 0.814402
vt 0.603020 0.807408
vt 0.610994 0.808858
vt 0.613807 0.798280
vt 0.635894 0.795998
vt 0.624712 0.806953
vt 0.613807 0.798280
vt 0.624712 0.806953
vt 0.627897 0.829192
vt 0.639287 0.839095
vt 0.615138 0.840004
vt 0.613039 0.831894
vt 0.627897 0.829192
vt 0.615138 0.840004
vt 0.600464 0.835609
vt 0.624712 0.806953
vt 0.627897 0.829192
vt 0.582716 0.817898
vt 0.584642 0.809885
vt 0.584868 0.801991
vt 0.613807 0.798280
vt 0.412470 0.830154
vt 0.408349 0.830320
vt 0.408382 0.821652
vt 0.411061 0.820241
vt 0.398475 0.831560
vt 0.399535 0.814402
vt 0.395658 0.807408
vt 0.387684 0.808858
vt 0.384870 0.798280
vt 0.373966 0.806953
vt 0.362784 0.795998
vt 0.373966 0.806953
vt 0.384870 0.798280
vt 0.370780 0.829192
vt 0.383539 0.840004
vt 0.359391 0.839094
vt 0.385639 0.831894
vt 0.398213 0.835609
vt 0.383539 0.840004
vt 0.370780 0.829192
vt 0.370780 0.829192
vt 0.373966 0.806953
vt 0.415961 0.817898
vt 0.414036 0.809885
vt 0.384870 0.798280
vt 0.413809 0.801991
vt 0.261345 0.517263
vt 0.216554 0.517263
vt 0.216554 0.455134
vt 0.260835 0.455134
vt 0.282343 0.517263
vt 0.284567 0.455134
vt 0.309030 0.517263
vt 0.311870 0.455134
vt 0.332303 0.517263
vt 0.337362 0.455134
vt 0.171764 0.517263
vt 0.172273 0.455134
vt 0.150765 0.517263
vt 0.148541 0.455134
vt 0.124078 0.517263
vt 0.121239 0.455134
vt 0.100805 0.517263
vt 0.095747 0.455134
vt 0.931904 0.212526
vt 0.943321 0.198240
vt 0.954421 0.212527
vt 0.888623 0.212526
vt 0.898519 0.198240
vt 0.909141 0.212526
vt 0.909141 0.262592
vt 0.931904 0.262592
vt 0.954421 0.262592
vt 0.943321 0.278479
vt 0.954421 0.183081
vt 0.931904 0.183081
vt 0.909141 0.183081
vt 0.931904 0.140195
vt 0.943321 0.126033
vt 0.954421 0.140195
vt 0.909141 0.140195
vt 0.909141 0.111925
vt 0.898519 0.126033
vt 0.888623 0.140195
vt 0.888623 0.111925
vt 0.931904 0.111925
vt 0.954421 0.111925
vt 0.888623 0.076571
vt 0.898519 0.061666
vt 0.909141 0.076571
vt 0.931904 0.076571
vt 0.954421 0.076571
vt 0.866231 0.076571
vt 0.866231 0.111925
vt 0.866231 0.140195
vt 0.943321 0.061666
vt 0.986497 0.126033
vt 0.975886 0.140195
vt 0.975886 0.111925
vt 0.975886 0.076571
vt 0.975886 0.183081
vt 0.996717 0.140195
vt 0.975886 0.212526
vt 0.986497 0.198240
vt 0.975886 0.262592
vt 0.855183 0.126033
vt 0.888623 0.183081
vt 0.866231 0.183081
vt 0.855183 0.198240
vt 0.866231 0.212527
vt 0.866231 0.262592
vt 0.888623 0.262592
vt 0.898519 0.278479
vt 0.888623 0.293763
vt 0.855183 0.278479
vt 0.866231 0.293763
vt 0.844305 0.076571
vt 0.855183 0.061666
vt 0.844305 0.293763
vt 0.844305 0.262592
vt 0.815527 0.293763
vt 0.815527 0.262593
vt 0.844305 0.212527
vt 0.844305 0.183081
vt 0.815527 0.212526
vt 0.815527 0.183081
vt 0.844305 0.140195
vt 0.844305 0.111925
vt 0.815527 0.140195
vt 0.815527 0.111925
vt 0.909141 0.293763
vt 0.931904 0.293763
vt 0.954421 0.293763
vt 0.954421 0.339050
vt 0.931904 0.339050
vt 0.975886 0.293763
vt 0.986497 0.278479
vt 0.975886 0.339050
vt 0.996717 0.339050
vt 0.996717 0.293763
vt 0.996717 0.262592
vt 0.996717 0.212527
vt 0.996717 0.183081
vt 0.783807 0.140194
vt 0.783807 0.111925
vt 0.783807 0.212526
vt 0.783807 0.183081
vt 0.755643 0.212526
vt 0.755643 0.183081
vt 0.732363 0.212527
vt 0.732363 0.183081
vt 0.755643 0.293763
vt 0.755643 0.262593
vt 0.783807 0.262592
vt 0.783807 0.293763
vt 0.732363 0.293763
vt 0.732363 0.262592
vt 0.996717 0.111925
vt 0.755643 0.111925
vt 0.755643 0.140195
vt 0.732363 0.140195
vt 0.732363 0.111925
vt 0.985315 0.061666
vt 0.996717 0.076571
vt 0.996717 0.046734
vt 0.975886 0.046734
vt 0.954421 0.046734
vt 0.931904 0.046734
vt 0.909141 0.046734
vt 0.888623 0.046734
vt 0.866231 0.046734
vt 0.888623 0.339050
vt 0.866231 0.339050
vt 0.909141 0.339050
vt 0.844305 0.339050
vt 0.844305 0.046734
vt 0.975886 0.008089
vt 0.996717 0.008089
vt 0.954421 0.008089
vt 0.931904 0.008089
vt 0.909141 0.008089
vt 0.888623 0.008089
vt 0.866231 0.008089
vt 0.844305 0.008089
vt 0.130109 0.801755
vt 0.112641 0.829182
vt 0.106631 0.794169
vt 0.110946 0.785120
vt 0.102072 0.791989
vt 0.103050 0.785302
vt 0.092270 0.794026
vt 0.095985 0.791753
vt 0.095214 0.783091
vt 0.089872 0.786865
vt 0.103330 0.767868
vt 0.095110 0.767868
vt 0.156159 0.801955
vt 0.157977 0.829182
vt 0.180695 0.795219
vt 0.178783 0.829182
vt 0.158978 0.767868
vt 0.180249 0.767868
vt 0.200027 0.794555
vt 0.200027 0.767868
vt 0.200027 0.829182
vt 0.033722 0.767868
vt 0.036814 0.795022
vt 0.015125 0.794555
vt 0.015125 0.767868
vt 0.329273 0.786172
vt 0.342374 0.799556
vt 0.340356 0.814844
vt 0.324128 0.824917
vt 0.310005 0.784143
vt 0.308559 0.820330
vt 0.111780 0.767868
vt 0.243929 0.830992
vt 0.218421 0.819277
vt 0.223487 0.785815
vt 0.250905 0.783925
vt 0.085642 0.767868
vt 0.119117 0.767868
vt 0.257416 0.831278
vt 0.270203 0.782828
vt 0.073744 0.767868
vt 0.063277 0.804598
vt 0.057658 0.789898
vt 0.296951 0.830470
vt 0.304400 0.779082
vt 0.052878 0.767868
vt 0.133522 0.787620
vt 0.143390 0.767868
vt 0.084299 0.829182
vt 0.042166 0.829182
vt 0.015125 0.829182
vt 0.815527 0.339050
vt 0.815527 0.293763
vt 0.844305 0.293763
vt 0.844305 0.339050
vt 0.783807 0.339050
vt 0.783807 0.293763
vt 0.751382 0.339050
vt 0.755643 0.293763
vt 0.732363 0.339050
vt 0.732363 0.293763
vt 0.844305 0.212527
vt 0.844305 0.262592
vt 0.815527 0.262593
vt 0.815527 0.212526
vt 0.783807 0.262592
vt 0.783807 0.212526
vt 0.755643 0.262593
vt 0.755643 0.212526
vt 0.732363 0.262592
vt 0.732363 0.212527
vt 0.844305 0.140195
vt 0.844305 0.183081
vt 0.815527 0.183081
vt 0.815527 0.140195
vt 0.783807 0.183081
vt 0.783807 0.140194
vt 0.755643 0.140195
vt 0.755643 0.183081
vt 0.732363 0.183081
vt 0.732363 0.140195
vt 0.844305 0.076571
vt 0.844305 0.111925
vt 0.815527 0.111925
vt 0.815527 0.076571
vt 0.783807 0.111925
vt 0.783807 0.076571
vt 0.815527 0.046734
vt 0.783807 0.046734
vt 0.755643 0.076571
vt 0.755643 0.111925
vt 0.732363 0.111925
vt 0.732363 0.076571
vt 0.755643 0.046734
vt 0.732363 0.046734
vt 0.844305 0.046734
vt 0.783807 0.008089
vt 0.815527 0.008089
vt 0.755643 0.008089
vt 0.732363 0.008089
vt 0.844305 0.008089
vt 0.931904 0.212526
vt 0.954421 0.212527
vt 0.943321 0.198240
vt 0.888623 0.212526
vt 0.909141 0.212526
vt 0.898519 0.198240
vt 0.909141 0.262592
vt 0.931904 0.262592
vt 0.954421 0.262592
vt 0.943321 0.278479
vt 0.954421 0.183081
vt 0.931904 0.183081
vt 0.909141 0.183081
vt 0.931904 0.140195
vt 0.954421 0.140195
vt 0.943321 0.126033
vt 0.909141 0.140195
vt 0.909141 0.111925
vt 0.898519 0.126033
vt 0.888623 0.140195
vt 0.888623 0.111925
vt 0.931904 0.111925
vt 0.954421 0.111925
vt 0.888623 0.076571
vt 0.909141 0.076571
vt 0.898519 0.061666
vt 0.931904 0.076571
vt 0.954421 0.076571
vt 0.866231 0.076571
vt 0.866231 0.111925
vt 0.866231 0.140195
vt 0.943321 0.061666
vt 0.986497 0.126033
vt 0.975886 0.111925
vt 0.975886 0.140195
vt 0.975886 0.076571
vt 0.975886 0.183081
vt 0.996717 0.140195
vt 0.975886 0.212526
vt 0.986497 0.198240
vt 0.975886 0.262592
vt 0.855183 0.126033
vt 0.888623 0.183081
vt 0.866231 0.183081
vt 0.855183 0.198240
vt 0.866231 0.212527
vt 0.866231 0.262592
vt 0.888623 0.262592
vt 0.898519 0.278479
vt 0.888623 0.293763
vt 0.855183 0.278479
vt 0.866231 0.293763
vt 0.844305 0.076571
vt 0.855183 0.061666
vt 0.844305 0.293763
vt 0.844305 0.262592
vt 0.815527 0.262593
vt 0.815527 0.293763
vt 0.844305 0.212527
vt 0.844305 0.183081
vt 0.815527 0.183081
vt 0.815527 0.212526
vt 0.844305 0.140195
vt 0.844305 0.111925
vt 0.815527 0.111925
vt 0.815527 0.140195
vt 0.909141 0.293763
vt 0.931904 0.293763
vt 0.954421 0.293763
vt 0.954421 0.339050
vt 0.931904 0.339050
vt 0.975886 0.293763
vt 0.986497 0.278479
vt 0.975886 0.339050
vt 0.996717 0.339050
vt 0.996717 0.293763
vt 0.996717 0.262592
vt 0.996717 0.212527
vt 0.996717 0.183081
vt 0.783807 0.111925
vt 0.783807 0.140194
vt 0.783807 0.212526
vt 0.783807 0.183081
vt 0.755643 0.212526
vt 0.755643 0.183081
vt 0.732363 0.183081
vt 0.732363 0.212527
vt 0.755643 0.293763
vt 0.783807 0.293763
vt 0.783807 0.262592
vt 0.755643 0.262593
vt 0.732363 0.262592
vt 0.732363 0.293763
vt 0.996717 0.111925
vt 0.755643 0.111925
vt 0.732363 0.111925
vt 0.732363 0.140195
vt 0.755643 0.140195
vt 0.996717 0.076571
vt 0.985315 0.061666
vt 0.996717 0.046734
vt 0.975886 0.046734
vt 0.954421 0.046734
vt 0.931904 0.046734
vt 0.909141 0.046734
vt 0.888623 0.046734
vt 0.866231 0.046734
vt 0.888623 0.339050
vt 0.866231 0.339050
vt 0.909141 0.339050
vt 0.844305 0.339050
vt 0.844305 0.046734
vt 0.975886 0.008089
vt 0.996717 0.008089
vt 0.954421 0.008089
vt 0.931904 0.008089
vt 0.909141 0.008089
vt 0.888623 0.008089
vt 0.866231 0.008089
vt 0.844305 0.008089
vt 0.130109 0.801755
vt 0.110946 0.785120
vt 0.106631 0.794169
vt 0.112641 0.829182
vt 0.103050 0.785302
vt 0.102072 0.791989
vt 0.092270 0.794026
vt 0.095985 0.791753
vt 0.095214 0.783091
vt 0.089872 0.786865
vt 0.103330 0.767868
vt 0.095110 0.767868
vt 0.157977 0.829182
vt 0.156159 0.801955
vt 0.180695 0.795219
vt 0.178783 0.829182
vt 0.180249 0.767868
vt 0.158978 0.767868
vt 0.200027 0.794555
vt 0.200027 0.767868
vt 0.200027 0.829182
vt 0.033722 0.767868
vt 0.015125 0.767868
vt 0.015125 0.794555
vt 0.036814 0.795022
vt 0.329273 0.786172
vt 0.324128 0.824917
vt 0.340356 0.814844
vt 0.342374 0.799556
vt 0.310005 0.784143
vt 0.308559 0.820330
vt 0.111780 0.767868
vt 0.243929 0.830992
vt 0.250905 0.783925
vt 0.223487 0.785815
vt 0.218421 0.819277
vt 0.085642 0.767868
vt 0.119117 0.767868
vt 0.257416 0.831278
vt 0.270203 0.782828
vt 0.073744 0.767868
vt 0.057658 0.789898
vt 0.063277 0.804598
vt 0.296951 0.830470
vt 0.304400 0.779082
vt 0.052878 0.767868
vt 0.133522 0.787620
vt 0.143390 0.767868
vt 0.084299 0.829182
vt 0.042166 0.829182
vt 0.015125 0.829182
vt 0.844305 0.212527
vt 0.815527 0.212526
vt 0.815527 0.262593
vt 0.844305 0.262592
vt 0.783807 0.262592
vt 0.783807 0.212526
vt 0.755643 0.262593
vt 0.755643 0.212526
vt 0.732363 0.212527
vt 0.732363 0.262592
vt 0.844305 0.140195
vt 0.815527 0.140195
vt 0.815527 0.183081
vt 0.844305 0.183081
vt 0.783807 0.183081
vt 0.783807 0.140194
vt 0.755643 0.140195
vt 0.732363 0.140195
vt 0.732363 0.183081
vt 0.755643 0.183081
vt 0.844305 0.076571
vt 0.815527 0.076571
vt 0.815527 0.111925
vt 0.844305 0.111925
vt 0.783807 0.076571
vt 0.783807 0.111925
vt 0.815527 0.046734
vt 0.783807 0.046734
vt 0.755643 0.076571
vt 0.732363 0.076571
vt 0.732363 0.111925
vt 0.755643 0.111925
vt 0.755643 0.046734
vt 0.732363 0.046734
vt 0.844305 0.046734
vt 0.783807 0.008089
vt 0.815527 0.008089
vt 0.755643 0.008089
vt 0.732363 0.008089
vt 0.844305 0.008089
vt 0.815527 0.339050
vt 0.844305 0.339050
vt 0.844305 0.293763
vt 0.815527 0.293763
vt 0.783807 0.293763
vt 0.783807 0.339050
vt 0.755643 0.293763
vt 0.751382 0.339050
vt 0.732363 0.293763
vt 0.732363 0.339050
vn -0.570325 0.793211 0.213416
vn 0.259972 0.785185 0.562049
vn 0.244913 0.835258 0.492303
vn -0.409588 0.719703 0.560593
vn 0.282252 0.681481 0.675216
vn -0.697663 0.692242 0.184574
vn -0.900200 0.428574 -0.077230
vn -0.898863 0.417345 -0.133668
vn -0.767282 0.452509 0.454438
vn 0.397209 0.824217 0.403597
vn -0.136395 0.764572 0.629942
vn -0.427238 0.591035 0.684212
vn 0.917467 -0.040773 0.395716
vn 0.806674 -0.127468 0.577087
vn 0.758363 -0.372545 0.534880
vn 0.870030 -0.384890 0.308070
vn 0.946587 -0.270788 0.175064
vn 0.859823 0.232607 0.454531
vn 0.909788 0.371189 0.185757
vn -0.426014 0.707217 0.564231
vn -0.046690 0.897749 0.438025
vn 0.003370 0.712079 0.702092
vn -0.246834 0.695634 0.674660
vn -0.016616 0.957091 0.289312
vn 0.001780 0.928739 0.370731
vn 0.198393 0.899115 -0.390171
vn -0.002662 0.832193 -0.554479
vn 0.491410 0.870703 -0.019795
vn 0.839700 0.520969 -0.153283
vn 0.180091 -0.780060 -0.599228
vn -0.002771 -0.816540 -0.577282
vn -0.004546 -0.321022 -0.947061
vn 0.126411 -0.301256 -0.945127
vn -0.004685 0.217502 -0.976049
vn 0.008181 0.229165 -0.973353
vn 0.645105 -0.620494 -0.445901
vn 0.510208 -0.327018 -0.795454
vn 0.273404 0.195560 -0.941810
vn 0.727978 -0.471769 -0.497477
vn 0.721129 0.005245 -0.692781
vn 0.708747 -0.585393 -0.393691
vn 0.805665 -0.267795 -0.528384
vn -0.003962 0.564694 -0.825291
vn 0.230963 0.571891 -0.787145
vn -0.004700 0.203455 -0.979073
vn 0.119620 0.253506 -0.959909
vn 0.433700 0.600102 -0.672148
vn 0.308149 0.305488 -0.900956
vn 0.532737 0.186788 -0.825410
vn 0.690259 0.327550 -0.645177
vn 0.689334 -0.118205 -0.714735
vn 0.762928 -0.033937 -0.645591
vn 0.293265 -0.006708 0.956008
vn 0.328400 -0.226733 0.916922
vn -0.099864 0.602929 0.791520
vn -0.530666 0.746070 0.402210
vn -0.887391 0.438297 0.142944
vn 0.994860 0.007123 0.101011
vn 0.934653 0.168449 -0.313128
vn 0.572348 0.793210 0.207933
vn 0.414951 0.719702 0.556638
vn -0.240176 0.835257 0.494633
vn -0.254565 0.785185 0.564519
vn -0.275756 0.681481 0.677895
vn 0.699403 0.692241 0.177869
vn 0.899417 0.428574 -0.085867
vn 0.897539 0.417346 -0.142290
vn 0.771608 0.452507 0.447055
vn -0.393316 0.824217 0.407393
vn 0.142436 0.764571 0.628604
vn 0.433786 0.591033 0.680081
vn -0.913626 -0.040772 0.404505
vn -0.801097 -0.127468 0.584804
vn -0.753192 -0.372544 0.542137
vn -0.867033 -0.384890 0.316407
vn -0.855419 0.232606 0.462766
vn -0.944862 -0.270788 0.184145
vn -0.907962 0.371188 0.194484
vn 0.431412 0.707217 0.560114
vn 0.050894 0.897749 0.437557
vn 0.019393 0.957090 0.289141
vn 0.253300 0.695635 0.672258
vn -0.202130 0.899116 -0.388245
vn -0.491578 0.870703 -0.015076
vn -0.841133 0.520968 -0.145215
vn -0.185835 -0.780060 -0.597471
vn -0.135479 -0.301256 -0.943870
vn -0.017525 0.229164 -0.973230
vn -0.649355 -0.620493 -0.439689
vn -0.517820 -0.327018 -0.790520
vn -0.282433 0.195560 -0.939142
vn -0.732720 -0.471769 -0.490465
vn -0.727748 0.005245 -0.685825
vn -0.712494 -0.585393 -0.386869
vn -0.810701 -0.267796 -0.520624
vn -0.238510 0.571892 -0.784890
vn -0.128830 0.253507 -0.958716
vn -0.440133 0.600102 -0.667953
vn -0.316785 0.305488 -0.897956
vn -0.540636 0.186788 -0.820258
vn -0.696421 0.327550 -0.638521
vn -0.696163 -0.118205 -0.708085
vn -0.769091 -0.033937 -0.638238
vn -0.319580 -0.226731 0.920034
vn -0.284073 -0.006708 0.958779
vn 0.107458 0.602931 0.790524
vn 0.534504 0.746071 0.397095
vn 0.888722 0.438298 0.134421
vn -0.993844 0.007124 0.110558
vn -0.937616 0.168449 -0.304141
vn 0.378617 0.888239 0.260157
vn 0.105673 0.279455 0.954326
vn 0.661335 0.523126 0.537563
vn 0.624568 -0.233089 0.745376
vn 0.103715 -0.019977 0.994406
vn 0.087239 -0.418794 0.903881
vn 0.218993 -0.604322 0.766053
vn 0.961445 0.274171 -0.021293
vn 0.553948 0.827570 -0.090932
vn 0.936531 -0.343924 0.068013
vn 0.662445 -0.673850 0.327250
vn 0.464459 -0.709961 0.529370
vn 0.838785 -0.374442 -0.395263
vn 0.824519 0.113478 -0.554339
vn 0.639665 -0.755723 -0.140398
vn 0.573127 0.643016 -0.507992
vn 0.348056 0.136282 -0.927515
vn 0.318931 0.505222 -0.801894
vn -0.004788 0.072366 -0.997367
vn -0.004127 0.510531 -0.859849
vn 0.354446 -0.354230 -0.865384
vn -0.004358 -0.419157 -0.907903
vn 0.323861 -0.725134 -0.607697
vn -0.003392 -0.707553 -0.706652
vn -0.002575 -0.843966 -0.536391
vn 0.292905 -0.895011 -0.336396
vn 0.629101 -0.771104 0.098137
vn -0.376102 0.888238 0.263781
vn -0.656143 0.523126 0.543889
vn -0.096507 0.279455 0.955297
vn -0.617382 -0.233088 0.751338
vn -0.211628 -0.604323 0.768120
vn -0.078558 -0.418796 0.904676
vn -0.094164 -0.019977 0.995356
vn -0.961605 0.274171 -0.012062
vn -0.554796 0.827570 -0.085610
vn -0.935835 -0.343923 0.077002
vn -0.659272 -0.673850 0.333595
vn -0.459356 -0.709961 0.533805
vn -0.842541 -0.374442 -0.387192
vn -0.829802 0.113478 -0.546398
vn -0.640983 -0.755723 -0.134250
vn -0.577978 0.643016 -0.502467
vn -0.356945 0.136283 -0.924131
vn -0.326616 0.505223 -0.798794
vn -0.362737 -0.354229 -0.861942
vn -0.329680 -0.725133 -0.604560
vn -0.296121 -0.895012 -0.333566
vn -0.628130 -0.771104 0.104170
vn 0.153177 0.984529 -0.085086
vn 0.214368 0.934439 0.284377
vn 0.271172 0.962092 0.029065
vn 0.187535 0.957242 -0.220269
vn 0.377146 0.725176 -0.576091
vn 0.591138 0.770096 -0.239806
vn 0.513655 0.365897 -0.776065
vn 0.774354 0.424633 -0.469108
vn 0.581284 0.104198 -0.807001
vn 0.891156 -0.111439 -0.439798
vn 0.475008 -0.137250 -0.869213
vn 0.836424 -0.229669 -0.497642
vn 0.231679 0.946756 0.223560
vn 0.220731 0.922139 0.317706
vn 0.337870 0.568280 0.750268
vn -0.335414 0.516438 0.787902
vn -0.207450 0.422880 0.882121
vn -0.116760 0.573664 0.810726
vn 0.157269 0.935333 0.316890
vn 0.227687 0.929429 0.290381
vn 0.371243 0.752326 0.544228
vn 0.165995 0.834665 0.525149
vn 0.521023 0.848724 0.090564
vn 0.164275 -0.039256 0.985633
vn 0.488854 0.399206 0.775666
vn 0.389778 0.778559 0.491853
vn 0.413138 0.625521 0.661847
vn 0.869475 0.487311 -0.080877
vn 0.407217 -0.379581 0.830718
vn 0.654194 -0.321770 0.684467
vn 0.835156 0.287279 0.469027
vn 0.846443 -0.151437 0.510491
vn 0.834458 -0.438375 0.333927
vn 0.807605 -0.396363 0.436659
vn 0.976039 -0.174348 -0.130198
vn 0.425752 -0.664126 0.614550
vn 0.852636 -0.395777 0.341135
vn 0.391665 -0.902812 0.177562
vn 0.508510 -0.854765 0.103900
vn 0.820214 -0.531192 0.212331
vn 0.793370 -0.543764 0.273651
vn 0.847998 -0.528043 -0.045488
vn 0.003347 0.896047 -0.443948
vn 0.006173 0.971378 -0.237459
vn 0.144212 0.966590 -0.211912
vn 0.144114 0.929984 -0.338172
vn -0.002191 0.625989 -0.779829
vn 0.140044 0.702696 -0.697572
vn -0.004430 0.509334 -0.860558
vn 0.176932 0.448920 -0.875880
vn -0.004583 -0.022861 -0.999728
vn 0.204529 0.014549 -0.978752
vn -0.004026 -0.544643 -0.838659
vn 0.213705 -0.384126 -0.898208
vn -0.081953 0.995584 -0.045789
vn -0.177638 0.953076 -0.245137
vn -0.383240 0.923512 -0.015883
vn -0.089270 0.937936 0.335123
vn -0.335207 0.723473 -0.603510
vn -0.646632 0.691440 -0.322147
vn -0.410301 0.486077 -0.771610
vn -0.707071 0.530942 -0.467066
vn -0.444056 0.004857 -0.895986
vn -0.860760 -0.081937 -0.502372
vn -0.406471 -0.466492 -0.785600
vn -0.825549 -0.460005 -0.326902
vn -0.398247 0.887372 0.232317
vn -0.185895 0.892040 0.411955
vn 0.124538 0.573663 0.809569
vn 0.215908 0.422880 0.880089
vn 0.342961 0.516437 0.784647
vn -0.330651 0.568280 0.753477
vn -0.154220 0.935333 0.318385
vn -0.160946 0.834664 0.526718
vn -0.366002 0.752325 0.547768
vn -0.224889 0.929429 0.292552
vn -0.583880 0.809265 0.064617
vn -0.481387 0.399205 0.780322
vn -0.154805 -0.039255 0.987165
vn -0.385039 0.778559 0.495571
vn -0.406768 0.625520 0.665781
vn -0.839931 0.539696 -0.056960
vn -0.647594 -0.321768 0.690715
vn -0.399223 -0.379580 0.834590
vn -0.830614 0.287278 0.477023
vn -0.841505 -0.151438 0.518591
vn -0.831214 -0.438373 0.341925
vn -0.803375 -0.396359 0.444396
vn -0.978105 -0.170044 -0.119980
vn -0.849322 -0.395772 0.349310
vn -0.419833 -0.664126 0.618609
vn -0.507489 -0.854766 0.108771
vn -0.389942 -0.902814 0.181304
vn -0.790707 -0.543763 0.281255
vn -0.818137 -0.531193 0.220198
vn -0.855398 -0.513346 -0.069070
vn -0.147004 0.929078 -0.339418
vn -0.140352 0.970410 -0.196481
vn -0.150379 0.692851 -0.705226
vn -0.163861 0.491391 -0.855386
vn -0.183300 0.019035 -0.982873
vn -0.163521 -0.508825 -0.845197
vn -0.060756 -0.213665 0.975016
vn -0.716386 -0.362514 0.596134
vn -0.646924 -0.179114 0.741220
vn -0.066087 -0.318305 0.945682
vn -0.110080 0.183433 0.976849
vn -0.743571 -0.058904 0.666057
vn 0.769561 -0.303570 0.561801
vn 0.576544 -0.446157 0.684500
vn 0.838179 0.194389 0.509578
vn 0.833821 -0.543546 -0.096434
vn 0.829801 -0.555503 0.053358
vn 0.996130 0.078520 -0.039501
vn 0.339601 -0.565574 -0.751530
vn 0.339009 -0.921475 -0.189624
vn 0.410140 0.081472 -0.908376
vn -0.295041 -0.731377 -0.614848
vn -0.057664 -0.944749 -0.322684
vn -0.309444 -0.192670 -0.931194
vn -0.873010 -0.443168 -0.203606
vn -0.688522 -0.691902 -0.217275
vn -0.820090 -0.571747 -0.023627
vn -0.695198 0.464672 0.548434
vn -0.149590 0.736764 0.659395
vn 0.417846 0.853691 0.310831
vn 0.611986 0.790827 -0.008126
vn 0.420529 0.400060 -0.814314
vn -0.440424 0.122214 -0.889432
vn -0.951257 -0.037729 -0.306084
vn -0.329762 0.901548 0.280123
vn 0.169501 0.961715 0.215346
vn 0.516865 0.524768 -0.676365
vn 0.038729 0.289980 -0.956249
vn -0.865836 0.478216 -0.147098
vn -0.801898 0.227363 -0.552509
vn -0.801898 0.227363 -0.552509
vn -0.801898 0.227363 -0.552509
vn 0.304856 -0.258073 -0.916767
vn 0.740279 -0.518224 -0.428288
vn 0.647259 -0.665896 -0.370997
vn 0.088107 -0.585451 -0.805906
vn -0.113593 -0.382797 -0.916822
vn -0.113593 -0.382798 -0.916822
vn 0.824806 0.138970 0.548071
vn 0.858353 -0.235240 0.455952
vn 0.950835 0.260490 -0.167504
vn 0.271653 0.956650 0.104998
vn 0.382549 0.918075 0.103899
vn 0.608082 0.734211 0.301945
vn 0.585802 0.810218 0.019565
vn 0.652816 0.395537 -0.646051
vn 0.284010 0.920710 0.267642
vn 0.427368 0.868298 -0.251822
vn 0.386810 0.762496 0.518631
vn -0.622588 -0.358410 0.695648
vn -0.622588 -0.358410 0.695648
vn -0.622588 -0.358410 0.695648
vn -0.107468 0.818609 -0.564208
vn -0.107468 0.818609 -0.564207
vn -0.107468 0.818609 -0.564208
vn -0.107468 0.818609 -0.564208
vn 0.868038 -0.460247 0.186234
vn 0.868038 -0.460247 0.186234
vn 0.868038 -0.460247 0.186234
vn 0.868038 -0.460247 0.186234
vn 0.347795 0.838076 -0.420319
vn 0.347795 0.838076 -0.420319
vn 0.224040 0.369763 -0.901710
vn 0.224040 0.369763 -0.901710
vn 0.829050 -0.128460 0.544219
vn 0.467572 0.136673 0.873325
vn 0.522653 0.709604 0.472543
vn 0.294128 0.679948 0.671685
vn 0.430749 -0.081218 0.898810
vn 0.167214 0.486292 0.857647
vn 0.634499 0.098422 0.766631
vn 0.650963 0.269549 0.709641
vn 0.739900 0.241985 0.627687
vn 0.680812 0.066103 0.729469
vn 0.658061 0.058030 0.750725
vn 0.663756 0.091741 0.742301
vn 0.763810 -0.048047 0.643651
vn 0.620895 -0.239374 0.746451
vn 0.823170 0.217256 0.524586
vn 0.898988 0.430321 0.081516
vn 0.842331 0.531304 0.090523
vn 0.912656 0.309091 0.267436
vn 0.714787 0.283385 -0.639353
vn 0.618981 0.292708 -0.728824
vn 0.556604 0.041695 -0.829731
vn 0.668914 0.001120 -0.743339
vn 0.854386 0.218527 -0.471456
vn 0.791629 -0.026026 -0.610448
vn 0.630231 -0.033048 -0.775704
vn 0.599241 -0.001453 -0.800567
vn 0.423530 0.088976 0.901502
vn -0.004980 0.127731 0.991796
vn 0.731646 0.338418 0.591749
vn 0.913720 -0.020591 -0.405822
vn 0.940925 0.202685 -0.271256
vn 0.907443 0.382494 0.173911
vn -0.477569 0.554698 0.681351
vn -0.373022 0.692534 0.617455
vn -0.184081 0.586917 0.788443
vn 0.160676 0.986054 0.043357
vn -0.768776 -0.040415 0.638240
vn 0.268670 0.472702 0.839267
vn 0.863012 -0.170997 -0.475364
vn -0.918944 0.149121 -0.365111
vn 0.682999 -0.086712 -0.725254
vn -0.741112 0.113743 -0.661676
vn -0.883013 0.400364 -0.244943
vn 0.626687 0.686594 -0.368582
vn -0.832099 0.485093 -0.268878
vn -0.762722 0.615128 0.199680
vn -0.767405 0.544553 0.338455
vn -0.921605 0.386338 -0.037255
vn -0.825884 0.203113 -0.525986
vn -0.909296 0.317348 -0.269206
vn 0.004750 0.144653 0.989471
vn 0.004773 0.106466 0.994305
vn 0.333361 0.080423 0.939363
vn 0.273503 0.130481 0.952980
vn 0.004800 -0.019611 0.999796
vn 0.338933 -0.010360 0.940754
vn 0.304971 -0.047224 0.951190
vn 0.004772 -0.108732 0.994060
vn 0.804480 0.257732 0.535151
vn 0.656134 0.136701 0.742160
vn 0.449407 0.050707 0.891887
vn 0.778298 0.129091 0.614481
vn 0.987610 0.146540 0.056150
vn 0.771729 0.091517 0.629332
vn 0.913063 0.406841 -0.028229
vn 0.867579 0.486525 -0.102954
vn 0.951076 0.303350 -0.058590
vn 0.518714 0.375696 -0.767977
vn 0.452418 0.439261 -0.776124
vn -0.004492 0.352842 -0.935672
vn -0.004512 0.341306 -0.939941
vn 0.553015 0.376611 -0.743195
vn -0.004609 0.279706 -0.960075
vn 0.958858 0.025460 0.282744
vn 0.757604 0.074977 0.648394
vn 0.559567 0.211700 -0.801291
vn -0.004680 0.222204 -0.974989
vn -0.264341 0.130481 0.955562
vn -0.324327 0.080423 0.942520
vn -0.329885 -0.010360 0.943964
vn -0.295825 -0.047224 0.954074
vn -0.799305 0.257732 0.542850
vn -0.772363 0.129091 0.621925
vn -0.440824 0.050707 0.896160
vn -0.648979 0.136701 0.748425
vn -0.987025 0.146540 0.065629
vn -0.913292 0.406841 -0.019462
vn -0.765652 0.091517 0.636712
vn -0.868528 0.486525 -0.094620
vn -0.951595 0.303350 -0.049456
vn -0.526062 0.375696 -0.762962
vn -0.459848 0.439261 -0.771745
vn -0.560124 0.376611 -0.737851
vn -0.956099 0.025460 0.291936
vn -0.751345 0.074977 0.655637
vn -0.567234 0.211700 -0.795882
vn -0.890670 0.062194 0.450376
vn -0.680648 -0.110783 0.724186
vn -0.640052 -0.301348 0.706769
vn -0.580554 -0.736105 0.348004
vn -0.694380 -0.182778 0.696009
vn -0.703142 -0.300217 0.644562
vn -0.810451 -0.379812 0.445996
vn -0.838505 -0.282522 0.465930
vn -0.786034 -0.378680 0.488622
vn -0.579000 -0.337578 0.742159
vn -0.688955 -0.329886 0.645381
vn -0.802253 -0.396334 0.446440
vn -0.750615 -0.402098 0.524303
vn -0.447242 -0.318487 0.835787
vn -0.876968 -0.380501 0.293505
vn -0.909182 -0.319858 0.266605
vn -0.909198 -0.395342 0.130631
vn -0.934585 -0.324337 0.146140
vn -0.837990 -0.473158 0.271835
vn -0.861688 -0.469998 0.191303
vn -0.713195 -0.595235 0.370200
vn -0.449272 -0.626498 0.636910
vn -0.820448 -0.494754 0.286503
vn -0.431199 -0.901096 -0.045760
vn -0.295831 -0.940713 0.165962
vn -0.458023 -0.880163 -0.124608
vn -0.489321 -0.866298 -0.100460
vn -0.934715 -0.208712 0.287659
vn -0.848588 -0.134712 0.511616
vn -0.921205 -0.151040 0.358565
vn -0.761365 -0.090874 0.641923
vn -0.739670 0.048914 0.671189
vn -0.920626 -0.004338 0.390421
vn -0.818401 -0.299699 0.490307
vn -0.716757 -0.427191 0.551151
vn -0.768368 -0.289948 0.570562
vn -0.495804 -0.702193 0.510983
vn -0.929609 -0.178608 0.322376
vn -0.802686 -0.097048 0.588453
vn -0.654488 -0.019321 0.755825
vn -0.574824 0.083943 0.813960
vn -0.448506 0.135327 0.883475
vn -0.591989 -0.791985 -0.149360
vn -0.738240 -0.607128 -0.293936
vn -0.951888 -0.257652 0.165904
vn -0.890602 -0.415089 -0.185821
vn -0.001240 -0.966087 -0.258214
vn -0.000981 -0.978887 -0.204402
vn -0.001058 -0.975406 -0.220414
vn -0.954481 -0.205154 0.216514
vn -0.968428 -0.002244 0.249283
vn -0.955334 -0.153065 0.252801
vn -0.825719 0.372942 0.423205
vn -0.728166 0.262590 0.633104
vn -0.863102 0.434396 0.257595
vn -0.865408 0.499503 0.039583
vn -0.997814 0.033211 0.057136
vn -0.501670 -0.323409 -0.802330
vn -0.807042 -0.337114 -0.484807
vn -0.717648 -0.314114 -0.621542
vn -0.466255 -0.386486 -0.795760
vn -0.854888 -0.430855 -0.289017
vn -0.912672 -0.407674 -0.028852
vn -0.718871 -0.591554 0.365086
vn -0.972054 -0.137121 -0.190551
vn -0.559010 0.142108 -0.816892
vn -0.868477 0.093564 0.486820
vn -0.566615 -0.074692 0.820591
vn -0.973944 0.204888 0.097233
vn -0.595693 0.508472 -0.621777
vn -0.716108 0.658198 0.232303
vn -0.501027 0.742306 -0.444920
vn 0.178943 0.509945 0.841389
vn -0.077606 0.443742 0.892788
vn -0.075501 0.737905 0.670668
vn 0.345568 0.666541 0.660535
vn 0.251286 0.112646 0.961336
vn 0.102014 -0.072494 0.992138
vn 0.314402 -0.153189 0.936848
vn 0.156807 -0.294087 0.942828
vn 0.243892 -0.051058 0.968457
vn 0.161546 0.393832 0.904875
vn 0.251848 -0.030251 0.967294
vn 0.339446 0.326375 0.882188
vn 0.004411 -0.394366 0.918943
vn 0.003895 -0.584203 0.811598
vn -0.475409 -0.288142 0.831240
vn 0.004611 -0.277600 0.960686
vn 0.004095 -0.521454 0.853270
vn 0.003706 -0.635593 0.772016
vn 0.001653 -0.938857 0.344304
vn 0.003959 -0.565583 0.824682
vn -0.597656 -0.480473 0.641835
vn 0.004577 0.301614 0.953419
vn 0.004171 0.495067 0.868845
vn 0.246922 0.521120 0.816984
vn 0.004768 0.116709 0.993155
vn 0.000986 -0.978671 0.205432
vn 0.000088 -0.999831 0.018389
vn 0.004680 -0.223152 0.974773
vn 0.003402 -0.705575 0.708628
vn -0.004304 -0.442618 -0.896700
vn -0.004609 -0.279685 -0.960081
vn -0.004694 0.208586 -0.977993
vn 0.007990 0.699338 0.714747
vn -0.141344 0.838228 0.526684
vn 0.460544 0.643971 0.610901
vn -0.102773 0.795638 0.596990
vn 0.003706 0.635557 0.772045
vn -0.329887 0.586736 0.739537
vn -0.534825 0.615347 0.579059
vn 0.297957 -0.191754 0.935121
vn 0.124571 -0.223119 0.966799
vn -0.757574 0.242097 0.606194
vn -0.675176 0.186499 0.713692
vn 0.879743 -0.381079 -0.284308
vn 0.831961 -0.426186 -0.355255
vn -0.915972 -0.000576 0.401242
vn -0.951509 -0.306763 -0.022955
vn -0.905273 -0.386981 -0.175292
vn -0.979332 -0.091014 0.180624
vn -0.533520 0.610523 0.585336
vn -0.362059 0.915605 -0.174876
vn -0.235526 0.746424 0.622398
vn -0.438314 0.684971 0.581976
vn -0.648577 0.386090 0.655959
vn 0.003413 0.703298 0.710887
vn 0.003221 0.741372 0.671086
vn -0.602300 0.355549 0.714717
vn 0.322474 -0.044343 0.945539
vn -0.594676 0.527248 0.606935
vn 0.229161 0.231973 0.945343
vn 0.817164 -0.553486 -0.160924
vn 0.847477 -0.408607 -0.338855
vn 0.188710 -0.211259 -0.959040
vn 0.119635 -0.078554 -0.989705
vn -0.811176 0.162692 -0.561717
vn -0.752463 0.288728 -0.591976
vn 0.132388 -0.463201 -0.876310
vn -0.106927 0.063843 0.992215
vn 0.004793 0.056750 0.998377
vn -0.652367 0.057709 0.755703
vn -0.619563 -0.003960 0.784937
vn -0.815513 0.196309 0.544428
vn -0.681058 0.060001 0.729767
vn -0.512328 0.149322 0.845708
vn -0.375321 0.181622 0.908927
vn -0.775330 0.018934 0.631273
vn -0.607282 0.272725 0.746210
vn 0.004445 0.377611 0.925954
vn 0.004765 0.122060 0.992511
vn -0.569908 0.081057 0.817701
vn -0.638628 0.212582 0.739570
vn 0.004621 0.270416 0.962732
vn -0.260091 -0.222179 0.939675
vn -0.420324 -0.353331 0.835754
vn 0.004720 -0.183118 0.983080
vn 0.004799 0.021709 0.999753
vn -0.403745 0.032718 0.914286
vn -0.899625 -0.424531 0.102220
vn -0.633816 -0.635373 -0.441111
vn -0.877041 -0.259541 0.404273
vn -0.720394 -0.687736 -0.089735
vn -0.931190 -0.231409 0.281663
vn -0.962464 0.017418 -0.270851
vn -0.956052 0.072299 -0.284142
vn -0.984571 -0.007154 0.174838
vn -0.796907 -0.085587 -0.598008
vn -0.537528 -0.141523 -0.831285
vn -0.850426 0.484796 -0.204326
vn -0.808124 0.338805 -0.481816
vn -0.796045 -0.067471 -0.601464
vn -0.688404 -0.291893 -0.664002
vn 0.003258 -0.734334 0.678781
vn -0.357736 -0.685870 0.633725
vn -0.369478 -0.526403 0.765759
vn -0.520771 -0.217639 0.825488
vn 0.004149 -0.502997 0.864278
vn 0.004780 -0.092181 0.995731
vn -0.611190 -0.585983 0.532044
vn -0.532727 -0.189580 0.824780
vn -0.572753 -0.530759 0.624698
vn -0.539308 -0.640347 0.546903
vn -0.345856 -0.771316 0.534280
vn -0.461642 -0.639673 0.614577
vn -0.579664 0.779262 0.238202
vn -0.509276 0.743249 0.433843
vn -0.635963 0.769600 0.057151
vn -0.480150 0.871105 -0.103109
vn -0.530165 0.719773 -0.448166
vn -0.000653 0.990697 -0.136084
vn -0.002887 0.798932 -0.601415
vn -0.400621 0.638349 0.657277
vn -0.349065 0.290383 0.890972
vn -0.004118 0.514004 -0.857778
vn -0.003467 0.691715 -0.722162
vn -0.604060 -0.509188 -0.613058
vn -0.727913 -0.526349 -0.439431
vn -0.375416 -0.578495 -0.724159
vn -0.250514 -0.417659 -0.873386
vn -0.136014 0.512597 -0.847788
vn -0.841734 0.020164 0.539516
vn -0.896036 -0.264505 0.356589
vn 0.074379 -0.446823 0.891525
vn -0.165050 -0.061972 0.984336
vn -0.881074 -0.367984 0.297147
vn -0.070491 -0.531975 0.843821
vn 0.871027 0.171198 -0.460438
vn 0.949733 -0.205663 -0.236030
vn -0.062662 0.056359 -0.996442
vn 0.072592 0.347817 -0.934748
vn 0.856645 -0.260884 -0.445083
vn 0.053714 -0.048710 -0.997368
vn -0.443903 -0.025563 0.895710
vn -0.960728 0.217437 0.172401
vn -0.990652 0.014470 -0.135643
vn -0.244596 -0.331744 0.911109
vn -0.966194 -0.256944 0.021193
vn -0.317969 -0.586986 0.744543
vn 0.994400 -0.097767 0.040116
vn 0.951456 -0.307674 0.008266
vn -0.000440 -0.148562 -0.988903
vn 0.844401 -0.535349 0.019697
vn -0.441893 -0.156422 -0.883325
vn -0.428596 -0.556554 -0.711725
vn -0.777641 -0.624904 0.069059
vn -0.983272 -0.123524 0.133857
vn -0.209524 -0.151573 -0.965984
vn -0.783021 -0.481992 0.393144
vn 0.418347 -0.109684 0.901640
vn 0.988157 -0.153399 -0.003931
vn 0.958751 0.189223 -0.212111
vn 0.545403 0.105654 0.831488
vn 0.910585 -0.363248 -0.197195
vn 0.350609 -0.374301 0.858471
vn -0.087739 -0.821966 0.562738
vn 0.219087 0.228416 0.948592
vn -0.215351 0.083318 0.972976
vn 0.797037 -0.578670 -0.172841
vn 0.284867 0.194111 -0.938708
vn -0.678127 -0.257960 -0.688187
vn -0.932145 -0.361537 -0.019921
vn -0.995842 0.076541 0.049394
vn -0.754200 0.164820 -0.635624
vn -0.612169 -0.375346 0.695963
vn -0.786247 0.138962 0.602084
vn -0.955939 0.245299 -0.161276
vn -0.947215 -0.178086 -0.266588
vn 0.674901 0.062036 -0.735296
vn 0.989456 -0.107205 0.097390
vn 0.958396 0.108820 -0.263883
vn 0.718631 0.009962 0.695320
vn 0.921869 -0.276220 -0.271772
vn 0.524793 -0.355089 0.773631
vn 0.573085 -0.199612 -0.794813
vn 0.205052 0.029565 -0.978305
vn 0.873900 -0.344291 0.343167
vn 0.932797 0.351046 0.081585
vn 0.042111 -0.478710 -0.876963
vn -0.860566 0.218921 0.459890
vn -0.556072 0.127701 0.821265
vn -0.876001 0.048893 -0.479824
vn -0.947874 0.191908 -0.254373
vn -0.671396 0.341978 0.657478
vn -0.579628 0.474302 0.662623
vn -0.034216 0.269269 0.962457
vn 0.190842 0.246165 0.950254
vn 0.921494 -0.380310 -0.078828
vn 0.779428 -0.602145 -0.172953
vn -0.925149 0.317388 -0.208240
vn 0.093359 -0.302992 -0.948409
vn 0.167090 -0.596470 -0.785051
vn 0.013165 0.300275 -0.953762
vn 0.806244 -0.156669 -0.570460
vn 0.729770 -0.682893 0.033065
vn 0.750605 -0.571124 -0.332280
vn 0.545154 -0.512830 -0.663184
vn 0.635839 -0.108736 -0.764124
vn 0.000755 0.987549 0.157313
vn 0.000988 0.978573 0.205899
vn 0.002059 0.903326 0.428950
vn 0.003307 0.724738 0.689017
vn -0.802784 0.040351 0.594903
vn -0.540340 0.591900 0.598070
vn -0.385929 0.895737 -0.220711
vn -0.614886 0.718672 -0.324695
vn -0.680562 0.385935 0.622808
vn -0.803466 0.412583 -0.429206
vn -0.060343 0.294768 -0.953662
vn -0.188613 0.285340 -0.939684
vn 0.023878 -0.154667 -0.987678
vn -0.213917 -0.442525 -0.870868
vn 0.479752 -0.761924 -0.435098
vn -0.253595 -0.382236 0.888586
vn -0.950634 -0.124790 0.284118
vn -0.616108 -0.475262 -0.628122
vn -0.753515 0.611743 -0.240802
vn -0.653695 0.177580 -0.735627
vn -0.844597 0.278933 0.457004
vn -0.684937 -0.231706 -0.690777
vn -0.959634 -0.105476 0.260726
vn -0.916817 -0.233970 0.323582
vn -0.924282 -0.286445 0.252294
vn -0.603951 -0.498445 -0.621929
vn 0.004472 0.363526 0.931573
vn -0.108189 0.073348 -0.991421
vn -0.822229 0.306410 -0.479637
vn -0.451442 0.540821 -0.709727
vn -0.539167 0.231509 -0.809754
vn -0.003850 0.597309 -0.802002
vn -0.004714 -0.188741 -0.982016
vn -0.004662 0.238178 -0.971210
vn 0.894954 0.062195 0.441803
vn 0.583867 -0.736105 0.342416
vn 0.646807 -0.301347 0.700593
vn 0.687570 -0.110783 0.717618
vn 0.709298 -0.300217 0.637782
vn 0.701032 -0.182778 0.689309
vn 0.814695 -0.379812 0.438195
vn 0.842940 -0.282521 0.457859
vn 0.790688 -0.378680 0.481055
vn 0.806502 -0.396334 0.438719
vn 0.695119 -0.329886 0.638737
vn 0.586095 -0.337576 0.736570
vn 0.455242 -0.318485 0.831458
vn 0.755613 -0.402099 0.517074
vn 0.879746 -0.380501 0.285073
vn 0.911700 -0.319858 0.257866
vn 0.910410 -0.395341 0.121895
vn 0.935945 -0.324337 0.137160
vn 0.840562 -0.473158 0.263775
vn 0.863485 -0.469998 0.183018
vn 0.455368 -0.626501 0.632564
vn 0.716716 -0.595237 0.363333
vn 0.823160 -0.494755 0.278614
vn 0.430740 -0.901095 -0.049910
vn 0.297412 -0.940715 0.163099
vn 0.456806 -0.880164 -0.128996
vn 0.488334 -0.866298 -0.105156
vn 0.937433 -0.208712 0.278674
vn 0.853459 -0.134712 0.503448
vn 0.924604 -0.151040 0.349706
vn 0.924332 -0.004338 0.381565
vn 0.746079 0.048914 0.664058
vn 0.767492 -0.090873 0.634585
vn 0.722014 -0.427190 0.544247
vn 0.823069 -0.299698 0.482429
vn 0.500690 -0.702198 0.506190
vn 0.773808 -0.289947 0.563163
vn 0.932661 -0.178608 0.313438
vn 0.808297 -0.097048 0.580722
vn 0.661712 -0.019320 0.749509
vn 0.582613 0.083943 0.808404
vn 0.456969 0.135329 0.879128
vn 0.590528 -0.791985 -0.155039
vn 0.735384 -0.607127 -0.301010
vn 0.953437 -0.257652 0.156758
vn 0.888777 -0.415089 -0.194364
vn 0.956515 -0.205154 0.207341
vn 0.970777 -0.002245 0.239974
vn 0.957717 -0.153065 0.243618
vn 0.829744 0.372942 0.415258
vn 0.734211 0.262590 0.626084
vn 0.865535 0.434396 0.249297
vn 0.998316 0.033211 0.047555
vn 0.865748 0.499503 0.031272
vn 0.493943 -0.323408 -0.807110
vn 0.458595 -0.386486 -0.800199
vn 0.711648 -0.314114 -0.628403
vn 0.802350 -0.337114 -0.492533
vn 0.852073 -0.430855 -0.297213
vn 0.912353 -0.407673 -0.037612
vn 0.722343 -0.591553 0.358170
vn 0.970179 -0.137121 -0.199875
vn 0.551141 0.142108 -0.822222
vn 0.873111 0.093564 0.478459
vn 0.574465 -0.074692 0.815114
vn 0.974833 0.204888 0.087876
vn 0.589696 0.508471 -0.627467
vn 0.718305 0.658198 0.225416
vn 0.496734 0.742306 -0.449708
vn -0.170858 0.509947 0.843067
vn -0.339211 0.666541 0.663821
vn 0.081936 0.737905 0.669912
vn 0.086173 0.443744 0.892001
vn -0.242045 0.112648 0.963704
vn -0.092485 -0.072495 0.993072
vn -0.147749 -0.294090 0.944289
vn -0.305390 -0.153189 0.939825
vn -0.152852 0.393832 0.906384
vn -0.234584 -0.051059 0.970754
vn -0.330961 0.326375 0.885406
vn -0.242551 -0.030251 0.969667
vn 0.483368 -0.288142 0.826638
vn 0.603793 -0.480475 0.636065
vn -0.239068 0.521120 0.819317
vn -0.001127 0.699338 0.714790
vn 0.146394 0.838228 0.525302
vn -0.454658 0.643971 0.615295
vn 0.108500 0.795638 0.595976
vn 0.336972 0.586736 0.736336
vn 0.540360 0.615348 0.573898
vn -0.290065 -0.193080 0.937328
vn 0.518817 0.107413 0.848110
vn 0.369660 0.009012 0.929123
vn -0.225267 -0.247808 0.942256
vn -0.835333 -0.426186 -0.347252
vn -0.882432 -0.381079 -0.275850
vn 0.919783 -0.000577 0.392428
vn 0.981021 -0.091014 0.171213
vn 0.903548 -0.386980 -0.183976
vn 0.951245 -0.306763 -0.032089
vn 0.554459 0.658298 0.509136
vn 0.556065 0.830756 0.025217
vn 0.241490 0.746424 0.620108
vn 0.443881 0.684971 0.577741
vn 0.561803 0.594984 0.574779
vn -0.313382 -0.044343 0.948591
vn 0.585712 0.351195 0.730482
vn -0.220075 0.231973 0.947500
vn 0.436636 0.535871 0.722628
vn -0.850691 -0.408607 -0.330705
vn -0.818671 -0.553486 -0.153071
vn -0.184069 -0.198876 -0.962584
vn -0.081775 -0.057677 -0.994981
vn 0.740509 0.301380 -0.600680
vn 0.754839 0.340002 -0.560907
vn -0.309452 -0.484972 -0.817950
vn 0.116448 0.063843 0.991143
vn 0.659595 0.057710 0.749403
vn 0.627072 -0.003960 0.778951
vn 0.820704 0.196310 0.536570
vn 0.688031 0.060001 0.723196
vn 0.520426 0.149323 0.840750
vn 0.384031 0.181627 0.905280
vn 0.781354 0.018934 0.623801
vn 0.614420 0.272727 0.740343
vn 0.577733 0.081057 0.812191
vn 0.645704 0.212584 0.733399
vn 0.269101 -0.222179 0.937134
vn 0.428328 -0.353331 0.831681
vn 0.412503 0.032718 0.910369
vn 0.629551 -0.635372 -0.447178
vn 0.900565 -0.424531 0.093578
vn 0.880882 -0.259541 0.395835
vn 0.933852 -0.231409 0.272711
vn 0.719501 -0.687734 -0.096648
vn 0.986204 -0.007155 0.165378
vn 0.953281 0.072298 -0.293307
vn 0.959819 0.017418 -0.280078
vn 0.791130 -0.085587 -0.605631
vn 0.529523 -0.141523 -0.836407
vn 0.848425 0.484796 -0.212481
vn 0.803462 0.338805 -0.489552
vn 0.790235 -0.067472 -0.609079
vn 0.681998 -0.291892 -0.670580
vn 0.363803 -0.685871 0.630261
vn 0.376813 -0.526402 0.762177
vn 0.528674 -0.217641 0.820449
vn 0.616272 -0.585985 0.526147
vn 0.544536 -0.640348 0.541697
vn 0.578726 -0.530760 0.619169
vn 0.540621 -0.189581 0.819627
vn 0.350969 -0.771316 0.530936
vn 0.467515 -0.639664 0.610131
vn 0.581924 0.779262 0.232625
vn 0.513417 0.743248 0.428935
vn 0.636483 0.769600 0.051043
vn 0.479138 0.871105 -0.107714
vn 0.525838 0.719773 -0.453234
vn 0.406913 0.638349 0.653400
vn 0.357603 0.290383 0.887580
vn 0.598146 -0.509188 -0.618829
vn 0.723661 -0.526349 -0.446400
vn 0.368446 -0.578495 -0.727730
vn 0.242117 -0.417658 -0.875752
vn 0.489505 0.802721 -0.340622
vn 0.846875 0.020164 0.531410
vn 0.174492 -0.061972 0.982706
vn -0.065817 -0.446825 0.892197
vn 0.899418 -0.264506 0.347971
vn 0.078588 -0.531974 0.843106
vn 0.883886 -0.367985 0.288675
vn -0.875407 0.171198 -0.452055
vn -0.951955 -0.205665 -0.226900
vn 0.053094 0.056360 -0.996998
vn -0.081561 0.347817 -0.934008
vn -0.860879 -0.260881 -0.436840
vn -0.063288 -0.048709 -0.996806
vn 0.452481 -0.025564 0.891408
vn 0.253332 -0.331745 0.908718
vn 0.989305 0.014470 -0.145145
vn 0.962339 0.217437 0.163172
vn 0.966352 -0.256946 0.011921
vn 0.325103 -0.586987 0.741455
vn -0.951333 -0.307675 0.017398
vn -0.993970 -0.097768 0.049659
vn -0.009055 -0.148561 -0.988862
vn -0.844174 -0.535348 0.027800
vn 0.433394 -0.156423 -0.887526
vn 0.984512 -0.123523 0.124413
vn 0.778270 -0.624902 0.061590
vn 0.421745 -0.556550 -0.715809
vn 0.200240 -0.151573 -0.967951
vn 0.786760 -0.481992 0.385608
vn -0.409672 -0.109683 0.905615
vn -0.537396 0.105654 0.836686
vn -0.960744 0.189223 -0.202894
vn -0.988149 -0.153398 0.005556
vn -0.342354 -0.374301 0.861796
vn -0.912436 -0.363246 -0.188449
vn 0.093136 -0.821966 0.561870
vn -0.209970 0.228416 0.950652
vn 0.224682 0.083318 0.970864
vn -0.798659 -0.578671 -0.165179
vn -0.293866 0.194111 -0.935929
vn 0.671488 -0.257959 -0.694666
vn 0.748063 0.164819 -0.642835
vn 0.996271 0.076541 0.039834
vn 0.931911 -0.361537 -0.028868
vn 0.618823 -0.375347 0.690053
vn 0.944612 -0.178086 -0.275668
vn 0.954346 0.245299 -0.170446
vn 0.791991 0.138962 0.594508
vn -0.681931 0.062037 -0.728781
vn -0.988475 -0.107205 0.106883
vn -0.960886 0.108817 -0.254672
vn -0.711922 0.009960 0.702188
vn -0.924435 -0.276220 -0.262912
vn -0.517341 -0.355088 0.778634
vn -0.580688 -0.199612 -0.789276
vn -0.214434 0.029565 -0.976291
vn -0.870565 -0.344291 0.351540
vn -0.931971 0.351047 0.090536
vn -0.050529 -0.478709 -0.876518
vn 0.864942 0.218921 0.451607
vn 0.563931 0.127701 0.815889
vn 0.843209 0.148988 0.516527
vn 0.140055 0.231346 0.962738
vn -0.114963 0.282139 0.952461
vn 0.214743 0.441201 0.871337
vn -0.949567 0.309314 0.051449
vn -0.805844 -0.584032 -0.097580
vn 0.923107 0.317388 -0.217113
vn 0.955388 0.258695 -0.142518
vn -0.571724 -0.639954 -0.513411
vn 0.014248 0.280507 -0.959746
vn -0.022321 0.300274 -0.953592
vn -0.811683 -0.156668 -0.562695
vn -0.729419 -0.682893 0.040070
vn -0.753760 -0.571124 -0.325058
vn -0.551495 -0.512830 -0.657920
vn -0.643144 -0.108736 -0.757985
vn 0.925992 -0.356004 0.125700
vn 0.874137 0.040047 0.484026
vn -0.033359 -0.154667 -0.987403
vn -0.128605 -0.066355 -0.989474
vn -0.156035 -0.126687 -0.979593
vn 0.205546 -0.442525 -0.872882
vn -0.359009 -0.483025 -0.798624
vn -0.483907 -0.761924 -0.430473
vn -0.437108 -0.870533 0.226075
vn 0.610052 -0.475261 -0.634005
vn 0.953318 -0.124790 0.274977
vn 0.751170 0.611742 -0.248024
vn 0.646604 0.177580 -0.741868
vn 0.848945 0.278932 0.448875
vn 0.678277 -0.231707 -0.697318
vn 0.962092 -0.105476 0.251501
vn 0.919880 -0.233970 0.314767
vn 0.926661 -0.286444 0.243411
vn 0.597953 -0.498444 -0.627699
vn 0.078889 -0.023147 -0.996615
vn 0.744203 0.273124 -0.609561
vn 0.626797 0.234736 -0.742984
vn 0.444610 0.540823 -0.714026
vn 0.531369 0.231509 -0.814893
vn 0.875159 0.469836 0.115543
vn 0.543353 0.813804 0.206132
vn 0.549573 0.763629 0.338881
vn 0.860914 0.440884 0.253867
vn 0.090090 0.939711 0.329889
vn 0.124267 0.881769 0.455017
vn -0.363156 0.813807 0.453691
vn -0.301042 0.763630 0.571177
vn -0.694947 0.469851 0.544324
vn -0.612371 0.440893 0.656213
vn -0.816398 -0.000001 0.577490
vn -0.726343 0.000000 0.687333
vn -0.694945 -0.469855 0.544324
vn -0.612375 -0.440893 0.656209
vn -0.363140 -0.813805 0.453707
vn -0.301033 -0.763637 0.571173
vn 0.090095 -0.939698 0.329926
vn 0.124267 -0.881764 0.455027
vn 0.543345 -0.813805 0.206149
vn 0.549565 -0.763634 0.338884
vn 0.875158 -0.469839 0.115542
vn 0.860917 -0.440882 0.253860
vn 0.996602 0.000000 0.082374
vn 0.974879 0.000000 0.222737
vn 0.522571 0.594139 0.611489
vn 0.764821 0.343031 0.545324
vn 0.191674 0.686048 0.701854
vn -0.139223 0.594143 0.792219
vn -0.381469 0.343038 0.858374
vn -0.470135 0.000001 0.882594
vn -0.381466 -0.343038 0.858376
vn -0.139220 -0.594153 0.792212
vn 0.191670 -0.686053 0.701850
vn 0.522568 -0.594143 0.611488
vn 0.764822 -0.343033 0.545321
vn 0.853488 0.000000 0.521113
vn 0.448153 0.379542 0.809386
vn 0.602919 0.219130 0.767119
vn 0.236821 0.438245 0.867097
vn 0.025459 0.379539 0.924826
vn -0.129311 0.219135 0.967088
vn -0.185934 -0.000001 0.982562
vn -0.129304 -0.219127 0.967090
vn 0.025446 -0.379509 0.924838
vn 0.236815 -0.438241 0.867101
vn 0.448164 -0.379515 0.809393
vn 0.602914 -0.219125 0.767124
vn 0.659566 -0.000001 0.751646
vn 0.263464 -0.000001 0.964669
vn -0.874009 0.469836 0.123943
vn -0.858439 0.440884 0.262115
vn -0.546295 0.763629 0.344141
vn -0.541350 0.813803 0.211343
vn -0.119892 0.881766 0.456196
vn -0.086918 0.939705 0.330758
vn 0.306510 0.763629 0.568263
vn 0.367492 0.813803 0.450194
vn 0.618644 0.440886 0.650307
vn 0.700137 0.469841 0.537640
vn 0.732902 -0.000000 0.680334
vn 0.821888 -0.000000 0.569650
vn 0.618650 -0.440889 0.650300
vn 0.700135 -0.469847 0.537637
vn 0.306504 -0.763639 0.568253
vn 0.367480 -0.813810 0.450191
vn -0.119893 -0.881763 0.456202
vn -0.086922 -0.939694 0.330786
vn -0.546285 -0.763632 0.344149
vn -0.541340 -0.813801 0.211375
vn -0.858440 -0.440882 0.262114
vn -0.874008 -0.469838 0.123943
vn -0.972695 0.000000 0.232086
vn -0.995764 -0.000000 0.091946
vn -0.759557 0.343034 0.552631
vn -0.516678 0.594139 0.616476
vn -0.184926 0.686051 0.703659
vn 0.146823 0.594145 0.790845
vn 0.389691 0.343033 0.854675
vn 0.478595 -0.000001 0.878036
vn 0.389700 -0.343040 0.854668
vn 0.146827 -0.594155 0.790836
vn -0.184923 -0.686068 0.703643
vn -0.516680 -0.594151 0.616463
vn -0.759555 -0.343032 0.552634
vn -0.848453 0.000001 0.529271
vn -0.595531 0.219133 0.772867
vn -0.440360 0.379539 0.813655
vn -0.228480 0.438238 0.869336
vn -0.016579 0.379532 0.925030
vn 0.138585 0.219132 0.965803
vn 0.195357 -0.000001 0.980732
vn 0.138588 -0.219121 0.965805
vn -0.016562 -0.379527 0.925032
vn -0.228479 -0.438252 0.869329
vn -0.440377 -0.379530 0.813649
vn -0.595526 -0.219115 0.772876
vn -0.652322 -0.000001 0.757942
vn -0.254189 -0.000001 0.967155
vn 0.248315 -0.024350 0.968373
vn 0.537605 -0.180990 0.823543
vn 0.452490 0.352657 0.819076
vn -0.036480 -0.451522 0.891514
vn -0.025050 0.184963 0.982426
vn -0.239007 -0.024350 0.970713
vn -0.444607 0.352660 0.823381
vn -0.529671 -0.180992 0.828668
vn 0.045037 -0.451520 0.891124
vn 0.034481 0.184965 0.982140
vn 0.614165 0.641004 0.460343
vn 0.424447 0.590155 0.686704
vn 0.728584 0.548757 0.409917
vn 0.002794 0.813214 0.581957
vn 0.003524 0.679062 0.734073
vn 0.860206 -0.507841 -0.046303
vn 0.971416 -0.193144 -0.138009
vn 0.001359 0.959100 0.283065
vn 0.620851 0.741229 0.255193
vn 0.991723 0.119345 0.047350
vn 0.655186 0.752370 -0.068348
vn -0.000201 0.999124 -0.041850
vn 0.984981 -0.066058 -0.159529
vn 0.659307 -0.739513 -0.135778
vn -0.002391 0.867104 -0.498121
vn 0.934807 0.091811 -0.343084
vn -0.004372 -0.413082 -0.910684
vn -0.003848 0.597824 -0.801619
vn 0.001821 -0.925348 0.379115
vn -0.002784 -0.814639 -0.579961
vn -0.001351 -0.959575 -0.281449
vn -0.000383 -0.996813 -0.079768
vn -0.609717 0.641003 0.466218
vn -0.724616 0.548758 0.416888
vn -0.417835 0.590155 0.690747
vn -0.860611 -0.507840 -0.038044
vn -0.972696 -0.193143 -0.128680
vn -0.618373 0.741229 0.261142
vn -0.991223 0.119345 0.056867
vn -0.655812 0.752370 -0.062056
vn -0.986467 -0.066058 -0.150067
vn -0.660580 -0.739513 -0.129440
vn -0.938058 0.091810 -0.334093
vn 0.929886 -0.340602 0.138936
vn -0.040138 -0.025424 0.998871
vn -0.108422 -0.002269 0.994102
vn 0.815621 -0.287657 -0.502011
vn -0.763685 0.179547 0.620119
vn -0.914508 0.188077 0.358193
vn -0.020921 -0.064933 -0.997670
vn -0.000105 -0.068624 -0.997643
vn -0.910976 0.337697 0.236819
vn -0.929401 0.336464 0.151675
vn -0.429246 0.068757 0.900567
vn -0.414538 0.059139 0.908108
vn 0.214638 -0.062400 -0.974698
vn 0.414728 -0.114983 -0.902651
vn 0.887980 -0.445136 0.115520
vn 0.901223 -0.367697 -0.229337
vn -0.752149 0.272885 0.599838
vn -0.811307 0.472934 -0.343678
vn -0.849139 0.483832 -0.211825
vn -0.720869 0.238236 0.650839
vn 0.647126 -0.302190 -0.699935
vn 0.640675 -0.298067 -0.707596
vn 0.745003 -0.554032 0.371510
vn 0.802168 -0.546707 0.240079
vn -0.919485 0.254432 0.299687
vn -0.634695 0.300025 -0.712143
vn -0.666218 0.312628 -0.677066
vn -0.933776 0.280861 0.221765
vn 0.470885 -0.504385 0.723784
vn 0.544878 -0.524878 0.653920
vn 0.776988 -0.527189 -0.344036
vn 0.786550 -0.535385 -0.307738
vn -0.928509 -0.340603 0.147851
vn -0.820399 -0.287660 -0.494163
vn 0.117961 -0.002268 0.993016
vn 0.049725 -0.025423 0.998439
vn 0.917902 0.188071 0.349407
vn 0.769597 0.179543 0.612768
vn -0.009477 -0.068632 -0.997597
vn 0.011338 -0.064942 -0.997825
vn -0.913208 -0.337697 -0.228062
vn -0.930815 -0.336464 -0.142746
vn -0.437874 -0.068753 -0.896403
vn -0.423236 -0.059133 -0.904088
vn 0.223986 0.062399 0.972593
vn 0.423375 0.114982 0.898629
vn 0.886829 0.445140 -0.124037
vn 0.903382 0.367698 0.220678
vn 0.757871 0.272889 0.592591
vn 0.727082 0.238241 0.643889
vn 0.847067 0.483835 -0.219957
vn 0.807972 0.472938 -0.351442
vn -0.653819 -0.302194 -0.693685
vn -0.647443 -0.298072 -0.701407
vn -0.799826 -0.546707 0.247771
vn -0.741401 -0.554032 0.378645
vn 0.922318 0.254437 0.290847
vn 0.935860 0.280867 0.212792
vn 0.659688 0.312634 -0.683427
vn 0.627828 0.300030 -0.718202
vn -0.463916 -0.504387 0.728269
vn -0.538577 -0.524880 0.659117
vn -0.780254 -0.527191 -0.336561
vn -0.789467 -0.535386 -0.300175
vn -0.592777 0.277261 0.756136
vn -0.905412 0.301084 0.299293
vn -0.673876 -0.070910 0.735433
vn -0.067548 0.153577 0.985825
vn -0.490476 0.586734 0.644341
vn -0.702333 0.556096 0.444395
vn -0.820782 0.562973 -0.096846
vn -0.871008 0.240627 0.428303
vn -0.346951 0.358127 0.866816
vn -0.481540 0.803361 0.350329
vn -0.767068 0.603754 0.216999
vn -0.721993 0.605257 -0.335246
vn -0.942140 0.297826 0.153856
vn -0.562652 0.395777 0.725798
vn -0.514179 0.836291 0.190360
vn -0.915065 0.366058 -0.169284
vn -0.631237 0.438738 -0.639570
vn -0.953319 0.034862 -0.299947
vn -0.910598 0.161652 0.380369
vn -0.750526 0.655801 -0.081466
vn 0.600008 0.277261 0.750411
vn 0.680904 -0.070911 0.728932
vn 0.908244 0.301084 0.290589
vn 0.077010 0.153579 0.985131
vn 0.496637 0.586735 0.639604
vn 0.706565 0.556095 0.437635
vn 0.875078 0.240627 0.419926
vn 0.819814 0.562974 -0.104714
vn 0.355256 0.358128 0.863445
vn 0.484880 0.803360 0.345693
vn 0.769117 0.603754 0.209621
vn 0.943574 0.297825 0.144805
vn 0.718742 0.605255 -0.342164
vn 0.569596 0.395779 0.720361
vn 0.515984 0.836292 0.185409
vn 0.913398 0.366058 -0.178058
vn 0.950396 0.034861 -0.309082
vn 0.625069 0.438740 -0.645598
vn 0.914207 0.161650 0.371611
vn 0.749709 0.655801 -0.088665
vn -0.701100 -0.002516 0.713059
vn -0.692702 0.176147 0.699383
vn -0.697568 0.189869 -0.690904
vn -0.711745 0.014942 -0.702279
vn -0.712694 0.069184 0.698055
vn -0.696989 0.037867 0.716081
vn -0.698060 0.067705 -0.712831
vn -0.684874 0.080514 -0.724200
vn -0.693221 0.088675 0.715249
vn -0.709672 0.095385 0.698046
vn -0.688386 0.076211 -0.721330
vn -0.702100 0.075167 -0.708100
vn -0.702786 -0.051066 0.709566
vn -0.702250 0.064246 0.709025
vn -0.708322 0.078653 -0.701494
vn -0.710172 -0.015687 -0.703853
vn -0.668028 -0.358026 -0.652347
vn -0.631045 -0.442541 0.637134
vn -0.624042 -0.462156 0.630067
vn -0.710230 -0.027179 -0.703444
vn -0.696704 -0.140696 0.703426
vn -0.706313 -0.108337 -0.699561
vn -0.687044 0.216305 0.693673
vn -0.698516 0.182839 -0.691842
vn 0.705444 0.010781 0.708683
vn 0.697569 0.189870 0.690903
vn 0.686174 0.072263 0.723839
vn 0.698840 0.050242 0.713511
vn 0.704733 0.088745 0.703901
vn 0.688893 0.098838 0.718093
vn 0.710639 -0.015686 0.703382
vn 0.708261 0.078654 0.701555
vn 0.658730 -0.358027 0.661734
vn 0.710234 -0.027180 0.703441
vn 0.706312 -0.108337 0.699561
vn 0.698516 0.182836 0.691843
vn 0.703426 0.028136 -0.710211
vn 0.693424 0.170308 -0.700113
vn 0.701808 0.073363 -0.708578
vn 0.701446 0.080061 -0.708212
vn 0.702443 0.059847 -0.709220
vn 0.702362 0.061742 -0.709137
vn 0.703442 -0.027322 -0.710228
vn 0.701671 0.075974 -0.708439
vn 0.615197 -0.485521 -0.621130
vn 0.574304 -0.577887 -0.579846
vn 0.696704 -0.140696 -0.703426
vn 0.687045 0.216305 -0.693673
vn 0.000001 1.000000 0.000000
vn -0.892183 0.287634 -0.348249
vn -0.997063 0.075690 0.011669
vn -0.658303 -0.039233 0.751730
vn -0.523829 0.667748 0.528883
vn -0.095833 0.990684 0.096758
vn -0.685533 0.522162 -0.507338
vn -0.991897 -0.087370 -0.092234
vn -0.570289 -0.753221 -0.327763
vn -0.622629 -0.033742 0.781790
vn -0.644836 0.301484 -0.702348
vn -0.634012 0.371665 -0.678155
vn -0.651958 0.397474 -0.645729
vn -0.656690 0.381729 -0.650416
vn -0.169302 -0.981048 0.094247
vn 0.356796 0.287633 0.888799
vn 0.042848 0.037470 0.998379
vn 0.513895 0.522164 0.680629
vn 0.166623 -0.075666 0.983113
vn 0.346719 -0.745912 0.568684
vn 0.718434 0.299813 0.627666
vn 0.677573 0.380576 0.629331
vn 0.658062 0.377020 0.651775
vn 0.654239 0.389979 0.647988
vn 0.892183 0.287633 0.348247
vn 0.998744 0.037470 0.033262
vn 0.745377 -0.039233 -0.665487
vn 0.523831 0.667748 -0.528880
vn 0.095834 0.990684 -0.096757
vn 0.685531 0.522164 0.507338
vn 0.984668 -0.075665 0.157177
vn 0.571989 -0.745911 0.341241
vn 0.775777 -0.033741 -0.630105
vn 0.634536 0.299813 0.712374
vn 0.635807 0.380576 0.671499
vn 0.092616 -0.981048 -0.170199
vn -0.356799 0.287632 -0.888798
vn 0.002097 0.075690 -0.997129
vn -0.513896 0.522161 -0.680631
vn -0.101754 -0.087370 -0.990965
vn -0.333225 -0.753221 -0.567115
vn -0.708507 0.301483 -0.638064
vn -0.684211 0.371666 -0.627472
vn -0.676715 -0.304664 -0.670251
vn 0.676166 -0.307069 0.669707
vn 0.519907 0.681567 0.514940
vn -0.039484 0.415977 0.908517
vn 0.702617 0.148481 0.695904
vn -0.017020 0.095002 0.995332
vn 0.706492 0.105979 0.699741
vn 0.201323 0.000977 0.979524
vn -0.103075 -0.667558 0.737388
vn 0.463653 -0.757721 0.459222
vn -0.687715 -0.077541 0.721828
vn -0.696277 0.481391 0.532411
vn 0.241696 0.940360 0.239387
vn 0.090306 0.991889 0.089444
vn -0.425479 0.898093 0.111338
vn -0.619153 -0.292483 0.728768
vn 0.710337 -0.021061 0.703547
vn -0.722828 0.167773 0.670352
vn 0.658858 0.374252 0.652565
vn -0.669556 -0.146942 0.728082
vn 0.704504 0.129574 0.697772
vn -0.686405 0.258185 -0.679845
vn -0.668631 -0.333753 -0.664486
vn -0.996015 0.080262 -0.038877
vn -0.970250 -0.237617 0.046398
vn -0.915473 -0.381770 -0.127124
vn -0.655385 -0.378876 -0.653393
vn -0.171534 -0.973162 -0.153404
vn -0.485150 -0.798544 0.356310
vn -0.527099 0.670535 -0.522063
vn -0.410624 0.816077 -0.406702
vn -0.620142 -0.488020 -0.614215
vn -0.706568 -0.104973 -0.699816
vn -0.665243 -0.351170 -0.658886
vn -0.048435 0.080263 -0.995596
vn 0.042770 -0.238883 -0.970106
vn -0.136742 -0.389945 -0.910629
vn 0.359715 -0.801473 -0.477751
vn 0.715438 -0.079626 -0.694124
vn 0.525699 0.481393 -0.701357
vn 0.107248 0.898093 -0.426529
vn 0.722790 -0.292483 -0.626121
vn 0.663380 0.167775 -0.729232
vn 0.721622 -0.146941 -0.676513
vn 0.908096 0.415978 -0.048203
vn 0.995080 0.095351 -0.026895
vn 0.980595 0.002211 0.196032
vn 0.734940 -0.669778 -0.106112
vn -0.639589 -0.239209 0.730551
vn 0.724358 -0.240098 -0.646266
vn 0.707913 -0.002516 0.706295
vn 0.704970 0.014942 -0.709079
vn 0.690904 0.189869 -0.697569
vn 0.699383 0.176147 0.692701
vn 0.719363 0.069184 0.691181
vn 0.677890 0.080514 -0.730741
vn 0.691184 0.067705 -0.719500
vn 0.703832 0.037867 0.709357
vn 0.700056 0.088676 0.708561
vn 0.695270 0.075168 -0.714808
vn 0.681429 0.076211 -0.727906
vn 0.716340 0.095385 0.691201
vn 0.709566 -0.051066 0.702787
vn 0.703382 -0.015687 -0.710639
vn 0.701555 0.078653 -0.708261
vn 0.709025 0.064247 0.702251
vn 0.661735 -0.358025 -0.658730
vn 0.637133 -0.442543 0.631044
vn 0.630062 -0.462156 0.624046
vn 0.703447 -0.027176 -0.710228
vn 0.703423 -0.140696 0.696707
vn 0.699566 -0.108337 -0.706308
vn 0.693672 0.216304 0.687046
vn 0.691844 0.182839 -0.698514
vn -0.690903 0.189869 0.697569
vn -0.698608 0.010781 0.715423
vn -0.691958 0.050242 0.720187
vn -0.679193 0.072263 0.730394
vn -0.681967 0.098838 0.724674
vn -0.697943 0.088745 0.710633
vn -0.701494 0.078654 0.708322
vn -0.703854 -0.015686 0.710172
vn -0.652347 -0.358029 0.668026
vn -0.703445 -0.027179 0.710230
vn -0.699563 -0.108336 0.706310
vn -0.691842 0.182835 0.698516
vn -0.710212 0.028136 -0.703426
vn -0.700113 0.170308 -0.693424
vn -0.708579 0.073363 -0.701808
vn -0.708212 0.080061 -0.701446
vn -0.709219 0.059847 -0.702443
vn -0.709137 0.061742 -0.702362
vn -0.710228 -0.027322 -0.703442
vn -0.708439 0.075974 -0.701671
vn -0.621130 -0.485521 -0.615196
vn -0.579845 -0.577888 -0.574305
vn -0.703425 -0.140696 -0.696705
vn -0.693671 0.216303 -0.687047
vn -0.000001 1.000000 0.000000
vn 0.888797 0.287635 -0.356799
vn 0.528881 0.667749 0.523829
vn 0.665490 -0.039233 0.745375
vn 0.997129 0.075689 0.002099
vn 0.680630 0.522163 -0.513896
vn 0.096757 0.990683 0.095836
vn 0.990966 -0.087372 -0.101751
vn 0.630106 -0.033742 0.775776
vn 0.567116 -0.753222 -0.333222
vn 0.638063 0.301484 -0.708507
vn 0.627473 0.371665 -0.684210
vn 0.650415 0.381729 -0.656691
vn 0.645729 0.397474 -0.651958
vn 0.170199 -0.981048 0.092617
vn -0.348249 0.287633 0.892183
vn -0.033261 0.037470 0.998744
vn -0.507338 0.522163 0.685532
vn -0.157177 -0.075666 0.984668
vn -0.341244 -0.745911 0.571987
vn -0.712375 0.299812 0.634534
vn -0.671499 0.380576 0.635808
vn -0.647988 0.389978 0.654239
vn -0.651774 0.377018 0.658064
vn -0.888798 0.287631 0.356801
vn -0.528883 0.667749 -0.523827
vn -0.751731 -0.039233 -0.658301
vn -0.998379 0.037470 0.042848
vn -0.680629 0.522161 0.513899
vn -0.096758 0.990684 -0.095830
vn -0.983113 -0.075667 0.166622
vn -0.781791 -0.033742 -0.622628
vn -0.568686 -0.745911 0.346717
vn -0.627669 0.299813 0.718432
vn -0.629332 0.380575 0.677572
vn -0.094244 -0.981048 -0.169302
vn 0.348250 0.287636 -0.892181
vn -0.011670 0.075689 -0.997063
vn 0.507338 0.522163 -0.685532
vn 0.092235 -0.087371 -0.991897
vn 0.327765 -0.753222 -0.570287
vn 0.702350 0.301484 -0.644834
vn 0.678155 0.371665 -0.634012
vn 0.670250 -0.304664 -0.676716
vn -0.669707 -0.307068 0.676167
vn -0.514940 0.681569 0.519905
vn -0.695904 0.148481 0.702617
vn 0.048204 0.415981 0.908095
vn 0.026575 0.095002 0.995122
vn -0.699742 0.105979 0.706491
vn -0.191909 0.000976 0.981412
vn -0.459224 -0.757721 0.463651
vn 0.110150 -0.667558 0.736365
vn 0.694612 -0.077542 0.715193
vn 0.701356 0.481393 0.525700
vn -0.239386 0.940361 0.241695
vn -0.089444 0.991889 0.090306
vn -0.703548 -0.021061 0.710335
vn 0.626120 -0.292482 0.722791
vn 0.426528 0.898093 0.107248
vn 0.729231 0.167776 0.663381
vn -0.652564 0.374254 0.658859
vn -0.697773 0.129573 0.704503
vn 0.676515 -0.146942 0.721620
vn 0.679846 0.258183 -0.686404
vn 0.995596 0.080262 -0.048437
vn 0.662220 -0.333753 -0.670875
vn 0.970651 -0.237617 0.037082
vn 0.914210 -0.381771 -0.135906
vn 0.488547 -0.798545 0.351635
vn 0.170052 -0.973162 -0.155045
vn 0.649081 -0.378876 -0.659656
vn 0.522064 0.670534 -0.527099
vn 0.406701 0.816078 -0.410623
vn 0.614217 -0.488020 -0.620141
vn 0.699816 -0.104972 -0.706568
vn 0.658887 -0.351169 -0.665243
vn 0.038876 0.080260 -0.996016
vn -0.052081 -0.238883 -0.969651
vn 0.127993 -0.389944 -0.911900
vn -0.364283 -0.801472 -0.474279
vn -0.722070 -0.079625 -0.687223
vn -0.532409 0.481393 -0.696277
vn -0.728771 -0.292484 -0.619150
vn -0.111338 0.898094 -0.425478
vn -0.670349 0.167776 -0.722830
vn -0.728082 -0.146942 -0.669555
vn -0.908518 0.415977 -0.039482
vn -0.995293 0.095351 -0.017341
vn -0.978668 0.002211 0.205438
vn -0.735926 -0.669777 -0.099055
vn 0.646572 -0.239209 0.724378
vn -0.730529 -0.240098 -0.639281
vn 0.701100 -0.002516 -0.713059
vn 0.692702 0.176147 -0.699383
vn 0.697568 0.189869 0.690904
vn 0.711744 0.014942 0.702280
vn 0.712694 0.069184 -0.698056
vn 0.696989 0.037867 -0.716081
vn 0.698059 0.067705 0.712832
vn 0.684873 0.080514 0.724200
vn 0.693221 0.088675 -0.715250
vn 0.709672 0.095385 -0.698045
vn 0.688385 0.076211 0.721331
vn 0.702100 0.075168 0.708100
vn 0.702787 -0.051065 -0.709566
vn 0.702250 0.064247 -0.709025
vn 0.708322 0.078654 0.701494
vn 0.710172 -0.015687 0.703854
vn 0.668028 -0.358026 0.652347
vn 0.631046 -0.442541 -0.637133
vn 0.624043 -0.462158 -0.630064
vn 0.710230 -0.027180 0.703445
vn 0.696703 -0.140696 -0.703427
vn 0.706310 -0.108336 0.699563
vn 0.687045 0.216308 -0.693671
vn 0.698516 0.182839 0.691842
vn -0.705445 0.010781 -0.708683
vn -0.697569 0.189870 -0.690903
vn -0.686174 0.072262 -0.723839
vn -0.698840 0.050242 -0.713512
vn -0.704733 0.088745 -0.703901
vn -0.688893 0.098838 -0.718093
vn -0.710639 -0.015687 -0.703382
vn -0.708261 0.078654 -0.701555
vn -0.658731 -0.358029 -0.661732
vn -0.710231 -0.027179 -0.703444
vn -0.706311 -0.108335 -0.699563
vn -0.698516 0.182833 -0.691844
vn -0.703425 0.028136 0.710212
vn -0.693424 0.170309 0.700113
vn -0.701808 0.073363 0.708579
vn -0.701445 0.080061 0.708213
vn -0.702442 0.059847 0.709220
vn -0.702362 0.061742 0.709137
vn -0.703442 -0.027323 0.710227
vn -0.701671 0.075974 0.708439
vn -0.615195 -0.485521 0.621132
vn -0.574306 -0.577885 0.579847
vn -0.696705 -0.140696 0.703425
vn -0.687045 0.216305 0.693672
vn -0.000000 1.000000 0.000000
vn 0.892182 0.287631 0.348253
vn 0.997063 0.075689 -0.011671
vn 0.658303 -0.039231 -0.751730
vn 0.523830 0.667748 -0.528880
vn 0.095833 0.990684 -0.096756
vn 0.685531 0.522162 0.507339
vn 0.991897 -0.087370 0.092232
vn 0.570289 -0.753221 0.327763
vn 0.622628 -0.033741 -0.781790
vn 0.644838 0.301484 0.702347
vn 0.634014 0.371667 0.678152
vn 0.651958 0.397473 0.645729
vn 0.656690 0.381730 0.650416
vn 0.169301 -0.981047 -0.094250
vn -0.356799 0.287632 -0.888798
vn -0.042848 0.037470 -0.998379
vn -0.513893 0.522167 -0.680628
vn -0.166625 -0.075665 -0.983113
vn -0.346719 -0.745910 -0.568687
vn -0.718432 0.299813 -0.627668
vn -0.677572 0.380577 -0.629331
vn -0.658062 0.377021 -0.651774
vn -0.654238 0.389978 -0.647989
vn -0.892183 0.287634 -0.348248
vn -0.998744 0.037470 -0.033259
vn -0.745377 -0.039232 0.665488
vn -0.523829 0.667748 0.528883
vn -0.095835 0.990683 0.096757
vn -0.685531 0.522167 -0.507335
vn -0.984668 -0.075665 -0.157176
vn -0.571987 -0.745910 -0.341246
vn -0.775777 -0.033741 0.630105
vn -0.634535 0.299813 -0.712374
vn -0.635808 0.380577 -0.671498
vn -0.092617 -0.981048 0.170196
vn 0.356800 0.287633 0.888797
vn -0.002097 0.075689 0.997129
vn 0.513895 0.522163 0.680631
vn 0.101754 -0.087370 0.990966
vn 0.333226 -0.753221 0.567114
vn 0.708506 0.301483 0.638065
vn 0.684209 0.371665 0.627474
vn 0.676717 -0.304663 0.670250
vn -0.676169 -0.307070 -0.669705
vn -0.519907 0.681566 -0.514941
vn 0.039483 0.415976 -0.908518
vn -0.702617 0.148481 -0.695904
vn 0.017019 0.095002 -0.995332
vn -0.706491 0.105979 -0.699742
vn -0.201322 0.000976 -0.979525
vn 0.103078 -0.667557 -0.737390
vn -0.463651 -0.757721 -0.459224
vn 0.687715 -0.077541 -0.721828
vn 0.696277 0.481392 -0.532410
vn -0.241697 0.940359 -0.239389
vn -0.090305 0.991890 -0.089441
vn 0.425480 0.898093 -0.111335
vn 0.619153 -0.292483 -0.728768
vn -0.710338 -0.021059 -0.703545
vn 0.722829 0.167775 -0.670350
vn -0.658859 0.374252 -0.652564
vn 0.669556 -0.146942 -0.728081
vn -0.704503 0.129573 -0.697772
vn 0.686406 0.258186 0.679844
vn 0.668631 -0.333754 0.664485
vn 0.996015 0.080262 0.038877
vn 0.970250 -0.237617 -0.046399
vn 0.915473 -0.381770 0.127124
vn 0.655385 -0.378877 0.653393
vn 0.171533 -0.973161 0.153408
vn 0.485150 -0.798544 -0.356309
vn 0.527100 0.670535 0.522062
vn 0.410625 0.816077 0.406701
vn 0.620142 -0.488021 0.614215
vn 0.706567 -0.104973 0.699817
vn 0.665243 -0.351170 0.658887
vn 0.048436 0.080261 0.995596
vn -0.042770 -0.238884 0.970106
vn 0.136741 -0.389944 0.910629
vn -0.359715 -0.801471 0.477754
vn -0.715438 -0.079626 0.694125
vn -0.525699 0.481391 0.701358
vn -0.107247 0.898093 0.426529
vn -0.722793 -0.292481 0.626119
vn -0.663379 0.167774 0.729232
vn -0.721622 -0.146942 0.676513
vn -0.908096 0.415979 0.048204
vn -0.995080 0.095352 0.026896
vn -0.980595 0.002209 -0.196033
vn -0.734941 -0.669778 0.106110
vn 0.639587 -0.239208 -0.730553
vn -0.724356 -0.240098 0.646267
vn -0.707913 -0.002515 -0.706295
vn -0.704970 0.014942 0.709080
vn -0.690904 0.189870 0.697568
vn -0.699384 0.176148 -0.692701
vn -0.719363 0.069185 -0.691181
vn -0.677889 0.080514 0.730742
vn -0.691184 0.067705 0.719500
vn -0.703832 0.037866 -0.709357
vn -0.700056 0.088675 -0.708561
vn -0.695270 0.075168 0.714808
vn -0.681428 0.076211 0.727906
vn -0.716341 0.095385 -0.691200
vn -0.709566 -0.051066 -0.702786
vn -0.703382 -0.015687 0.710639
vn -0.701556 0.078653 0.708261
vn -0.709025 0.064246 -0.702250
vn -0.661733 -0.358025 0.658732
vn -0.637133 -0.442540 -0.631046
vn -0.630064 -0.462157 -0.624043
vn -0.703441 -0.027178 0.710234
vn -0.703427 -0.140696 -0.696703
vn -0.699562 -0.108335 0.706312
vn -0.693672 0.216306 -0.687045
vn -0.691844 0.182838 0.698514
vn 0.690904 0.189870 -0.697568
vn 0.698609 0.010781 -0.715423
vn 0.691958 0.050242 -0.720187
vn 0.679193 0.072263 -0.730394
vn 0.681967 0.098838 -0.724674
vn 0.697943 0.088745 -0.710634
vn 0.701494 0.078654 -0.708322
vn 0.703854 -0.015687 -0.710171
vn 0.652346 -0.358027 -0.668028
vn 0.703444 -0.027180 -0.710231
vn 0.699562 -0.108335 -0.706312
vn 0.691842 0.182837 -0.698517
vn 0.710211 0.028136 0.703426
vn 0.700114 0.170309 0.693423
vn 0.708579 0.073363 0.701808
vn 0.708212 0.080061 0.701445
vn 0.709219 0.059847 0.702443
vn 0.709138 0.061742 0.702362
vn 0.710228 -0.027322 0.703442
vn 0.708440 0.075974 0.701670
vn 0.621131 -0.485520 0.615197
vn 0.579846 -0.577888 0.574304
vn 0.703428 -0.140697 0.696702
vn 0.693674 0.216305 0.687044
vn 0.000000 1.000000 -0.000001
vn -0.888798 0.287633 0.356800
vn -0.528882 0.667748 -0.523829
vn -0.665489 -0.039232 -0.745376
vn -0.997129 0.075689 -0.002098
vn -0.680631 0.522164 0.513893
vn -0.096758 0.990683 -0.095836
vn -0.990966 -0.087369 0.101753
vn -0.630105 -0.033741 -0.775777
vn -0.567116 -0.753220 0.333226
vn -0.638064 0.301483 0.708507
vn -0.627473 0.371666 0.684209
vn -0.650416 0.381730 0.656690
vn -0.645729 0.397474 0.651958
vn -0.170198 -0.981048 -0.092620
vn 0.348249 0.287634 -0.892182
vn 0.033262 0.037470 -0.998744
vn 0.507336 0.522166 -0.685531
vn 0.157179 -0.075664 -0.984667
vn 0.341243 -0.745909 -0.571991
vn 0.712375 0.299813 -0.634535
vn 0.671500 0.380577 -0.635806
vn 0.647987 0.389977 -0.654241
vn 0.651774 0.377020 -0.658063
vn 0.888799 0.287633 -0.356797
vn 0.528883 0.667746 0.523830
vn 0.751730 -0.039232 0.658303
vn 0.998379 0.037470 -0.042847
vn 0.680630 0.522166 -0.513893
vn 0.096759 0.990684 0.095830
vn 0.983113 -0.075666 -0.166623
vn 0.781790 -0.033741 0.622629
vn 0.568684 -0.745910 -0.346724
vn 0.627666 0.299813 -0.718434
vn 0.629330 0.380576 -0.677573
vn 0.094246 -0.981048 0.169300
vn -0.348252 0.287632 0.892182
vn 0.011670 0.075689 0.997063
vn -0.507339 0.522162 0.685532
vn -0.092236 -0.087370 0.991897
vn -0.327765 -0.753220 0.570290
vn -0.702349 0.301484 0.644836
vn -0.678154 0.371666 0.634013
vn -0.670249 -0.304662 0.676718
vn 0.669706 -0.307068 -0.676168
vn 0.514940 0.681567 -0.519907
vn 0.695905 0.148481 -0.702616
vn -0.048203 0.415977 -0.908097
vn -0.026574 0.095002 -0.995122
vn 0.699742 0.105980 -0.706491
vn 0.191910 0.000977 -0.981412
vn 0.459222 -0.757722 -0.463652
vn -0.110150 -0.667557 -0.736366
vn -0.694612 -0.077541 -0.715193
vn -0.701356 0.481393 -0.525701
vn 0.239387 0.940360 -0.241696
vn 0.089442 0.991890 -0.090306
vn 0.703549 -0.021061 -0.710335
vn -0.626118 -0.292482 -0.722794
vn -0.426528 0.898093 -0.107248
vn -0.729232 0.167776 -0.663379
vn 0.652564 0.374253 -0.658859
vn 0.697771 0.129572 -0.704505
vn -0.676513 -0.146941 -0.721622
vn -0.679846 0.258185 0.686403
vn -0.995596 0.080263 0.048435
vn -0.662222 -0.333754 0.670873
vn -0.970651 -0.237617 -0.037084
vn -0.914211 -0.381771 0.135905
vn -0.488548 -0.798544 -0.351638
vn -0.170052 -0.973161 0.155047
vn -0.649082 -0.378877 0.659655
vn -0.522064 0.670534 0.527099
vn -0.406701 0.816078 0.410623
vn -0.614217 -0.488021 0.620139
vn -0.699817 -0.104973 0.706567
vn -0.658887 -0.351169 0.665243
vn -0.038875 0.080261 0.996016
vn 0.052081 -0.238883 0.969651
vn -0.127993 -0.389944 0.911900
vn 0.364285 -0.801470 0.474281
vn 0.722069 -0.079626 0.687223
vn 0.532410 0.481393 0.696276
vn 0.728770 -0.292483 0.619151
vn 0.111337 0.898094 0.425478
vn 0.670351 0.167775 0.722829
vn 0.728083 -0.146941 0.669554
vn 0.908517 0.415978 0.039483
vn 0.995293 0.095350 0.017342
vn 0.978668 0.002211 -0.205437
vn 0.735927 -0.669777 0.099053
vn -0.646571 -0.239208 -0.724379
vn 0.730528 -0.240098 0.639282
vn -0.263541 -0.916090 -0.302200
vn -0.062725 -0.961624 0.267104
vn -0.315797 0.347228 0.883009
vn -0.825444 0.559863 0.072089
vn -0.691917 0.718792 0.067737
vn -0.305234 0.425848 0.851755
vn 0.308419 -0.949059 -0.064541
vn -0.285941 0.529882 0.798413
vn -0.207353 0.088042 0.974296
vn -0.207353 0.088042 0.974296
vn -0.207353 0.088042 0.974296
vn 0.109611 0.053111 0.992555
vn 0.109611 0.053111 0.992555
vn -0.875181 0.398719 0.274008
vn -0.875181 0.398719 0.274008
vn -0.875181 0.398719 0.274008
vn -0.679895 0.730192 0.067551
vn -0.784350 0.521230 -0.336325
vn -0.784350 0.521230 -0.336325
vn -0.025657 -0.784301 -0.619850
vn -0.508882 0.804703 0.305764
vn -0.508882 0.804703 0.305764
vn 0.250336 -0.776156 -0.578718
vn 0.250336 -0.776156 -0.578718
vn 0.758726 0.069942 -0.647644
vn 0.758726 0.069942 -0.647644
vn 0.758726 0.069942 -0.647644
vn 0.758726 0.069942 -0.647644
vn 0.260625 -0.916087 -0.304728
vn 0.826097 0.559862 0.064166
vn 0.324254 0.347223 0.879941
vn 0.065287 -0.961625 0.266488
vn 0.692536 0.718792 0.061091
vn 0.313396 0.425846 0.848786
vn -0.309024 -0.949059 -0.061573
vn 0.293594 0.529883 0.795630
vn 0.216696 0.088043 0.972261
vn 0.216696 0.088043 0.972261
vn 0.216696 0.088043 0.972261
vn -0.100077 0.053111 0.993561
vn -0.100077 0.053111 0.993561
vn 0.877769 0.398718 0.265602
vn 0.877769 0.398719 0.265602
vn 0.877769 0.398718 0.265602
vn 0.680512 0.730192 0.061018
vn 0.019704 -0.784302 -0.620067
vn 0.781084 0.521229 -0.343845
vn 0.781084 0.521229 -0.343845
vn 0.511794 0.804703 0.300866
vn 0.511794 0.804703 0.300866
vn -0.255881 -0.776160 -0.576281
vn -0.255881 -0.776160 -0.576281
vn -0.764910 0.069942 -0.640329
vn -0.764910 0.069942 -0.640329
vn -0.764910 0.069942 -0.640329
vn -0.764910 0.069942 -0.640329
vn 0.310669 -0.097530 0.945501
vn 0.004758 -0.133101 0.991091
vn 0.004758 -0.133101 0.991091
vn 0.350331 -0.088272 0.932457
vn 0.788261 0.068176 0.611553
vn 0.788331 0.068217 0.611457
vn 0.985048 0.087420 -0.148451
vn 0.987157 0.110160 0.115694
vn 0.671150 0.004972 -0.741305
vn 0.671150 0.004972 -0.741305
vn -0.301578 -0.097530 0.948440
vn -0.341363 -0.088272 0.935777
vn -0.782353 0.068176 0.619093
vn -0.782425 0.068217 0.618998
vn -0.986428 0.087420 -0.138987
vn -0.986001 0.110159 0.125165
vn -0.678236 0.004972 -0.734828
vn -0.678236 0.004972 -0.734828
vn 0.975917 -0.000331 -0.218141
vn 0.853463 -0.044145 -0.519280
vn 0.684090 0.013527 -0.729272
vn 0.759755 -0.056961 0.647709
vn 0.931679 -0.012364 0.363071
vn 0.989532 -0.033506 0.140370
vn 0.988509 -0.063106 0.137360
vn 0.976317 -0.034474 -0.213579
vn 0.680855 -0.056509 -0.730235
vn 0.886815 -0.066849 -0.457264
vn 0.622796 -0.100183 -0.775944
vn 0.974863 -0.084084 -0.206327
vn 0.982378 -0.112094 0.149562
vn 0.962994 -0.058061 -0.263196
vn 0.830498 -0.039845 -0.555594
vn 0.648962 -0.024802 -0.760416
vn 0.990996 -0.068003 0.115336
vn 0.984770 -0.154575 0.079592
vn 0.905031 -0.095250 0.414543
vn 0.744939 -0.121274 0.656017
vn 0.750529 -0.184963 0.634424
vn 0.959452 -0.096158 -0.264964
vn 0.624388 -0.023779 -0.780752
vn 0.796988 -0.123783 0.591176
vn 0.938956 0.015473 0.343690
vn 0.996060 -0.056671 0.068212
vn 0.968918 0.017857 -0.246737
vn 0.608987 0.100352 -0.786807
vn 0.454882 -0.113146 0.883335
vn 0.440474 -0.186643 0.878150
vn 0.427427 -0.138653 0.893354
vn 0.857641 0.113775 -0.501506
vn -0.027194 -0.026661 -0.999275
vn 0.257968 0.042452 -0.965220
vn 0.264342 -0.052902 -0.962977
vn 0.246973 0.114410 -0.962245
vn 0.285530 -0.088868 -0.954241
vn -0.333905 0.048068 -0.941381
vn 0.387867 -0.029446 -0.921245
vn -0.080778 -0.224714 -0.971071
vn 0.426807 -0.077540 -0.901012
vn -0.020091 -0.173164 0.984688
vn 0.708353 -0.164725 0.686369
vn 0.416637 -0.178111 0.891454
vn 0.052347 -0.129591 0.990185
vn 0.445023 -0.064013 0.893228
vn 0.455414 -0.074059 0.887194
vn 0.748578 -0.085757 0.657478
vn 0.910185 0.143185 0.388666
vn 0.763485 0.165082 0.624370
vn 0.166036 -0.031375 0.985620
vn 0.481106 0.142202 0.865052
vn -0.053669 -0.065381 0.996416
vn 0.051629 -0.184032 0.981564
vn -0.109140 0.109210 0.988009
vn -0.206072 -0.102510 0.973153
vn -0.746983 -0.046745 0.663198
vn -0.750491 -0.047064 0.659203
vn -0.164818 -0.074124 0.983535
vn -0.299624 -0.199159 0.933039
vn -0.806434 -0.163857 0.568168
vn -0.832674 -0.167240 0.527906
vn -0.325947 -0.126340 0.936908
vn -0.376246 -0.224502 0.898910
vn -0.897404 -0.155550 0.412881
vn -0.912048 -0.153878 0.380118
vn 0.977782 0.155304 0.140792
vn 0.980230 0.137695 -0.142088
vn 0.724506 0.049710 -0.687474
vn 0.761384 0.063359 -0.645198
vn 0.972297 0.101122 -0.210745
vn 0.478026 -0.035668 -0.877621
vn -0.012814 -0.024352 -0.999621
vn 0.448398 -0.050164 -0.892425
vn 0.229473 -0.157895 -0.960422
vn -0.167983 -0.061943 -0.983842
vn -0.254100 -0.099893 -0.962006
vn -0.276825 -0.064012 -0.958786
vn -0.332011 -0.123062 -0.935214
vn -0.993811 -0.110725 0.008957
vn -0.994243 -0.105208 -0.020303
vn -0.986963 -0.159227 -0.023468
vn -0.983642 -0.152601 -0.095712
vn -0.836873 -0.142222 -0.528599
vn -0.849288 -0.139709 -0.509109
vn -0.866920 0.005991 -0.498411
vn -0.872617 0.006673 -0.488360
vn -0.997027 -0.007833 -0.076652
vn -0.999853 -0.014985 -0.008366
vn -0.423413 -0.116739 -0.898384
vn -0.919982 -0.074074 -0.384898
vn -0.903903 -0.075798 -0.420968
vn -0.143511 0.267807 -0.952724
vn -0.242908 0.128089 -0.961556
vn -0.363441 -0.050974 -0.930222
vn 0.280447 0.074047 -0.957009
vn 0.689855 0.096982 -0.717422
vn 0.989511 0.022477 -0.142700
vn 0.988897 -0.018806 0.147406
vn 0.712636 -0.133591 0.688697
vn 0.459775 -0.214650 0.861703
vn 0.810141 0.156286 0.565019
vn 0.436528 0.159389 0.885459
vn 0.966108 0.118292 0.229438
vn 0.216618 0.137400 0.966539
vn -0.022130 -0.352842 0.935421
vn 0.146560 0.065381 -0.987039
vn -0.259551 0.015274 -0.965609
vn 0.752414 0.118695 -0.647909
vn 0.972588 0.084797 -0.216525
vn 0.969434 -0.006588 0.245265
vn 0.741789 -0.082568 0.665531
vn 0.295196 -0.167652 0.940613
vn 0.087635 -0.197806 0.976316
vn 0.930677 0.364875 -0.026565
vn 0.568644 0.734326 0.370687
vn 0.471685 0.818745 0.327367
vn 0.929001 0.368138 0.037837
vn 0.200403 0.929206 0.310507
vn 0.626717 0.255182 0.736279
vn -0.325713 0.805500 0.495057
vn -0.133427 0.917268 0.375257
vn -0.489788 0.090744 0.867106
vn -0.924348 0.200454 0.324653
vn 0.312964 -0.861320 0.400226
vn -0.236343 -0.876396 0.419609
vn 0.923915 0.071040 -0.375945
vn 0.905277 0.221462 -0.362530
vn 0.337204 -0.063809 -0.939267
vn 0.273760 0.074922 -0.958876
vn 0.676922 -0.654026 -0.337679
vn 0.373241 -0.598134 -0.709173
vn -0.634885 -0.068677 -0.769548
vn -0.445640 -0.632721 -0.633300
vn -0.687668 0.037845 -0.725038
vn -0.668567 -0.724668 -0.166955
vn -0.989056 -0.034779 -0.143386
vn -0.316230 -0.703308 0.636676
vn 0.418213 -0.746278 0.517848
vn 0.317212 -0.947676 0.035887
vn -0.263014 -0.963609 0.047767
vn 0.296301 -0.885857 -0.357019
vn -0.407147 -0.876666 -0.256297
vn -0.941263 0.178607 0.286573
vn -0.635687 -0.766995 0.087300
vn 0.537062 -0.808444 -0.240796
vn -0.400885 0.713684 0.574409
vn -0.995194 0.097919 -0.000066
vn -0.653032 -0.077489 0.753356
vn -0.694073 -0.086909 0.714640
vn -0.463565 -0.036476 0.885312
vn -0.463565 -0.036476 0.885312
vn -0.958228 -0.233756 0.164793
vn -0.962857 -0.248631 0.105301
vn -0.773004 -0.375441 -0.511379
vn -0.825922 -0.361660 -0.432498
vn -0.385849 -0.388931 -0.836572
vn -0.385849 -0.388931 -0.836572
vn -0.595455 -0.115240 0.795080
vn -0.595455 -0.115240 0.795080
vn -0.782148 -0.131581 0.609041
vn -0.794127 -0.132450 0.593143
vn -0.993244 -0.116034 -0.001380
vn -0.992232 -0.111440 -0.055290
vn -0.860130 -0.084518 -0.503025
vn -0.867823 -0.084391 -0.489655
vn -0.644284 -0.082266 -0.760349
vn -0.644284 -0.082266 -0.760349
vn -0.720010 -0.139948 0.679706
vn -0.720010 -0.139948 0.679706
vn -0.870155 -0.145750 0.470730
vn -0.889076 -0.145784 0.433925
vn -0.992754 -0.119612 -0.011518
vn -0.992525 -0.117144 -0.034225
vn -0.894408 -0.046122 -0.444867
vn -0.898807 -0.048753 -0.435626
vn -0.755742 0.019675 -0.654574
vn -0.755742 0.019675 -0.654574
vn -0.836877 -0.137938 0.529726
vn -0.827024 -0.083494 0.555931
vn -0.933495 -0.084936 0.348387
vn -0.937701 -0.119639 0.326196
vn -0.994317 -0.096614 -0.044710
vn -0.995510 -0.080903 -0.049133
vn -0.928891 -0.096016 0.357692
vn -0.999801 0.017520 -0.009503
vn -0.924996 -0.024504 -0.379187
vn -0.920019 -0.096092 -0.379910
vn -0.860135 -0.071402 -0.505044
vn -0.889253 0.014898 -0.457173
vn -0.937992 0.094071 -0.333648
vn -0.868025 0.097194 -0.486915
vn -0.836948 -0.166465 0.521351
vn -0.993818 0.101956 0.043947
vn -0.910035 -0.014761 0.414269
vn -0.907329 0.115114 -0.404355
vn -0.825369 0.099360 -0.555783
vn -0.820807 -0.109257 0.560660
vn -0.977967 -0.000331 -0.208761
vn -0.691060 0.013526 -0.722671
vn -0.858409 -0.044145 -0.511063
vn -0.753502 -0.056961 0.654974
vn -0.988139 -0.033506 0.149863
vn -0.928151 -0.012365 0.371999
vn -0.987145 -0.063106 0.146844
vn -0.978323 -0.034475 -0.204196
vn -0.687834 -0.056509 -0.723665
vn -0.891164 -0.066849 -0.448729
vn -0.630216 -0.100183 -0.769929
vn -0.976799 -0.084085 -0.196959
vn -0.980897 -0.112094 0.158986
vn -0.965476 -0.058061 -0.253938
vn -0.656232 -0.024802 -0.754151
vn -0.835794 -0.039844 -0.547596
vn -0.989843 -0.068003 0.124844
vn -0.983960 -0.154575 0.089043
vn -0.901010 -0.095249 0.423212
vn -0.738607 -0.121275 0.663139
vn -0.744404 -0.184963 0.641600
vn -0.961951 -0.096158 -0.255740
vn -0.631855 -0.023779 -0.774722
vn -0.791275 -0.123783 0.598800
vn -0.995359 -0.056671 0.077771
vn -0.935613 0.015472 0.352688
vn -0.971242 0.017857 -0.237424
vn -0.616512 0.100352 -0.780924
vn -0.446380 -0.113146 0.887661
vn -0.432024 -0.186643 0.882338
vn -0.418831 -0.138653 0.897417
vn -0.862416 0.113775 -0.493249
vn 0.017599 -0.026661 -0.999490
vn -0.273574 -0.052902 -0.960395
vn -0.267223 0.042452 -0.962699
vn -0.256199 0.114410 -0.959830
vn -0.294678 -0.088868 -0.951455
vn 0.324852 0.048068 -0.944543
vn -0.396693 -0.029446 -0.917479
vn 0.071452 -0.224714 -0.971802
vn -0.435438 -0.077540 -0.896873
vn 0.029544 -0.173164 0.984450
vn -0.701731 -0.164725 0.693138
vn -0.408060 -0.178111 0.895413
vn -0.042838 -0.129591 0.990642
vn -0.436427 -0.064013 0.897460
vn -0.446875 -0.074059 0.891526
vn -0.742231 -0.085757 0.664634
vn -0.906412 0.143186 0.397386
vn -0.757456 0.165082 0.631671
vn -0.156567 -0.031374 0.987169
vn -0.472779 0.142202 0.869631
vn 0.063232 -0.065381 0.995855
vn -0.042203 -0.184031 0.982014
vn 0.118620 0.109210 0.986916
vn 0.215405 -0.102510 0.971130
vn 0.756785 -0.047064 0.651968
vn 0.753315 -0.046745 0.655996
vn 0.174252 -0.074124 0.981907
vn 0.308567 -0.199159 0.930120
vn 0.837704 -0.167240 0.519888
vn 0.811852 -0.163857 0.560400
vn 0.334927 -0.126340 0.933736
vn 0.384858 -0.224502 0.895256
vn 0.915655 -0.153878 0.371345
vn 0.901326 -0.155550 0.404247
vn -0.976386 0.155304 0.150173
vn -0.981549 0.137696 -0.132671
vn -0.731072 0.049710 -0.680487
vn -0.767543 0.063359 -0.637859
vn -0.974275 0.101122 -0.201402
vn -0.486430 -0.035668 -0.872991
vn 0.003216 -0.024351 -0.999698
vn -0.456945 -0.050164 -0.888079
vn -0.238683 -0.157895 -0.958175
vn 0.158530 -0.061943 -0.985409
vn 0.244853 -0.099893 -0.964401
vn 0.267608 -0.064012 -0.961399
vn 0.323018 -0.123062 -0.938358
vn 0.994002 -0.105208 -0.029847
vn 0.993851 -0.110725 -0.000584
vn 0.986692 -0.159227 -0.032942
vn 0.982678 -0.152601 -0.105150
vn 0.831760 -0.142222 -0.536608
vn 0.844361 -0.139709 -0.517238
vn 0.862095 0.005991 -0.506711
vn 0.999726 -0.014985 -0.017965
vn 0.996245 -0.007833 -0.086220
vn 0.867888 0.006673 -0.496715
vn 0.414769 -0.116739 -0.902407
vn 0.916244 -0.074074 -0.393712
vn 0.899820 -0.075798 -0.429626
vn 0.233665 0.128089 -0.963843
vn 0.134358 0.267807 -0.954058
vn 0.354494 -0.050974 -0.933668
vn -0.289622 0.074047 -0.954273
vn -0.696710 0.096983 -0.710767
vn -0.990835 0.022477 -0.133193
vn -0.987437 -0.018806 0.156893
vn -0.705992 -0.133591 0.695506
vn -0.451481 -0.214650 0.866077
vn -0.804679 0.156285 0.572771
vn -0.428008 0.159389 0.889609
vn -0.963861 0.118292 0.238702
vn -0.207329 0.137400 0.968574
vn 0.031109 -0.352842 0.935166
vn -0.156029 0.065381 -0.985586
vn 0.250268 0.015274 -0.968056
vn -0.758599 0.118695 -0.640655
vn -0.974621 0.084797 -0.207178
vn -0.967034 -0.006588 0.254561
vn -0.735365 -0.082568 0.672622
vn -0.286152 -0.167652 0.943403
vn -0.078258 -0.197806 0.977112
vn -0.930889 0.364876 -0.017629
vn -0.928595 0.368139 0.046754
vn -0.468520 0.818745 0.331881
vn -0.565060 0.734326 0.376129
vn -0.619620 0.255183 0.742262
vn -0.197413 0.929206 0.312417
vn 0.330451 0.805500 0.491907
vn 0.137023 0.917268 0.373958
vn 0.498090 0.090744 0.862364
vn 0.927422 0.200453 0.315764
vn -0.309107 -0.861320 0.403212
vn 0.240360 -0.876396 0.417321
vn -0.908716 0.221461 -0.353822
vn -0.927482 0.071040 -0.367057
vn -0.346205 -0.063809 -0.935986
vn -0.282953 0.074922 -0.956203
vn -0.380032 -0.598134 -0.705557
vn -0.680132 -0.654026 -0.331165
vn 0.627468 -0.068677 -0.775608
vn 0.439540 -0.632721 -0.637549
vn 0.680676 0.037845 -0.731607
vn 0.666934 -0.724668 -0.173365
vn 0.987634 -0.034779 -0.152874
vn 0.322327 -0.703309 0.633610
vn -0.413223 -0.746278 0.521839
vn -0.316852 -0.947676 0.038931
vn 0.263461 -0.963609 0.045240
vn -0.299714 -0.885857 -0.354158
vn 0.404668 -0.876666 -0.260194
vn 0.636495 -0.766995 0.081193
vn 0.943971 0.178607 0.277523
vn -0.539349 -0.808444 -0.235629
vn 0.406381 0.713684 0.570534
vn 0.995148 0.097919 -0.009620
vn 0.603061 -0.115240 0.789327
vn 0.799785 -0.132450 0.585492
vn 0.787958 -0.131581 0.601505
vn 0.603061 -0.115240 0.789327
vn 0.993185 -0.116034 -0.010916
vn 0.991655 -0.111440 -0.064813
vn 0.855261 -0.084518 -0.511259
vn 0.863082 -0.084391 -0.497964
vn 0.636955 -0.082266 -0.766499
vn 0.636955 -0.082266 -0.766499
vn 0.726502 -0.139948 0.672762
vn 0.893201 -0.145783 0.425370
vn 0.874634 -0.145750 0.462355
vn 0.726502 -0.139948 0.672762
vn 0.992598 -0.119612 -0.021048
vn 0.992151 -0.117143 -0.043753
vn 0.890096 -0.046122 -0.453433
vn 0.749422 0.019675 -0.661800
vn 0.749422 0.019675 -0.661800
vn 0.894583 -0.048753 -0.444235
vn 0.841925 -0.137938 0.521667
vn 0.940789 -0.119639 0.317179
vn 0.936797 -0.084936 0.339408
vn 0.832323 -0.083494 0.547966
vn 0.994993 -0.080903 -0.058688
vn 0.993842 -0.096614 -0.054253
vn 0.932282 -0.096016 0.348757
vn 0.999664 0.017520 -0.019101
vn 0.921313 -0.024504 -0.388050
vn 0.884823 0.014898 -0.465689
vn 0.855247 -0.071402 -0.513278
vn 0.916329 -0.096092 -0.388725
vn 0.934746 0.094071 -0.342638
vn 0.863310 0.097194 -0.495226
vn 0.841915 -0.166465 0.513292
vn 0.994194 0.101956 0.034404
vn 0.913970 -0.014760 0.405513
vn 0.903405 0.115114 -0.413047
vn 0.819995 0.099360 -0.563681
vn 0.826151 -0.109257 0.552754
vn 0.660234 -0.077489 0.747052
vn 0.472043 -0.036476 0.880821
vn 0.472043 -0.036476 0.880821
vn 0.700902 -0.086909 0.707943
vn 0.963824 -0.248631 0.096053
vn 0.959766 -0.233756 0.155586
vn 0.821732 -0.361660 -0.440408
vn 0.768059 -0.375441 -0.518776
vn 0.377800 -0.388931 -0.840238
vn 0.377800 -0.388931 -0.840238
s 1
g GEO nornFGeo_opaque
usemtl blinn2SG
f 1987/2122/1986 1988/2123/1987 1993/2124/1988 1994/2125/1989
f 1999/2126/1990 1988/2123/1987 1987/2122/1986 2001/2127/1991
f 2002/2128/1992 2001/2127/1991 1987/2122/1986 1986/2129/1993
f 1986/2129/1993 1987/2122/1986 1994/2125/1989 1995/2130/1994
f 1997/2131/1995 1996/2132/1996 1994/2125/1989 1993/2124/1988
f 1995/2130/1994 1994/2125/1989 1996/2132/1996 2003/2133/1997
f 1989/2134/1998 1988/2123/1987 1999/2126/1990 2000/2135/1999
f 2008/2136/2000 1990/2137/2001 1989/2134/1998 2000/2135/1999
f 1989/2134/1998 1990/2137/2001 1991/2138/2002 1992/2139/2003
f 1992/2139/2003 1993/2124/1988 1988/2123/1987 1989/2134/1998
f 1998/2140/2004 1997/2131/1995 1993/2124/1988 1992/2139/2003
f 2007/2141/2005 2003/2133/1997 1996/2132/1996 2004/2142/2006
f 2012/2143/2007 2009/2144/2008 2010/2145/2009 2011/2146/2010
f 2010/2145/2009 2009/2144/2008 2007/2141/2005 2004/2142/2006
f 2013/2147/2011 2014/2148/2012 2011/2146/2010 2010/2145/2009
f 2005/2149/2013 2004/2142/2006 1996/2132/1996 1997/2131/1995
f 2013/2147/2011 2010/2145/2009 2004/2142/2006 2005/2149/2013
f 2006/2150/2014 2005/2149/2013 1997/2131/1995 1998/2140/2004
f 2026/2151/2015 2027/2152/2016 2019/2153/2017 2020/2154/2018
f 2020/2154/2018 2019/2153/2017 2028/2155/2019 2029/2156/2020
f 2025/2157/2021 2026/2151/2015 2020/2154/2018 2021/2158/2022
f 2021/2158/2022 2020/2154/2018 2029/2156/2020 2030/2159/2023
f 2022/2160/2024 2021/2158/2022 2030/2159/2023 2031/2161/2025
f 2025/2157/2021 2021/2158/2022 2022/2160/2024 2024/2162/2026
f 2024/2162/2026 2022/2160/2024 2031/2161/2025 2032/2163/2027
f 2033/2164/2028 2014/2148/2012 2013/2147/2011 2034/2165/2029
f 2029/2156/2020 2028/2155/2019 2015/2166/2030 2016/2167/2031
f 2016/2167/2031 2015/2166/2030 2033/2164/2028 2034/2165/2029
f 2034/2165/2029 2013/2147/2011 2005/2149/2013 2035/2168/2032
f 2030/2159/2023 2029/2156/2020 2016/2167/2031 2017/2169/2033
f 2017/2169/2033 2016/2167/2031 2034/2165/2029 2035/2168/2032
f 2031/2161/2025 2030/2159/2023 2017/2169/2033 2018/2170/2034
f 2018/2170/2034 2017/2169/2033 2035/2168/2032 2036/2171/2035
f 2035/2168/2032 2005/2149/2013 2006/2150/2014 2036/2171/2035
f 2032/2163/2027 2031/2161/2025 2018/2170/2034 2023/2172/2036
f 2023/2172/2036 2018/2170/2034 2036/2171/2035 2037/2173/2037
f 2008/2136/2000 2000/2135/1999 2039/2174/2038 2038/2175/2039
f 2000/2135/1999 1999/2126/1990 2040/2176/2040 2039/2174/2038
f 1999/2126/1990 2001/2127/1991 2041/2177/2041 2040/2176/2040
f 2001/2127/1991 2002/2128/1992 2042/2178/2042 2041/2177/2041
f 1998/2140/2004 1992/2139/2003 1991/2138/2002 2043/2179/2043
f 2006/2150/2014 1998/2140/2004 2043/2179/2043 2044/2180/2044
f 2036/2171/2035 2006/2150/2014 2044/2180/2044 2037/2173/2037
f 2046/2181/2045 2053/2182/2046 2052/2183/2047 2047/2184/2048
f 2058/2185/2049 2060/2186/2050 2046/2181/2045 2047/2184/2048
f 2061/2187/2051 2045/2188/2052 2046/2181/2045 2060/2186/2050
f 2045/2188/2052 2054/2189/2053 2053/2182/2046 2046/2181/2045
f 2056/2190/2054 2052/2183/2047 2053/2182/2046 2055/2191/2055
f 2054/2189/2053 2062/2192/2056 2055/2191/2055 2053/2182/2046
f 2048/2193/2057 2059/2194/2058 2058/2185/2049 2047/2184/2048
f 2067/2195/2059 2059/2194/2058 2048/2193/2057 2049/2196/2060
f 2048/2193/2057 2051/2197/2061 2050/2198/2062 2049/2196/2060
f 2051/2197/2061 2048/2193/2057 2047/2184/2048 2052/2183/2047
f 2057/2199/2063 2051/2197/2061 2052/2183/2047 2056/2190/2054
f 2066/2200/2064 2063/2201/2065 2055/2191/2055 2062/2192/2056
f 2012/2143/2007 2011/2146/2010 2069/2202/2066 2068/2203/2067
f 2069/2202/2066 2063/2201/2065 2066/2200/2064 2068/2203/2067
f 2070/2204/2068 2069/2202/2066 2011/2146/2010 2014/2148/2012
f 2064/2205/2069 2056/2190/2054 2055/2191/2055 2063/2201/2065
f 2070/2204/2068 2064/2205/2069 2063/2201/2065 2069/2202/2066
f 2065/2206/2070 2057/2199/2063 2056/2190/2054 2064/2205/2069
f 2080/2207/2071 2074/2208/2072 2019/2153/2017 2027/2152/2016
f 2074/2208/2072 2081/2209/2073 2028/2155/2019 2019/2153/2017
f 2079/2210/2074 2075/2211/2075 2074/2208/2072 2080/2207/2071
f 2075/2211/2075 2082/2212/2076 2081/2209/2073 2074/2208/2072
f 2076/2213/2077 2083/2214/2078 2082/2212/2076 2075/2211/2075
f 2079/2210/2074 2078/2215/2079 2076/2213/2077 2075/2211/2075
f 2078/2215/2079 2084/2216/2080 2083/2214/2078 2076/2213/2077
f 2033/2164/2028 2085/2217/2081 2070/2204/2068 2014/2148/2012
f 2081/2209/2073 2071/2218/2082 2015/2166/2030 2028/2155/2019
f 2071/2218/2082 2085/2217/2081 2033/2164/2028 2015/2166/2030
f 2085/2217/2081 2086/2219/2083 2064/2205/2069 2070/2204/2068
f 2082/2212/2076 2072/2220/2084 2071/2218/2082 2081/2209/2073
f 2072/2220/2084 2086/2219/2083 2085/2217/2081 2071/2218/2082
f 2083/2214/2078 2073/2221/2085 2072/2220/2084 2082/2212/2076
f 2073/2221/2085 2087/2222/2086 2086/2219/2083 2072/2220/2084
f 2086/2219/2083 2087/2222/2086 2065/2206/2070 2064/2205/2069
f 2084/2216/2080 2077/2223/2087 2073/2221/2085 2083/2214/2078
f 2077/2223/2087 2088/2224/2088 2087/2222/2086 2073/2221/2085
f 2067/2195/2059 2089/2225/2089 2090/2226/2090 2059/2194/2058
f 2059/2194/2058 2090/2226/2090 2091/2227/2091 2058/2185/2049
f 2058/2185/2049 2091/2227/2091 2092/2228/2092 2060/2186/2050
f 2060/2186/2050 2092/2228/2092 2093/2229/2093 2061/2187/2051
f 2057/2199/2063 2094/2230/2094 2050/2198/2062 2051/2197/2061
f 2065/2206/2070 2095/2231/2095 2094/2230/2094 2057/2199/2063
f 2087/2222/2086 2088/2224/2088 2095/2231/2095 2065/2206/2070
s 4
f 2102/2232/2096 2104/2233/2097 2106/2234/2098
f 2107/2235/2099 2105/2236/2100 2099/2237/2101 2103/2238/2102
f 2107/2235/2099 2106/2234/2098 2104/2233/2097 2105/2236/2100
f 2097/2239/2103 2096/2240/2104 2102/2232/2096 2106/2234/2098
f 2100/2241/2105 2097/2239/2103 2106/2234/2098 2107/2235/2099
f 2101/2242/2106 2100/2241/2105 2107/2235/2099
f 2098/2243/2107 2101/2242/2106 2107/2235/2099 2103/2238/2102
f 2110/2244/2108 2109/2245/2109 2097/2239/2103 2100/2241/2105
f 2111/2246/2110 2110/2244/2108 2100/2241/2105 2101/2242/2106
f 2109/2245/2109 2108/2247/2111 2096/2240/2104 2097/2239/2103
f 2114/2248/2112 2113/2249/2113 2108/2247/2111 2109/2245/2109
f 2119/2250/2114 2118/2251/2115 2113/2249/2113 2114/2248/2112
f 2115/2252/2116 2114/2248/2112 2109/2245/2109 2110/2244/2108
f 2120/2253/2117 2119/2250/2114 2114/2248/2112 2115/2252/2116
f 2116/2254/2118 2115/2252/2116 2110/2244/2108 2111/2246/2110
f 2121/2255/2119 2120/2253/2117 2115/2252/2116 2116/2254/2118
f 2122/2256/2120 2121/2255/2119 2116/2254/2118 2117/2257/2121
f 2117/2257/2121 2116/2254/2118 2111/2246/2110 2112/2258/2122
f 2112/2258/2122 2111/2246/2110 2101/2242/2106 2098/2243/2107
f 2129/2259/2123 2133/2260/2124 2131/2261/2125
f 2134/2262/2126 2130/2263/2127 2126/2264/2128 2132/2265/2129
f 2134/2262/2126 2132/2265/2129 2131/2261/2125 2133/2260/2124
f 2124/2266/2130 2133/2260/2124 2129/2259/2123 2123/2267/2131
f 2127/2268/2132 2134/2262/2126 2133/2260/2124 2124/2266/2130
f 2128/2269/2133 2134/2262/2126 2127/2268/2132
f 2125/2270/2134 2130/2263/2127 2134/2262/2126 2128/2269/2133
f 2137/2271/2135 2127/2268/2132 2124/2266/2130 2136/2272/2136
f 2138/2273/2137 2128/2269/2133 2127/2268/2132 2137/2271/2135
f 2136/2272/2136 2124/2266/2130 2123/2267/2131 2135/2274/2138
f 2141/2275/2139 2136/2272/2136 2135/2274/2138 2140/2276/2140
f 2119/2250/2114 2141/2275/2139 2140/2276/2140 2118/2251/2115
f 2142/2277/2141 2137/2271/2135 2136/2272/2136 2141/2275/2139
f 2120/2253/2117 2142/2277/2141 2141/2275/2139 2119/2250/2114
f 2143/2278/2142 2138/2273/2137 2137/2271/2135 2142/2277/2141
f 2121/2255/2119 2143/2278/2142 2142/2277/2141 2120/2253/2117
f 2122/2256/2120 2144/2279/2143 2143/2278/2142 2121/2255/2119
f 2144/2279/2143 2139/2280/2144 2138/2273/2137 2143/2278/2142
f 2139/2280/2144 2125/2270/2134 2128/2269/2133 2138/2273/2137
s 7
f 2163/2281/2145 2157/2282/2146 2158/2283/2147 2164/2284/2148
f 2165/2285/2149 2164/2284/2148 2158/2283/2147 2159/2286/2150
f 2166/2287/2151 2165/2285/2149 2159/2286/2150 2160/2288/2152
f 2167/2289/2153 2166/2287/2151 2160/2288/2152 2162/2290/2154
f 2168/2291/2155 2167/2289/2153 2162/2290/2154 2161/2292/2156
f 2176/2293/2157 2158/2283/2147 2157/2282/2146 2175/2294/2158
f 2228/2295/2159 2145/2296/2160 2146/2297/2161 2227/2298/2162
f 2239/2299/2163 2240/2300/2164 2150/2301/2165 2151/2302/2166
f 2177/2303/2167 2159/2286/2150 2158/2283/2147 2176/2293/2157
f 2146/2297/2161 2147/2304/2168 2226/2305/2169 2227/2298/2162
f 2238/2306/2170 2239/2299/2163 2151/2302/2166 2152/2307/2171
f 2178/2308/2172 2160/2288/2152 2159/2286/2150 2177/2303/2167
f 2147/2304/2168 2148/2309/2173 2225/2310/2174 2226/2305/2169
f 2237/2311/2175 2238/2306/2170 2152/2307/2171 2153/2312/2176
f 2236/2313/2177 2237/2311/2175 2153/2312/2176 2156/2314/2178
f 2180/2315/2179 2162/2290/2154 2160/2288/2152 2178/2308/2172
f 2148/2309/2173 2149/2316/2180 2224/2317/2181 2225/2310/2174
f 2149/2316/2180 2155/2318/2182 2223/2319/2183 2224/2317/2181
f 2156/2314/2178 2154/2320/2184 2235/2321/2185 2236/2313/2177
f 2179/2322/2186 2161/2292/2156 2162/2290/2154 2180/2315/2179
f 2170/2323/2187 2169/2324/2188 2181/2325/2189 2182/2326/2190
f 2181/2325/2189 2163/2281/2145 2164/2284/2148 2182/2326/2190
f 2171/2327/2191 2170/2323/2187 2182/2326/2190 2183/2328/2192
f 2182/2326/2190 2164/2284/2148 2165/2285/2149 2183/2328/2192
f 2172/2329/2193 2171/2327/2191 2183/2328/2192 2184/2330/2194
f 2183/2328/2192 2165/2285/2149 2166/2287/2151 2184/2330/2194
f 2173/2331/2195 2172/2329/2193 2184/2330/2194 2185/2332/2196
f 2184/2330/2194 2166/2287/2151 2167/2289/2153 2185/2332/2196
f 2174/2333/2197 2173/2331/2195 2185/2332/2196 2186/2334/2198
f 2185/2332/2196 2167/2289/2153 2168/2291/2155 2186/2334/2198
f 2205/2335/2199 2206/2336/2200 2200/2337/2201 2199/2338/2202
f 2207/2339/2203 2201/2340/2204 2200/2337/2201 2206/2336/2200
f 2208/2341/2205 2202/2342/2206 2201/2340/2204 2207/2339/2203
f 2209/2343/2207 2204/2344/2208 2202/2342/2206 2208/2341/2205
f 2210/2345/2209 2203/2346/2210 2204/2344/2208 2209/2343/2207
f 2212/2347/2211 2211/2348/2212 2199/2338/2202 2200/2337/2201
f 2230/2349/2213 2188/2350/2214 2187/2351/2215 2229/2352/2216
f 2242/2353/2217 2193/2354/2218 2192/2355/2219 2241/2356/2220
f 2213/2357/2221 2212/2347/2211 2200/2337/2201 2201/2340/2204
f 2231/2358/2222 2189/2359/2223 2188/2350/2214 2230/2349/2213
f 2243/2360/2224 2194/2361/2225 2193/2354/2218 2242/2353/2217
f 2214/2362/2226 2213/2357/2221 2201/2340/2204 2202/2342/2206
f 2232/2363/2227 2190/2364/2228 2189/2359/2223 2231/2358/2222
f 2244/2365/2229 2195/2366/2230 2194/2361/2225 2243/2360/2224
f 2245/2367/2231 2198/2368/2232 2195/2366/2230 2244/2365/2229
f 2216/2369/2233 2214/2362/2226 2202/2342/2206 2204/2344/2208
f 2233/2370/2234 2191/2371/2235 2190/2364/2228 2232/2363/2227
f 2191/2371/2235 2233/2370/2234 2234/2372/2236 2197/2373/2237
f 2198/2368/2232 2245/2367/2231 2246/2374/2238 2196/2375/2239
f 2215/2376/2240 2216/2369/2233 2204/2344/2208 2203/2346/2210
f 2170/2323/2187 2218/2377/2241 2217/2378/2242 2169/2324/2188
f 2217/2378/2242 2218/2377/2241 2206/2336/2200 2205/2335/2199
f 2171/2327/2191 2219/2379/2243 2218/2377/2241 2170/2323/2187
f 2218/2377/2241 2219/2379/2243 2207/2339/2203 2206/2336/2200
f 2172/2329/2193 2220/2380/2244 2219/2379/2243 2171/2327/2191
f 2219/2379/2243 2220/2380/2244 2208/2341/2205 2207/2339/2203
f 2173/2331/2195 2221/2381/2245 2220/2380/2244 2172/2329/2193
f 2220/2380/2244 2221/2381/2245 2209/2343/2207 2208/2341/2205
f 2174/2333/2197 2222/2382/2246 2221/2381/2245 2173/2331/2195
f 2221/2381/2245 2222/2382/2246 2210/2345/2209 2209/2343/2207
f 2156/2314/2178 2224/2317/2181 2223/2319/2183 2154/2320/2184
f 2153/2312/2176 2225/2310/2174 2224/2317/2181 2156/2314/2178
f 2152/2307/2171 2226/2305/2169 2225/2310/2174 2153/2312/2176
f 2151/2302/2166 2227/2298/2162 2226/2305/2169 2152/2307/2171
f 2150/2301/2165 2228/2295/2159 2227/2298/2162 2151/2302/2166
f 2193/2354/2218 2230/2349/2213 2229/2352/2216 2192/2355/2219
f 2194/2361/2225 2231/2358/2222 2230/2349/2213 2193/2354/2218
f 2195/2366/2230 2232/2363/2227 2231/2358/2222 2194/2361/2225
f 2198/2368/2232 2233/2370/2234 2232/2363/2227 2195/2366/2230
f 2196/2375/2239 2234/2372/2236 2233/2370/2234 2198/2368/2232
f 2236/2313/2177 2235/2321/2185 2179/2322/2186 2180/2315/2179
f 2180/2315/2179 2178/2308/2172 2237/2311/2175 2236/2313/2177
f 2178/2308/2172 2177/2303/2167 2238/2306/2170 2237/2311/2175
f 2177/2303/2167 2176/2293/2157 2239/2299/2163 2238/2306/2170
f 2176/2293/2157 2175/2294/2158 2240/2300/2164 2239/2299/2163
f 2212/2347/2211 2242/2353/2217 2241/2356/2220 2211/2348/2212
f 2213/2357/2221 2243/2360/2224 2242/2353/2217 2212/2347/2211
f 2214/2362/2226 2244/2365/2229 2243/2360/2224 2213/2357/2221
f 2216/2369/2233 2245/2367/2231 2244/2365/2229 2214/2362/2226
f 2246/2374/2238 2245/2367/2231 2216/2369/2233 2215/2376/2240
s 13
f 2269/2383/2247 2268/2384/2248 2247/2385/2249 2248/2386/2250
f 2269/2383/2247 2262/2387/2251 2261/2388/2252 2268/2384/2248
f 2270/2389/2253 2269/2383/2247 2248/2386/2250 2249/2390/2254
f 2270/2389/2253 2263/2391/2255 2262/2387/2251 2269/2383/2247
f 2271/2392/2256 2270/2389/2253 2249/2390/2254 2250/2393/2257
f 2271/2392/2256 2264/2394/2258 2263/2391/2255 2270/2389/2253
f 2272/2395/2259 2271/2392/2256 2250/2393/2257 2251/2396/2260
f 2272/2395/2259 2265/2397/2261 2264/2394/2258 2271/2392/2256
f 2273/2398/2262 2272/2395/2259 2251/2396/2260 2252/2399/2263
f 2273/2398/2262 2266/2400/2264 2265/2397/2261 2272/2395/2259
f 2268/2384/2248 2261/2388/2252 2267/2401/2265 2274/2402/2266
f 2274/2403/2266 2273/2398/2262 2252/2399/2263 2253/2404/2267
f 2253/2405/2267 2247/2385/2249 2268/2384/2248 2274/2402/2266
f 2274/2403/2266 2267/2406/2265 2266/2400/2264 2273/2398/2262
f 2254/2407/2268 2261/2388/2252 2262/2387/2251 2255/2408/2269
f 2255/2408/2269 2262/2387/2251 2263/2391/2255 2256/2409/2270
f 2256/2409/2270 2263/2391/2255 2264/2394/2258 2257/2410/2271
f 2257/2410/2271 2264/2394/2258 2265/2397/2261 2258/2411/2272
f 2258/2411/2272 2265/2397/2261 2266/2400/2264 2259/2412/2273
f 2259/2412/2273 2266/2400/2264 2267/2406/2265 2260/2413/2274
f 2260/2414/2274 2267/2401/2265 2261/2388/2252 2254/2407/2268
f 2275/2415/2275 2254/2407/2268 2255/2408/2269 2276/2416/2276
f 2276/2416/2276 2255/2408/2269 2256/2409/2270
f 2276/2416/2276 2256/2409/2270 2257/2410/2271 2277/2417/2277
f 2277/2417/2277 2257/2410/2271 2258/2411/2272
f 2277/2417/2277 2258/2411/2272 2259/2412/2273 2278/2418/2278
f 2278/2418/2278 2259/2412/2273 2260/2413/2274 2279/2419/2279
f 2279/2420/2279 2260/2414/2274 2254/2407/2268 2275/2415/2275
s off
f 2311/2421/2280 2312/2422/2281 2313/2423/2282
s 14
f 2283/2424/2283 2282/2425/2284 2285/2426/2285 2286/2427/2286
f 2286/2427/2286 2302/2428/2287 2308/2429/2288 2283/2424/2283
f 2295/2430/2289 2281/2431/2290 2282/2425/2284 2296/2432/2291
f 2289/2433/2292 2288/2434/2293 2291/2435/2294 2292/2436/2295
f 2292/2436/2295 2291/2435/2294 2295/2430/2289 2296/2432/2291
f 2296/2432/2291 2282/2425/2284 2283/2424/2283 2297/2437/2296
f 2290/2438/2297 2289/2433/2292 2292/2436/2295 2293/2439/2298
f 2293/2439/2298 2292/2436/2295 2296/2432/2291 2297/2437/2296
f 2290/2438/2297 2293/2439/2298 2305/2440/2299
s off
f 2314/2441/2300 2315/2442/2301 2316/2443/2302
f 2317/2444/2303 2318/2445/2304 2319/2446/2305 2320/2447/2306
f 2303/2448/2307 2301/2449/2308 2306/2450/2309 2310/2451/2310
s 14
f 2304/2452/2311 2293/2439/2298 2297/2437/2296 2299/2453/2312
f 2297/2437/2296 2283/2424/2283 2307/2454/2313 2309/2455/2314
f 2284/2456/2315 2285/2426/2285 2282/2425/2284 2281/2431/2290
f 2298/2457/2316 2295/2430/2289 2291/2435/2294 2294/2458/2317
f 2294/2458/2317 2291/2435/2294 2288/2434/2293 2287/2459/2318
f 2280/2460/2319 2281/2431/2290 2295/2430/2289 2298/2457/2316
f 2284/2456/2315 2281/2431/2290 2280/2460/2319
f 2280/2460/2319 2298/2457/2316 2300/2461/2320
f 2300/2461/2320 2298/2457/2316 2294/2458/2317 2287/2459/2318
s 17
f 2326/2462/2321 2325/2463/2322 2322/2464/2323 2323/2465/2324
f 2327/2466/2325 2328/2467/2326 2326/2462/2321 2323/2465/2324
f 2344/2468/2327 2335/2469/2328 2327/2466/2325 2323/2465/2324
f 2345/2470/2329 2344/2468/2327 2323/2465/2324 2322/2464/2323
f 2321/2471/2330 2322/2464/2323 2325/2463/2322 2324/2472/2331
f 2346/2473/2332 2345/2470/2329 2322/2464/2323 2321/2471/2330
f 2331/2474/2333 2321/2471/2330 2324/2472/2331 2332/2475/2334
f 2331/2474/2333 2332/2475/2334 2329/2476/2335 2330/2477/2336
f 2347/2478/2337 2346/2473/2332 2321/2471/2330 2331/2474/2333
f 2347/2478/2337 2331/2474/2333 2330/2477/2336 2348/2479/2338
f 2334/2480/2339 2330/2477/2336 2329/2476/2335 2333/2481/2340
f 2337/2482/2341 2336/2483/2342 2335/2469/2328 2344/2468/2327
f 2344/2468/2327 2345/2470/2329 2338/2484/2343 2337/2482/2341
f 2341/2485/2344 2340/2486/2345 2347/2478/2337 2348/2479/2338
f 2339/2487/2346 2338/2484/2343 2345/2470/2329 2346/2473/2332
f 2346/2473/2332 2347/2478/2337 2340/2486/2345 2339/2487/2346
f 2360/2488/2347 2336/2489/2342 2337/2490/2341 2349/2491/2348
f 2350/2492/2349 2349/2493/2348 2337/2482/2341 2338/2484/2343
f 2351/2494/2350 2350/2492/2349 2338/2484/2343 2339/2487/2346
f 2354/2495/2351 2353/2496/2352 2341/2485/2344 2342/2497/2353
f 2342/2497/2353 2355/2498/2354 2354/2495/2351
f 2343/2499/2355 2342/2497/2353 2341/2485/2344 2348/2479/2338
f 2361/2500/2356 2355/2498/2354 2342/2497/2353 2343/2499/2355
f 2348/2479/2338 2330/2477/2336 2334/2480/2339 2343/2499/2355
f 2353/2501/2352 2354/2502/2351 2355/2503/2354 2356/2504/2357
f 2352/2505/2358 2340/2486/2345 2341/2485/2344 2353/2496/2352
f 2352/2505/2358 2351/2494/2350 2339/2487/2346 2340/2486/2345
f 2357/2506/2359 2352/2507/2358 2353/2501/2352 2356/2504/2357
f 2358/2508/2360 2351/2509/2350 2352/2507/2358 2357/2506/2359
f 2350/2510/2349 2351/2509/2350 2358/2508/2360 2359/2511/2361
f 2359/2511/2361 2358/2508/2360 2364/2512/2362
f 2359/2511/2361 2360/2488/2347 2349/2491/2348 2350/2510/2349
f 2356/2504/2357 2355/2503/2354 2361/2513/2356 2362/2514/2363
f 2363/2515/2364 2357/2506/2359 2356/2504/2357 2362/2514/2363
f 2364/2512/2362 2358/2508/2360 2357/2506/2359 2363/2515/2364
s 19
f 2368/2516/2365 2367/2517/2366 2405/2518/2367 2406/2519/2368
f 2405/2518/2367 2367/2517/2366 2366/2520/2369 2404/2521/2370
f 2403/2522/2371 2404/2521/2370 2366/2520/2369 2365/2523/2372
f 2380/2524/2373 2374/2525/2374 2373/2526/2375 2382/2527/2376
f 2377/2528/2377 2376/2529/2378 2374/2525/2374 2375/2530/2379
f 2375/2530/2379 2374/2525/2374 2380/2524/2373 2381/2531/2380
f 2383/2532/2381 2381/2531/2380 2380/2524/2373 2382/2527/2376
f 2385/2533/2382 2375/2530/2379 2381/2531/2380 2386/2534/2383
f 2372/2535/2384 2370/2536/2385 2385/2533/2382 2386/2534/2383
f 2386/2534/2383 2381/2531/2380 2383/2532/2381 2387/2537/2386
f 2372/2535/2384 2386/2534/2383 2387/2537/2386 2369/2538/2387
f 2379/2539/2388 2378/2540/2389 2376/2529/2378 2377/2528/2377
f 2384/2541/2390 2385/2533/2382 2370/2536/2385 2371/2542/2391
f 2384/2541/2390 2377/2528/2377 2375/2530/2379 2385/2533/2382
f 2368/2543/2365 2407/2544/2392 2408/2545/2393 2367/2546/2366
f 2408/2545/2393 2409/2547/2394 2366/2548/2369 2367/2546/2366
f 2410/2549/2395 2365/2550/2372 2366/2548/2369 2409/2547/2394
f 2395/2551/2396 2397/2552/2397 2388/2553/2398 2389/2554/2399
f 2392/2555/2400 2390/2556/2401 2389/2554/2399 2391/2557/2402
f 2390/2556/2401 2396/2558/2403 2395/2551/2396 2389/2554/2399
f 2398/2559/2404 2397/2552/2397 2395/2551/2396 2396/2558/2403
f 2400/2560/2405 2401/2561/2406 2396/2558/2403 2390/2556/2401
f 2372/2562/2384 2401/2561/2406 2400/2560/2405 2370/2563/2385
f 2401/2561/2406 2402/2564/2407 2398/2559/2404 2396/2558/2403
f 2372/2562/2384 2369/2565/2387 2402/2564/2407 2401/2561/2406
f 2394/2566/2408 2392/2555/2400 2391/2557/2402 2393/2567/2409
f 2399/2568/2410 2371/2569/2391 2370/2563/2385 2400/2560/2405
f 2399/2568/2410 2400/2560/2405 2390/2556/2401 2392/2555/2400
f 2373/2526/2375 2374/2525/2374 2404/2521/2370 2403/2522/2371
f 2376/2529/2378 2405/2518/2367 2404/2521/2370 2374/2525/2374
f 2406/2519/2368 2405/2518/2367 2376/2529/2378 2378/2540/2389
f 2407/2544/2392 2393/2567/2409 2391/2557/2402 2408/2545/2393
f 2391/2557/2402 2389/2554/2399 2409/2547/2394 2408/2545/2393
f 2388/2553/2398 2410/2549/2395 2409/2547/2394 2389/2554/2399
s 24
f 2451/2570/2411 2420/2571/2412 2419/2572/2413 2450/2573/2414
f 2420/2571/2412 2432/2574/2415 2431/2575/2416 2419/2572/2413
f 2422/2576/2417 2431/2575/2416 2432/2574/2415 2421/2577/2418
f 2424/2578/2419 2418/2579/2420 2413/2580/2421 2423/2581/2422
f 2424/2578/2419 2486/2582/2423 2427/2583/2424 2418/2579/2420
f 2489/2584/2425 2422/2576/2417 2421/2577/2418 2488/2585/2426
f 2511/2586/2427 2489/2584/2425 2488/2585/2426 2510/2587/2428
f 2490/2588/2429 2423/2581/2422 2422/2576/2417 2489/2584/2425
f 2517/2589/2430 2490/2588/2429 2489/2584/2425 2511/2586/2427
f 2486/2582/2423 2425/2590/2431 2426/2591/2432 2427/2583/2424
f 2491/2592/2433 2425/2590/2431 2486/2582/2423 2424/2578/2419
f 2491/2592/2433 2424/2578/2419 2423/2581/2422 2490/2588/2429
f 2492/2593/2434 2493/2594/2435 2426/2591/2432 2425/2590/2431
f 2516/2595/2436 2492/2593/2434 2425/2590/2431 2491/2592/2433
f 2490/2588/2429 2515/2596/2437 2516/2595/2436 2491/2592/2433
f 2487/2597/2438 2488/2585/2426 2421/2577/2418 2455/2598/2439
f 2499/2599/2440 2498/2600/2441 2467/2601/2442 2468/2602/2443
f 2499/2599/2440 2460/2603/2444 2461/2604/2445 2498/2600/2441
f 2460/2603/2444 2536/2605/2446 2535/2606/2447 2461/2604/2445
f 2533/2607/2448 2459/2608/2449 2460/2603/2444 2499/2599/2440
f 2459/2608/2449 2533/2607/2448 2487/2597/2438 2455/2598/2439
f 2459/2608/2449 2537/2609/2450 2536/2605/2446 2460/2603/2444
f 2458/2610/2451 2538/2611/2452 2537/2609/2450 2459/2608/2449
f 2517/2589/2430 2514/2612/2453 2515/2596/2437 2490/2588/2429
f 2514/2612/2453 2517/2589/2430 2511/2586/2427 2513/2613/2454
f 2509/2614/2455 2510/2587/2428 2488/2585/2426 2487/2597/2438
f 2512/2615/2456 2513/2613/2454 2511/2586/2427 2510/2587/2428
f 2516/2595/2436 2519/2616/2457 2518/2617/2458 2492/2593/2434
f 2515/2596/2437 2520/2618/2459 2519/2616/2457 2516/2595/2436
f 2533/2607/2448 2532/2619/2460 2509/2614/2455 2487/2597/2438
f 2530/2620/2461 2531/2621/2462 2499/2599/2440 2468/2602/2443
f 2508/2622/2463 2468/2602/2443 2467/2601/2442 2507/2623/2464
f 2529/2624/2465 2530/2620/2461 2468/2602/2443 2508/2622/2463
f 2529/2624/2465 2558/2625/2466 2557/2626/2467 2530/2620/2461
f 2562/2627/2468 2561/2628/2469 2560/2629/2470 2563/2630/2471
f 2542/2631/2472 2541/2632/2473 2513/2613/2454 2512/2615/2456
f 2541/2632/2473 2543/2633/2474 2514/2612/2453 2513/2613/2454
f 2579/2634/2475 2561/2628/2469 2562/2627/2468 2580/2635/2476
f 2579/2634/2475 2541/2632/2473 2542/2631/2472 2561/2628/2469
f 2589/2636/2477 2583/2637/2478 2543/2633/2474 2541/2632/2473
f 2579/2634/2475 2588/2638/2479 2589/2636/2477 2541/2632/2473
f 2584/2639/2480 2588/2638/2479 2579/2634/2475 2580/2635/2476
f 2591/2640/2481 2588/2638/2479 2584/2639/2480 2592/2641/2482
f 2440/2642/2483 2435/2643/2484 2434/2644/2485 2441/2645/2486
f 2439/2646/2487 2436/2647/2488 2435/2643/2484 2440/2642/2483
f 2439/2646/2487 2438/2648/2489 2437/2649/2490 2436/2647/2488
f 2436/2650/2488 2475/2651/2491 2470/2652/2492 2435/2653/2484
f 2475/2651/2491 2476/2654/2493 2473/2655/2494 2470/2652/2492
f 2476/2654/2493 2475/2651/2491 2436/2650/2488 2437/2656/2490
f 2411/2657/2495 2567/2658/2496 2419/2572/2413 2412/2659/2497
f 2428/2660/2498 2430/2661/2499 2418/2579/2420 2427/2583/2424
f 2429/2662/2500 2428/2660/2498 2427/2583/2424 2426/2591/2432
f 2567/2658/2496 2452/2663/2501 2450/2573/2414 2419/2572/2413
f 2452/2663/2501 2448/2664/2502 2447/2665/2503 2450/2573/2414
f 2480/2666/2504 2481/2667/2505 2474/2668/2506 2473/2655/2494
f 2479/2669/2507 2480/2666/2504 2473/2655/2494 2476/2654/2493
f 2494/2670/2508 2429/2662/2500 2426/2591/2432 2493/2594/2435
f 2518/2617/2458 2494/2670/2508 2493/2594/2435 2492/2593/2434
f 2514/2612/2453 2521/2671/2509 2520/2618/2459 2515/2596/2437
f 2582/2672/2510 2544/2673/2511 2543/2633/2474 2583/2637/2478
f 2544/2673/2511 2521/2671/2509 2514/2612/2453 2543/2633/2474
f 2563/2630/2471 2577/2674/2512 2578/2675/2513 2562/2627/2468
f 2578/2675/2513 2581/2676/2514 2580/2635/2476 2562/2627/2468
f 2471/2677/2515 2434/2678/2485 2435/2653/2484 2470/2652/2492
f 2433/2679/2516 2442/2680/2517 2441/2645/2486 2434/2644/2485
f 2474/2668/2506 2471/2677/2515 2470/2652/2492 2473/2655/2494
f 2477/2681/2518 2433/2682/2516 2434/2678/2485 2471/2677/2515
f 2477/2681/2518 2471/2677/2515 2474/2668/2506
f 2586/2683/2519 2582/2672/2510 2583/2637/2478 2587/2684/2520
f 2589/2636/2477 2485/2685/2521 2587/2684/2520 2583/2637/2478
f 2591/2640/2481 2485/2685/2521 2589/2636/2477 2588/2638/2479
f 2629/2686/2522 2618/2687/2523 2619/2688/2524 2630/2689/2525
f 2629/2686/2522 2633/2690/2526 2622/2691/2527 2618/2687/2523
f 2443/2692/2528 2634/2693/2529 2636/2694/2530 2638/2695/2531
f 2590/2696/2532 2485/2697/2521 2591/2698/2481 2595/2699/2533
f 2478/2700/2534 2472/2701/2535 2433/2682/2516 2477/2681/2518
f 2472/2702/2535 2442/2680/2517 2433/2679/2516
f 2485/2685/2521 2472/2701/2535 2478/2700/2534 2587/2684/2520
f 2628/2703/2536 2472/2704/2535 2485/2697/2521 2590/2696/2532
f 2481/2667/2505 2482/2705/2537 2477/2681/2518 2474/2668/2506
f 2482/2705/2537 2483/2706/2538 2478/2700/2534 2477/2681/2518
f 2483/2706/2538 2586/2683/2519 2587/2684/2520 2478/2700/2534
f 2614/2707/2539 2613/2708/2540 2629/2686/2522 2630/2689/2525
f 2640/2709/2541 2639/2710/2542 2613/2708/2540 2614/2707/2539
f 2613/2708/2540 2639/2710/2542 2643/2711/2543 2617/2712/2544
f 2617/2713/2544 2616/2714/2545 2632/2715/2546 2633/2716/2526
f 2629/2686/2522 2613/2708/2540 2617/2712/2544 2633/2690/2526
f 2641/2717/2547 2640/2709/2541 2614/2707/2539 2615/2718/2548
f 2643/2719/2543 2642/2720/2549 2616/2714/2545 2617/2713/2544
f 2642/2720/2549 2641/2717/2547 2615/2718/2548 2616/2714/2545
f 2469/2721/2550 2476/2654/2493 2437/2656/2490
f 2438/2648/2489 2469/2722/2550 2437/2649/2490
f 2469/2721/2550 2484/2723/2551 2479/2669/2507 2476/2654/2493
f 2453/2724/2552 2454/2725/2553 2432/2574/2415 2420/2571/2412
f 2445/2726/2554 2420/2571/2412 2451/2570/2411
f 2456/2727/2555 2454/2725/2553 2453/2724/2552
f 2454/2725/2553 2455/2598/2439 2421/2577/2418 2432/2574/2415
f 2454/2725/2553 2458/2610/2451 2459/2608/2449 2455/2598/2439
f 2454/2725/2553 2456/2727/2555 2457/2728/2556 2458/2610/2451
f 2457/2728/2556 2539/2729/2557 2538/2611/2452 2458/2610/2451
f 2445/2726/2554 2453/2724/2552 2420/2571/2412
f 2453/2724/2552 2445/2726/2554 2500/2730/2558 2456/2727/2555
f 2444/2731/2559 2503/2732/2560 2502/2733/2561 2495/2734/2562
f 2446/2735/2563 2451/2570/2411 2450/2573/2414 2447/2665/2503
f 2446/2735/2563 2444/2731/2559 2445/2726/2554 2451/2570/2411
f 2444/2731/2559 2495/2734/2562 2500/2730/2558 2445/2726/2554
f 2503/2732/2560 2444/2731/2559 2446/2735/2563 2449/2736/2564
f 2449/2736/2564 2446/2735/2563 2447/2665/2503 2448/2664/2502
f 2465/2737/2565 2496/2738/2566 2500/2730/2558 2495/2734/2562
f 2501/2739/2567 2504/2740/2568 2466/2741/2569 2465/2737/2565
f 2502/2733/2561 2501/2739/2567 2465/2737/2565 2495/2734/2562
f 2512/2615/2456 2527/2742/2570 2553/2743/2571 2542/2631/2472
f 2546/2744/2572 2526/2745/2573 2527/2742/2570 2547/2746/2574
f 2526/2745/2573 2553/2743/2571 2527/2742/2570
f 2527/2742/2570 2509/2614/2455 2532/2619/2460 2547/2746/2574
f 2527/2742/2570 2512/2615/2456 2510/2587/2428 2509/2614/2455
f 2557/2626/2467 2555/2747/2575 2550/2748/2576 2551/2749/2577
f 2559/2750/2578 2564/2751/2579 2563/2630/2471 2560/2629/2470
f 2555/2747/2575 2557/2626/2467 2558/2625/2466 2556/2752/2580
f 2559/2750/2578 2555/2747/2575 2556/2752/2580 2566/2753/2581
f 2555/2747/2575 2559/2750/2578 2549/2754/2582 2550/2748/2576
f 2549/2754/2582 2559/2750/2578 2560/2629/2470 2548/2755/2583
f 2415/2756/2584 2411/2657/2495 2412/2659/2497 2414/2757/2585
f 2413/2580/2421 2414/2757/2585 2412/2659/2497
f 2431/2575/2416 2413/2580/2421 2412/2659/2497 2419/2572/2413
f 2413/2580/2421 2431/2575/2416 2422/2576/2417 2423/2581/2422
f 2417/2758/2586 2644/2759/2587 2413/2580/2421 2418/2579/2420
f 2430/2661/2499 2416/2760/2588 2417/2758/2586 2418/2579/2420
f 2416/2760/2588 2645/2761/2589 2644/2759/2587 2417/2758/2586
f 2464/2762/2590 2497/2763/2591 2462/2764/2592 2463/2765/2593
f 2456/2727/2555 2464/2762/2590 2463/2765/2593 2457/2728/2556
f 2497/2763/2591 2464/2762/2590 2496/2738/2566
f 2464/2762/2590 2456/2727/2555 2500/2730/2558 2496/2738/2566
f 2497/2763/2591 2496/2738/2566 2465/2737/2565 2466/2741/2569
f 2498/2600/2441 2497/2763/2591 2466/2741/2569 2467/2601/2442
f 2462/2764/2592 2497/2763/2591 2498/2600/2441 2461/2604/2445
f 2535/2606/2447 2534/2766/2594 2462/2764/2592 2461/2604/2445
f 2534/2766/2594 2540/2767/2595 2463/2765/2593 2462/2764/2592
f 2463/2765/2593 2540/2767/2595 2539/2729/2557 2457/2728/2556
f 2570/2768/2596 2529/2624/2465 2508/2622/2463 2569/2769/2597
f 2571/2770/2598 2558/2625/2466 2529/2624/2465 2570/2768/2596
f 2572/2771/2599 2556/2752/2580 2558/2625/2466 2571/2770/2598
f 2572/2771/2599 2573/2772/2600 2566/2753/2581 2556/2752/2580
f 2655/2773/2601 2656/2774/2602 2573/2772/2600 2572/2771/2599
f 2507/2623/2464 2568/2775/2603 2569/2769/2597 2508/2622/2463
f 2568/2775/2603 2507/2623/2464 2506/2776/2604
f 2506/2776/2604 2507/2623/2464 2467/2601/2442 2466/2741/2569
f 2581/2676/2514 2585/2777/2605 2584/2639/2480 2580/2635/2476
f 2585/2777/2605 2593/2778/2606 2592/2641/2482 2584/2639/2480
f 2635/2779/2607 2637/2780/2608 2636/2694/2530 2634/2693/2529
f 2659/2781/2609 2637/2782/2608 2635/2783/2607 2658/2784/2610
f 2594/2785/2611 2595/2699/2533 2591/2698/2481 2592/2786/2482
f 2608/2787/2612 2662/2788/2613 2650/2789/2614 2606/2790/2615
f 2662/2788/2613 2661/2791/2616 2660/2792/2617 2650/2789/2614
f 2649/2793/2618 2648/2794/2619 2606/2790/2615 2650/2789/2614
f 2664/2795/2620 2648/2796/2619 2649/2797/2618 2665/2798/2621
f 2664/2799/2620 2665/2800/2621 2662/2788/2613 2608/2787/2612
f 2660/2792/2617 2663/2801/2622 2649/2793/2618 2650/2789/2614
f 2663/2802/2622 2666/2803/2623 2665/2798/2621 2649/2797/2618
f 2666/2803/2623 2663/2802/2622 2660/2804/2617 2661/2805/2616
f 2666/2806/2623 2661/2791/2616 2662/2788/2613 2665/2800/2621
f 2607/2807/2624 2612/2808/2625 2611/2809/2626 2610/2810/2627
f 2671/2811/2628 2670/2812/2629 2610/2810/2627 2611/2809/2626
f 2610/2810/2627 2669/2813/2630 2668/2814/2631 2607/2807/2624
f 2674/2815/2632 2675/2816/2633 2670/2817/2629 2671/2818/2628
f 2675/2819/2633 2669/2813/2630 2610/2810/2627 2670/2812/2629
f 2683/2820/2634 2682/2821/2635 2681/2822/2636 2677/2823/2637
f 2684/2824/2638 2683/2820/2634 2677/2823/2637 2676/2825/2639
f 2685/2826/2640 2678/2827/2641 2598/2828/2642 2597/2829/2643
f 2678/2830/2641 2683/2820/2634 2684/2824/2638 2598/2831/2642
f 2682/2832/2635 2680/2833/2644 2679/2834/2645 2681/2835/2636
f 2646/2836/2646 2676/2837/2639 2597/2829/2643 2596/2838/2647
f 2680/2833/2644 2678/2827/2641 2685/2826/2640 2679/2834/2645
f 2678/2830/2641 2680/2839/2644 2682/2821/2635 2683/2820/2634
f 2685/2826/2640 2597/2829/2643 2676/2837/2639 2677/2840/2637
f 2679/2834/2645 2685/2826/2640 2677/2840/2637 2681/2835/2636
f 2605/2841/2648 2647/2842/2649 2646/2836/2646 2596/2838/2647
f 2673/2843/2650 2674/2844/2632 2671/2811/2628 2611/2809/2626
f 2673/2845/2650 2669/2846/2630 2675/2816/2633 2674/2815/2632
f 2694/2847/2651 2693/2848/2652 2692/2849/2653 2695/2850/2654
f 2688/2851/2655 2689/2852/2656 2686/2853/2657 2687/2854/2658
f 2701/2855/2659 2706/2856/2660 2688/2857/2655 2687/2858/2658
f 2699/2859/2661 2704/2860/2662 2693/2861/2652 2694/2847/2651
f 2698/2862/2663 2699/2859/2661 2694/2847/2651 2695/2850/2654
f 2704/2863/2662 2703/2864/2664 2692/2849/2653 2693/2848/2652
f 2698/2862/2663 2703/2865/2664 2704/2860/2662 2699/2859/2661
f 2700/2866/2665 2701/2867/2659 2687/2854/2658 2686/2853/2657
f 2672/2868/2666 2673/2843/2650 2611/2809/2626 2612/2808/2625
f 2672/2869/2666 2668/2870/2631 2669/2846/2630 2673/2845/2650
f 2700/2871/2665 2705/2872/2667 2706/2856/2660 2701/2855/2659
f 2706/2873/2660 2705/2874/2667 2689/2852/2656 2688/2851/2655
f 2599/2875/2668 2596/2838/2647 2597/2829/2643 2598/2828/2642
f 2646/2876/2646 2708/2877/2669 2684/2824/2638 2676/2825/2639
f 2708/2877/2669 2599/2878/2668 2598/2831/2642 2684/2824/2638
f 2690/2879/2670 2612/2808/2625 2607/2807/2624 2609/2880/2671
f 2983/2881/2672 2603/2882/2673 2602/2883/2674 2982/2884/2675
f 2609/2880/2671 2601/2885/2676 2602/2883/2674 2690/2879/2670
f 2601/2885/2676 2981/2886/2677 2982/2884/2675 2602/2883/2674
f 2600/2887/2678 2601/2885/2676 2596/2838/2647 2599/2875/2668
f 2601/2885/2676 2609/2880/2671 2605/2841/2648 2596/2838/2647
f 2985/2888/2679 2981/2886/2677 2601/2885/2676 2600/2887/2678
f 2605/2841/2648 2609/2880/2671 2608/2787/2612 2606/2790/2615
f 2647/2842/2649 2605/2841/2648 2606/2790/2615 2648/2794/2619
f 2691/2889/2680 2690/2879/2670 2602/2883/2674 2603/2882/2673
f 2690/2879/2670 2691/2889/2680 2686/2853/2657 2689/2852/2656
f 2604/2890/2681 2984/2891/2682 2985/2892/2679 2600/2893/2678
f 2984/2891/2682 2604/2890/2681 2603/2882/2673 2983/2881/2672
f 2604/2890/2681 2696/2894/2683 2691/2889/2680 2603/2882/2673
f 2691/2889/2680 2696/2894/2683 2695/2850/2654 2692/2849/2653
f 2697/2895/2684 2698/2862/2663 2695/2850/2654 2696/2894/2683
f 2702/2896/2685 2700/2866/2665 2686/2853/2657 2691/2889/2680
f 2702/2897/2685 2703/2865/2664 2698/2862/2663 2697/2895/2684
f 2703/2864/2664 2702/2896/2685 2691/2889/2680 2692/2849/2653
f 2702/2897/2685 2707/2898/2686 2705/2872/2667 2700/2871/2665
f 2690/2879/2670 2707/2899/2686 2672/2868/2666 2612/2808/2625
f 2705/2874/2667 2707/2899/2686 2690/2879/2670 2689/2852/2656
f 2609/2880/2671 2667/2900/2687 2664/2799/2620 2608/2787/2612
f 2667/2901/2687 2647/2902/2649 2648/2796/2619 2664/2795/2620
f 2668/2814/2631 2667/2900/2687 2609/2880/2671 2607/2807/2624
f 2707/2898/2686 2667/2901/2687 2668/2870/2631 2672/2869/2666
f 2709/2903/2688 2708/2877/2669 2646/2876/2646 2647/2902/2649
f 2667/2901/2687 2709/2903/2688 2647/2902/2649
f 2604/2890/2681 2709/2903/2688 2697/2895/2684 2696/2894/2683
f 2709/2903/2688 2702/2897/2685 2697/2895/2684
f 2600/2893/2678 2709/2903/2688 2604/2890/2681
f 2599/2878/2668 2709/2903/2688 2600/2893/2678
f 2708/2877/2669 2709/2903/2688 2599/2878/2668
f 2709/2903/2688 2707/2898/2686 2702/2897/2685
f 2709/2903/2688 2667/2901/2687 2707/2898/2686
f 2654/2904/2689 2655/2773/2601 2572/2771/2599 2571/2770/2598
f 2653/2905/2690 2654/2904/2689 2571/2770/2598 2570/2768/2596
f 2652/2906/2691 2653/2905/2690 2570/2768/2596 2569/2769/2597
f 2652/2906/2691 2569/2769/2597 2568/2775/2603 2651/2907/2692
f 2623/2908/2693 2634/2693/2529 2443/2692/2528 2628/2703/2536
f 2590/2696/2532 2624/2909/2694 2623/2908/2693 2628/2703/2536
f 2595/2699/2533 2625/2910/2695 2624/2909/2694 2590/2696/2532
f 2625/2910/2695 2712/2911/2696 2711/2912/2697 2624/2909/2694
f 2711/2912/2697 2712/2911/2696 2620/2913/2698 2619/2688/2524
f 2594/2785/2611 2626/2914/2699 2625/2910/2695 2595/2699/2533
f 2626/2914/2699 2713/2915/2700 2712/2911/2696 2625/2910/2695
f 2657/2916/2701 2627/2917/2702 2626/2914/2699 2594/2785/2611
f 2627/2918/2702 2635/2779/2607 2634/2693/2529 2623/2908/2693
f 2627/2917/2702 2657/2916/2701 2658/2784/2610 2635/2783/2607
f 2627/2917/2702 2714/2919/2703 2713/2915/2700 2626/2914/2699
f 2710/2920/2704 2711/2912/2697 2619/2688/2524 2618/2687/2523
f 2714/2921/2703 2710/2920/2704 2618/2687/2523 2622/2691/2527
f 2710/2920/2704 2623/2908/2693 2624/2909/2694 2711/2912/2697
f 2710/2920/2704 2714/2921/2703 2627/2918/2702 2623/2908/2693
f 2546/2744/2572 2545/2922/2705 2525/2923/2706 2526/2745/2573
f 2522/2924/2707 2550/2748/2576 2549/2754/2582 2523/2925/2708
f 2528/2926/2709 2551/2749/2577 2550/2748/2576 2522/2924/2707
f 2548/2755/2583 2524/2927/2710 2523/2925/2708 2549/2754/2582
f 2715/2928/2711 2524/2927/2710 2525/2923/2706 2545/2922/2705
f 2547/2746/2574 2554/2929/2712 2545/2922/2705 2546/2744/2572
f 2554/2929/2712 2716/2930/2713 2715/2928/2711 2545/2922/2705
f 2554/2929/2712 2531/2621/2462 2551/2749/2577 2528/2926/2709
f 2716/2930/2713 2554/2929/2712 2528/2926/2709
f 2716/2930/2713 2523/2925/2708 2524/2927/2710 2715/2928/2711
f 2716/2930/2713 2522/2924/2707 2523/2925/2708
f 2716/2930/2713 2528/2926/2709 2522/2924/2707
f 2551/2749/2577 2531/2621/2462 2530/2620/2461 2557/2626/2467
f 2531/2621/2462 2532/2619/2460 2533/2607/2448 2499/2599/2440
f 2531/2621/2462 2554/2929/2712 2547/2746/2574 2532/2619/2460
f 2548/2755/2583 2552/2931/2714 2525/2923/2706 2524/2927/2710
f 2552/2931/2714 2553/2743/2571 2526/2745/2573 2525/2923/2706
f 2552/2931/2714 2561/2628/2469 2542/2631/2472 2553/2743/2571
f 2561/2628/2469 2552/2931/2714 2548/2755/2583 2560/2629/2470
f 2505/2932/2715 2651/2907/2692 2568/2775/2603 2506/2776/2604
f 2504/2740/2568 2505/2932/2715 2506/2776/2604 2466/2741/2569
f 2632/2715/2546 2621/2933/2716 2622/2934/2527 2633/2716/2526
f 2621/2933/2716 2713/2915/2700 2714/2919/2703 2622/2934/2527
f 2713/2915/2700 2621/2933/2716 2620/2913/2698 2712/2911/2696
f 2620/2913/2698 2631/2935/2717 2630/2689/2525 2619/2688/2524
f 2615/2718/2548 2614/2707/2539 2630/2689/2525 2631/2935/2717
f 2616/2714/2545 2615/2718/2548 2631/2935/2717 2632/2715/2546
f 2631/2935/2717 2620/2913/2698 2621/2933/2716 2632/2715/2546
f 2574/2936/2718 2565/2937/2719 2566/2753/2581 2573/2772/2600
f 2656/2774/2602 2575/2938/2720 2574/2936/2718 2573/2772/2600
f 2566/2753/2581 2565/2937/2719 2564/2751/2579 2559/2750/2578
f 2564/2751/2579 2576/2939/2721 2577/2674/2512 2563/2630/2471
f 2717/2940/2722 2576/2939/2721 2564/2751/2579 2565/2937/2719
f 2717/2940/2722 2565/2937/2719 2574/2936/2718 2575/2938/2720
f 2750/2941/2723 2749/2942/2724 2723/2943/2725 2724/2944/2726
f 2724/2944/2726 2723/2943/2725 2732/2945/2727 2733/2946/2728
f 2726/2947/2729 2725/2948/2730 2733/2946/2728 2732/2945/2727
f 2728/2949/2731 2727/2950/2732 2719/2951/2733 2722/2952/2734
f 2728/2949/2731 2722/2952/2734 2731/2953/2735 2778/2954/2736
f 2781/2955/2737 2780/2956/2738 2725/2948/2730 2726/2947/2729
f 2797/2957/2739 2796/2958/2740 2780/2956/2738 2781/2955/2737
f 2782/2959/2741 2781/2955/2737 2726/2947/2729 2727/2950/2732
f 2803/2960/2742 2797/2957/2739 2781/2955/2737 2782/2959/2741
f 2778/2954/2736 2731/2953/2735 2730/2961/2743 2729/2962/2744
f 2783/2963/2745 2728/2949/2731 2778/2954/2736 2729/2962/2744
f 2783/2963/2745 2782/2959/2741 2727/2950/2732 2728/2949/2731
f 2784/2964/2746 2729/2962/2744 2730/2961/2743 2785/2965/2747
f 2802/2966/2748 2783/2963/2745 2729/2962/2744 2784/2964/2746
f 2782/2959/2741 2783/2963/2745 2802/2966/2748 2801/2967/2749
f 2779/2968/2750 2753/2969/2751 2725/2948/2730 2780/2956/2738
f 2790/2970/2752 2766/2971/2753 2765/2972/2754 2789/2973/2755
f 2790/2970/2752 2789/2973/2755 2759/2974/2756 2758/2975/2757
f 2758/2975/2757 2759/2974/2756 2817/2976/2758 2818/2977/2759
f 2815/2978/2760 2790/2970/2752 2758/2975/2757 2757/2979/2761
f 2757/2979/2761 2753/2969/2751 2779/2968/2750 2815/2978/2760
f 2757/2979/2761 2758/2975/2757 2818/2977/2759 2819/2980/2762
f 2756/2981/2763 2757/2979/2761 2819/2980/2762 2820/2982/2764
f 2803/2960/2742 2782/2959/2741 2801/2967/2749 2800/2983/2765
f 2800/2983/2765 2799/2984/2766 2797/2957/2739 2803/2960/2742
f 2795/2985/2767 2779/2968/2750 2780/2956/2738 2796/2958/2740
f 2798/2986/2768 2796/2958/2740 2797/2957/2739 2799/2984/2766
f 2802/2966/2748 2784/2964/2746 2518/2617/2458 2519/2616/2457
f 2801/2967/2749 2802/2966/2748 2519/2616/2457 2520/2618/2459
f 2815/2978/2760 2779/2968/2750 2795/2985/2767 2814/2987/2769
f 2812/2988/2770 2766/2971/2753 2790/2970/2752 2813/2989/2771
f 2794/2990/2772 2793/2991/2773 2765/2972/2754 2766/2971/2753
f 2811/2992/2774 2794/2990/2772 2766/2971/2753 2812/2988/2770
f 2811/2992/2774 2812/2988/2770 2838/2993/2775 2839/2994/2776
f 2843/2995/2777 2844/2996/2778 2841/2997/2779 2842/2998/2780
f 2824/2999/2781 2798/2986/2768 2799/2984/2766 2823/3000/2782
f 2823/3000/2782 2799/2984/2766 2800/2983/2765 2825/3001/2783
f 2855/3002/2784 2856/3003/2785 2843/2995/2777 2842/2998/2780
f 2855/3002/2784 2842/2998/2780 2824/2999/2781 2823/3000/2782
f 2861/3004/2786 2823/3000/2782 2825/3001/2783 2857/3005/2787
f 2855/3002/2784 2823/3000/2782 2861/3004/2786 2860/3006/2788
f 2858/3007/2789 2856/3003/2785 2855/3002/2784 2860/3006/2788
f 2863/3008/2790 2864/3009/2791 2858/3007/2789 2860/3006/2788
f 2741/3010/2792 2742/3011/2793 2735/3012/2794 2736/3013/2795
f 2740/3014/2796 2741/3010/2792 2736/3013/2795 2737/3015/2797
f 2740/3014/2796 2737/3015/2797 2738/3016/2798 2739/3017/2799
f 2737/3018/2797 2736/3019/2795 2768/3020/2800 2773/3021/2801
f 2773/3021/2801 2768/3020/2800 2771/3022/2802 2774/3023/2803
f 2774/3023/2803 2738/3024/2798 2737/3018/2797 2773/3021/2801
f 2411/2657/2495 2718/3025/2804 2723/2943/2725 2567/2658/2496
f 2428/2660/2498 2731/2953/2735 2722/2952/2734 2430/2661/2499
f 2429/2662/2500 2730/2961/2743 2731/2953/2735 2428/2660/2498
f 2567/2658/2496 2723/2943/2725 2749/2942/2724 2452/2663/2501
f 2452/2663/2501 2749/2942/2724 2748/3026/2805 2448/2664/2502
f 2480/2666/2504 2771/3022/2802 2772/3027/2806 2481/2667/2505
f 2479/2669/2507 2774/3023/2803 2771/3022/2802 2480/2666/2504
f 2494/2670/2508 2785/2965/2747 2730/2961/2743 2429/2662/2500
f 2518/2617/2458 2784/2964/2746 2785/2965/2747 2494/2670/2508
f 2800/2983/2765 2801/2967/2749 2520/2618/2459 2521/2671/2509
f 2582/2672/2510 2857/3005/2787 2825/3001/2783 2544/2673/2511
f 2544/2673/2511 2825/3001/2783 2800/2983/2765 2521/2671/2509
f 2844/2996/2778 2843/2995/2777 2578/3028/2513 2577/3029/2512
f 2578/3028/2513 2843/2995/2777 2856/3003/2785 2581/3030/2514
f 2769/3031/2807 2768/3020/2800 2736/3019/2795 2735/3032/2794
f 2734/3033/2808 2735/3012/2794 2742/3011/2793 2743/3034/2809
f 2772/3027/2806 2771/3022/2802 2768/3020/2800 2769/3031/2807
f 2775/3035/2810 2769/3031/2807 2735/3032/2794 2734/3036/2808
f 2775/3035/2810 2772/3027/2806 2769/3031/2807
f 2586/2683/2519 2859/3037/2811 2857/3005/2787 2582/2672/2510
f 2861/3004/2786 2857/3005/2787 2859/3037/2811 2777/3038/2812
f 2863/3008/2790 2860/3006/2788 2861/3004/2786 2777/3038/2812
s 48
f 2898/3039/2813 2899/3040/2814 2890/3041/2815 2889/3042/2816
f 2898/3039/2813 2889/3042/2816 2893/3043/2817 2902/3044/2818
f 2744/3045/2819 2907/3046/2820 2905/3047/2821 2903/3048/2822
s 24
f 2862/3049/2823 2866/3050/2824 2863/3051/2790 2777/3052/2812
f 2776/3053/2825 2775/3035/2810 2734/3036/2808 2770/3054/2826
f 2770/3055/2826 2734/3033/2808 2743/3034/2809
f 2777/3038/2812 2859/3037/2811 2776/3053/2825 2770/3054/2826
f 2897/3056/2827 2862/3049/2823 2777/3052/2812 2770/3057/2826
f 2481/2667/2505 2772/3027/2806 2775/3035/2810 2482/2705/2537
f 2482/2705/2537 2775/3035/2810 2776/3053/2825 2483/2706/2538
f 2483/2706/2538 2776/3053/2825 2859/3037/2811 2586/2683/2519
s 48
f 2884/3058/2828 2885/3059/2829 2899/3040/2814 2898/3039/2813
f 2885/3059/2829 2884/3058/2828 2908/3060/2830 2909/3061/2831
f 2908/3060/2830 2884/3058/2828 2888/3062/2832 2912/3063/2833
f 2887/3064/2834 2888/3065/2832 2902/3066/2818 2901/3067/2835
f 2888/3062/2832 2884/3058/2828 2898/3039/2813 2902/3044/2818
f 2886/3068/2836 2885/3059/2829 2909/3061/2831 2910/3069/2837
f 2888/3065/2832 2887/3064/2834 2911/3070/2838 2912/3071/2833
f 2887/3064/2834 2886/3068/2836 2910/3069/2837 2911/3070/2838
s 24
f 2767/3072/2839 2738/3024/2798 2774/3023/2803
f 2739/3017/2799 2738/3016/2798 2767/3073/2839
f 2767/3072/2839 2774/3023/2803 2479/2669/2507 2484/2723/2551
f 2751/3074/2840 2724/2944/2726 2733/2946/2728 2752/3075/2841
f 2746/3076/2842 2750/2941/2723 2724/2944/2726
f 2754/3077/2843 2751/3074/2840 2752/3075/2841
f 2752/3075/2841 2733/2946/2728 2725/2948/2730 2753/2969/2751
f 2752/3075/2841 2753/2969/2751 2757/2979/2761 2756/2981/2763
f 2752/3075/2841 2756/2981/2763 2755/3078/2844 2754/3077/2843
f 2755/3078/2844 2756/2981/2763 2820/2982/2764 2821/3079/2845
f 2746/3076/2842 2724/2944/2726 2751/3074/2840
f 2751/3074/2840 2754/3077/2843 2791/3080/2846 2746/3076/2842
f 2745/3081/2847 2786/3082/2848 2502/2733/2561 2503/2732/2560
f 2747/3083/2849 2748/3026/2805 2749/2942/2724 2750/2941/2723
f 2747/3083/2849 2750/2941/2723 2746/3076/2842 2745/3081/2847
f 2745/3081/2847 2746/3076/2842 2791/3080/2846 2786/3082/2848
f 2503/2732/2560 2449/2736/2564 2747/3083/2849 2745/3081/2847
f 2449/2736/2564 2448/2664/2502 2748/3026/2805 2747/3083/2849
f 2763/3084/2850 2786/3082/2848 2791/3080/2846 2787/3085/2851
f 2501/2739/2567 2763/3084/2850 2764/3086/2852 2504/2740/2568
f 2502/2733/2561 2786/3082/2848 2763/3084/2850 2501/2739/2567
f 2798/2986/2768 2824/2999/2781 2834/3087/2853 2809/3088/2854
f 2827/3089/2855 2828/3090/2856 2809/3088/2854 2808/3091/2857
f 2808/3091/2857 2809/3088/2854 2834/3087/2853
f 2809/3088/2854 2828/3090/2856 2814/2987/2769 2795/2985/2767
f 2809/3088/2854 2795/2985/2767 2796/2958/2740 2798/2986/2768
f 2838/2993/2775 2832/3092/2858 2831/3093/2859 2836/3094/2860
f 2840/3095/2861 2841/2997/2779 2844/2996/2778 2845/3096/2862
f 2836/3094/2860 2837/3097/2863 2839/2994/2776 2838/2993/2775
f 2840/3095/2861 2847/3098/2864 2837/3097/2863 2836/3094/2860
f 2836/3094/2860 2831/3093/2859 2830/3099/2865 2840/3095/2861
f 2830/3099/2865 2829/3100/2866 2841/2997/2779 2840/3095/2861
f 2415/2756/2584 2720/3101/2867 2718/3025/2804 2411/2657/2495
f 2719/2951/2733 2718/3025/2804 2720/3101/2867
f 2732/2945/2727 2723/2943/2725 2718/3025/2804 2719/2951/2733
f 2719/2951/2733 2727/2950/2732 2726/2947/2729 2732/2945/2727
f 2721/3102/2868 2722/2952/2734 2719/2951/2733 2913/3103/2869
f 2430/2661/2499 2722/2952/2734 2721/3102/2868 2416/2760/2588
f 2416/2760/2588 2721/3102/2868 2913/3103/2869 2645/2761/2589
f 2762/3104/2870 2761/3105/2871 2760/3106/2872 2788/3107/2873
f 2754/3077/2843 2755/3078/2844 2761/3105/2871 2762/3104/2870
f 2788/3107/2873 2787/3085/2851 2762/3104/2870
f 2762/3104/2870 2787/3085/2851 2791/3080/2846 2754/3077/2843
f 2788/3107/2873 2764/3086/2852 2763/3084/2850 2787/3085/2851
f 2789/2973/2755 2765/2972/2754 2764/3086/2852 2788/3107/2873
f 2760/3106/2872 2759/2974/2756 2789/2973/2755 2788/3107/2873
f 2817/2976/2758 2759/2974/2756 2760/3106/2872 2816/3108/2874
f 2816/3108/2874 2760/3106/2872 2761/3105/2871 2822/3109/2875
f 2761/3105/2871 2755/3078/2844 2821/3079/2845 2822/3109/2875
f 2850/3110/2876 2849/3111/2877 2794/2990/2772 2811/2992/2774
f 2851/3112/2878 2850/3110/2876 2811/2992/2774 2839/2994/2776
f 2852/3113/2879 2851/3112/2878 2839/2994/2776 2837/3097/2863
f 2852/3113/2879 2837/3097/2863 2847/3098/2864 2853/3114/2880
f 2655/3115/2601 2852/3113/2879 2853/3114/2880 2656/3116/2602
f 2793/2991/2773 2794/2990/2772 2849/3111/2877 2848/3117/2881
f 2848/3117/2881 2792/3118/2882 2793/2991/2773
f 2792/3118/2882 2764/3086/2852 2765/2972/2754 2793/2991/2773
f 2581/3030/2514 2856/3003/2785 2858/3007/2789 2585/3119/2605
f 2585/3119/2605 2858/3007/2789 2864/3009/2791 2593/3120/2606
s 48
f 2904/3121/2883 2903/3048/2822 2905/3047/2821 2906/3122/2884
f 2921/3123/2885 2920/3124/2886 2904/3125/2883 2906/3126/2884
s 24
f 2865/3127/2887 2864/3128/2791 2863/3051/2790 2866/3050/2824
s 51
f 2879/3129/2888 2877/3130/2889 2918/3131/2890 2924/3132/2891
f 2924/3132/2891 2918/3131/2890 2922/3133/2892 2923/3134/2893
f 2917/3135/2894 2918/3131/2890 2877/3130/2889 2916/3136/2895
f 2926/3137/2896 2927/3138/2897 2917/3139/2894 2916/3140/2895
f 2926/3141/2896 2879/3129/2888 2924/3132/2891 2927/3142/2897
f 2922/3133/2892 2918/3131/2890 2917/3135/2894 2925/3143/2898
f 2925/3144/2898 2917/3139/2894 2927/3138/2897 2928/3145/2899
f 2928/3145/2899 2923/3146/2893 2922/3147/2892 2925/3144/2898
f 2928/3148/2899 2927/3142/2897 2924/3132/2891 2923/3134/2893
f 2878/3149/2900 2881/3150/2901 2882/3151/2902 2883/3152/2903
f 2933/3153/2904 2882/3151/2902 2881/3150/2901 2932/3154/2905
f 2881/3150/2901 2878/3149/2900 2930/3155/2906 2931/3156/2907
f 2936/3157/2908 2933/3158/2904 2932/3159/2905 2937/3160/2909
f 2937/3161/2909 2932/3154/2905 2881/3150/2901 2931/3156/2907
f 2945/3162/2910 2939/3163/2911 2943/3164/2912 2944/3165/2913
f 2946/3166/2914 2938/3167/2915 2939/3163/2911 2945/3162/2910
f 2947/3168/2916 2868/3169/2917 2869/3170/2918 2940/3171/2919
f 2940/3172/2919 2869/3173/2918 2946/3166/2914 2945/3162/2910
f 2944/3174/2913 2943/3175/2912 2941/3176/2920 2942/3177/2921
f 2914/3178/2922 2867/3179/2923 2868/3169/2917 2938/3180/2915
f 2942/3177/2921 2941/3176/2920 2947/3168/2916 2940/3171/2919
f 2940/3172/2919 2945/3162/2910 2944/3165/2913 2942/3181/2921
f 2947/3168/2916 2939/3182/2911 2938/3180/2915 2868/3169/2917
f 2941/3176/2920 2943/3175/2912 2939/3182/2911 2947/3168/2916
f 2876/3183/2924 2867/3179/2923 2914/3178/2922 2915/3184/2925
f 2935/3185/2926 2882/3151/2902 2933/3153/2904 2936/3186/2908
f 2935/3187/2926 2936/3157/2908 2937/3160/2909 2931/3188/2907
f 2956/3189/2927 2957/3190/2928 2954/3191/2929 2955/3192/2930
f 2950/3193/2931 2949/3194/2932 2948/3195/2933 2951/3196/2934
f 2963/3197/2935 2949/3198/2932 2950/3199/2931 2968/3200/2936
f 2961/3201/2937 2956/3189/2927 2955/3202/2930 2966/3203/2938
f 2960/3204/2939 2957/3190/2928 2956/3189/2927 2961/3201/2937
f 2966/3205/2938 2955/3192/2930 2954/3191/2929 2965/3206/2940
f 2960/3204/2939 2961/3201/2937 2966/3203/2938 2965/3207/2940
f 2962/3208/2941 2948/3195/2933 2949/3194/2932 2963/3209/2935
f 2934/3210/2942 2883/3152/2903 2882/3151/2902 2935/3185/2926
f 2934/3211/2942 2935/3187/2926 2931/3188/2907 2930/3212/2906
f 2962/3213/2941 2963/3197/2935 2968/3200/2936 2967/3214/2943
f 2968/3215/2936 2950/3193/2931 2951/3196/2934 2967/3216/2943
f 2870/3217/2944 2869/3170/2918 2868/3169/2917 2867/3179/2923
f 2914/3218/2922 2938/3167/2915 2946/3166/2914 2970/3219/2945
f 2970/3219/2945 2946/3166/2914 2869/3173/2918 2870/3220/2944
f 2952/3221/2946 2880/3222/2947 2878/3149/2900 2883/3152/2903
f 2880/3222/2947 2952/3221/2946 2873/3223/2948 2872/3224/2949
s 48
f 2980/3225/2950 2977/3226/2951 2909/3061/2831 2908/3060/2830
s 51
f 2871/3227/2952 2870/3217/2944 2867/3179/2923 2872/3224/2949
f 2872/3224/2949 2867/3179/2923 2876/3183/2924 2880/3222/2947
s 48
f 2908/3060/2830 2912/3063/2833 2979/3228/2953 2980/3225/2950
s 51
f 2876/3183/2924 2877/3130/2889 2879/3129/2888 2880/3222/2947
f 2915/3184/2925 2916/3136/2895 2877/3130/2889 2876/3183/2924
f 2953/3229/2954 2874/3230/2955 2873/3223/2948 2952/3221/2946
f 2952/3221/2946 2951/3196/2934 2948/3195/2933 2953/3229/2954
s 48
f 2978/3231/2956 2979/3232/2953 2912/3071/2833 2911/3070/2838
s 51
f 2875/3233/2957 2874/3230/2955 2953/3229/2954 2958/3234/2958
f 2953/3229/2954 2954/3191/2929 2957/3190/2928 2958/3234/2958
f 2959/3235/2959 2958/3234/2958 2957/3190/2928 2960/3204/2939
f 2964/3236/2960 2953/3229/2954 2948/3195/2933 2962/3208/2941
f 2964/3237/2960 2959/3235/2959 2960/3204/2939 2965/3207/2940
f 2965/3206/2940 2954/3191/2929 2953/3229/2954 2964/3236/2960
f 2964/3237/2960 2962/3213/2941 2967/3214/2943 2969/3238/2961
f 2952/3221/2946 2883/3152/2903 2934/3210/2942 2969/3239/2961
f 2967/3216/2943 2951/3196/2934 2952/3221/2946 2969/3239/2961
f 2880/3222/2947 2879/3129/2888 2926/3141/2896 2929/3240/2962
f 2929/3241/2962 2926/3137/2896 2916/3140/2895 2915/3242/2925
f 2930/3155/2906 2878/3149/2900 2880/3222/2947 2929/3240/2962
f 2969/3238/2961 2934/3211/2942 2930/3212/2906 2929/3241/2962
f 2971/3243/2963 2915/3242/2925 2914/3218/2922 2970/3219/2945
f 2929/3241/2962 2915/3242/2925 2971/3243/2963
f 2875/3233/2957 2958/3234/2958 2959/3235/2959 2971/3243/2963
f 2971/3243/2963 2959/3235/2959 2964/3237/2960
f 2871/3244/2952 2875/3233/2957 2971/3243/2963
f 2870/3220/2944 2871/3244/2952 2971/3243/2963
f 2970/3219/2945 2870/3220/2944 2971/3243/2963
f 2971/3243/2963 2964/3237/2960 2969/3238/2961
f 2971/3243/2963 2969/3238/2961 2929/3241/2962
s 24
f 2654/2904/2689 2851/3112/2878 2852/3113/2879 2655/3115/2601
f 2653/2905/2690 2850/3110/2876 2851/3112/2878 2654/2904/2689
f 2652/2906/2691 2849/3111/2877 2850/3110/2876 2653/2905/2690
f 2652/2906/2691 2651/2907/2692 2848/3117/2881 2849/3111/2877
s 48
f 2894/3245/2964 2897/3056/2965 2744/3045/2819 2903/3048/2822
f 2919/3246/2966 2865/3127/2967 2895/3247/2968 2896/3248/2969
f 2896/3249/2969 2894/3245/2964 2903/3048/2822 2904/3121/2883
f 2896/3248/2969 2904/3125/2883 2920/3124/2886 2919/3246/2966
f 2896/3248/2969 2895/3247/2968 2973/3250/2970 2974/3251/2971
f 2974/3252/2971 2893/3043/2817 2889/3042/2816 2972/3253/2972
f 2972/3253/2972 2894/3245/2964 2896/3249/2969 2974/3252/2971
s 24
f 2827/3089/2855 2808/3091/2857 2807/3254/2973 2826/3255/2974
f 2804/3256/2975 2805/3257/2976 2830/3099/2865 2831/3093/2859
f 2810/3258/2977 2804/3256/2975 2831/3093/2859 2832/3092/2858
f 2829/3100/2866 2830/3099/2865 2805/3257/2976 2806/3259/2978
f 2975/3260/2979 2826/3255/2974 2807/3254/2973 2806/3259/2978
f 2828/3090/2856 2827/3089/2855 2826/3255/2974 2835/3261/2980
f 2835/3261/2980 2826/3255/2974 2975/3260/2979 2976/3262/2981
f 2835/3261/2980 2810/3258/2977 2832/3092/2858 2813/2989/2771
f 2976/3262/2981 2810/3258/2977 2835/3261/2980
f 2976/3262/2981 2975/3260/2979 2806/3259/2978 2805/3257/2976
f 2976/3262/2981 2805/3257/2976 2804/3256/2975
f 2976/3262/2981 2804/3256/2975 2810/3258/2977
f 2832/3092/2858 2838/2993/2775 2812/2988/2770 2813/2989/2771
f 2813/2989/2771 2790/2970/2752 2815/2978/2760 2814/2987/2769
f 2813/2989/2771 2814/2987/2769 2828/3090/2856 2835/3261/2980
f 2829/3100/2866 2806/3259/2978 2807/3254/2973 2833/3263/2982
f 2833/3263/2982 2807/3254/2973 2808/3091/2857 2834/3087/2853
f 2833/3263/2982 2834/3087/2853 2824/2999/2781 2842/2998/2780
f 2842/2998/2780 2841/2997/2779 2829/3100/2866 2833/3263/2982
f 2505/2932/2715 2792/3118/2882 2848/3117/2881 2651/2907/2692
f 2504/2740/2568 2764/3086/2852 2792/3118/2882 2505/2932/2715
s 48
f 2901/3067/2835 2902/3066/2818 2893/3264/2817 2892/3265/2983
f 2892/3265/2983 2893/3264/2817 2974/3251/2971 2973/3250/2970
f 2899/3040/2814 2885/3059/2829 2886/3068/2836 2900/3266/2984
f 2886/3068/2836 2887/3064/2834 2901/3067/2835 2900/3266/2984
f 2900/3266/2984 2901/3067/2835 2892/3265/2983 2891/3267/2985
s 24
f 2854/3268/2986 2853/3114/2880 2847/3098/2864 2846/3269/2987
f 2656/3116/2602 2853/3114/2880 2854/3268/2986 2575/3270/2720
f 2847/3098/2864 2840/3095/2861 2845/3096/2862 2846/3269/2987
f 2845/3096/2862 2844/2996/2778 2577/3029/2512 2576/3271/2721
f 2717/3272/2722 2846/3269/2987 2845/3096/2862 2576/3271/2721
f 2717/3272/2722 2575/3270/2720 2854/3268/2986 2846/3269/2987
f 2981/2886/2677 2639/2710/2542 2640/2709/2541 2982/2884/2675
f 2641/2717/2547 2983/2881/2672 2982/2884/2675 2640/2709/2541
f 2642/2720/2549 2984/2891/2682 2983/2881/2672 2641/2717/2547
f 2985/2892/2679 2984/2891/2682 2642/2720/2549 2643/2719/2543
f 2639/2710/2542 2981/2886/2677 2985/2888/2679 2643/2711/2543
s 58
f 2986/3273/2988 2987/3274/2989 2999/3275/2990 2998/3276/2991
f 2987/3274/2989 2988/3277/2992 3000/3278/2993 2999/3275/2990
f 2988/3277/2992 2989/3279/2994 3001/3280/2995 3000/3278/2993
f 2989/3279/2994 2990/3281/2996 3002/3282/2997 3001/3280/2995
f 2990/3281/2996 2991/3283/2998 3003/3284/2999 3002/3282/2997
f 2991/3283/2998 2992/3285/3000 3004/3286/3001 3003/3284/2999
f 2992/3285/3000 2993/3287/3002 3005/3288/3003 3004/3286/3001
f 2993/3287/3002 2994/3289/3004 3006/3290/3005 3005/3288/3003
f 2994/3289/3004 2995/3291/3006 3007/3292/3007 3006/3290/3005
f 2995/3291/3006 2996/3293/3008 3008/3294/3009 3007/3292/3007
f 2996/3293/3008 2997/3295/3010 3009/3296/3011 3008/3294/3009
f 2997/3295/3010 2986/3273/2988 2998/3276/2991 3009/3296/3011
f 2998/3276/2991 2999/3275/2990 3011/3297/3012 3010/3298/3013
f 2999/3275/2990 3000/3278/2993 3012/3299/3014 3011/3297/3012
f 3000/3278/2993 3001/3280/2995 3013/3300/3015 3012/3299/3014
f 3001/3280/2995 3002/3282/2997 3014/3301/3016 3013/3300/3015
f 3002/3282/2997 3003/3284/2999 3015/3302/3017 3014/3301/3016
f 3003/3284/2999 3004/3286/3001 3016/3303/3018 3015/3302/3017
f 3004/3286/3001 3005/3288/3003 3017/3304/3019 3016/3303/3018
f 3005/3288/3003 3006/3290/3005 3018/3305/3020 3017/3304/3019
f 3006/3290/3005 3007/3292/3007 3019/3306/3021 3018/3305/3020
f 3007/3292/3007 3008/3294/3009 3020/3307/3022 3019/3306/3021
f 3008/3294/3009 3009/3296/3011 3021/3308/3023 3020/3307/3022
f 3009/3296/3011 2998/3276/2991 3010/3298/3013 3021/3308/3023
f 3010/3298/3013 3011/3297/3012 3023/3309/3024 3022/3310/3025
f 3011/3297/3012 3012/3299/3014 3024/3311/3026 3023/3309/3024
f 3012/3299/3014 3013/3300/3015 3025/3312/3027 3024/3311/3026
f 3013/3300/3015 3014/3301/3016 3026/3313/3028 3025/3312/3027
f 3014/3301/3016 3015/3302/3017 3027/3314/3029 3026/3313/3028
f 3015/3302/3017 3016/3303/3018 3028/3315/3030 3027/3314/3029
f 3016/3303/3018 3017/3304/3019 3029/3316/3031 3028/3315/3030
f 3017/3304/3019 3018/3305/3020 3030/3317/3032 3029/3316/3031
f 3018/3305/3020 3019/3306/3021 3031/3318/3033 3030/3317/3032
f 3019/3306/3021 3020/3307/3022 3032/3319/3034 3031/3318/3033
f 3020/3307/3022 3021/3308/3023 3033/3320/3035 3032/3319/3034
f 3021/3308/3023 3010/3298/3013 3022/3310/3025 3033/3320/3035
f 3022/3310/3025 3023/3309/3024 3034/3321/3036
f 3023/3309/3024 3024/3311/3026 3034/3321/3036
f 3024/3311/3026 3025/3312/3027 3034/3321/3036
f 3025/3312/3027 3026/3313/3028 3034/3321/3036
f 3026/3313/3028 3027/3314/3029 3034/3321/3036
f 3027/3314/3029 3028/3315/3030 3034/3321/3036
f 3028/3315/3030 3029/3316/3031 3034/3321/3036
f 3029/3316/3031 3030/3317/3032 3034/3321/3036
f 3030/3317/3032 3031/3318/3033 3034/3321/3036
f 3031/3318/3033 3032/3319/3034 3034/3321/3036
f 3032/3319/3034 3033/3320/3035 3034/3321/3036
f 3033/3320/3035 3022/3310/3025 3034/3321/3036
s 59
f 3035/3322/3037 3047/3323/3038 3048/3324/3039 3036/3325/3040
f 3036/3325/3040 3048/3324/3039 3049/3326/3041 3037/3327/3042
f 3037/3327/3042 3049/3326/3041 3050/3328/3043 3038/3329/3044
f 3038/3329/3044 3050/3328/3043 3051/3330/3045 3039/3331/3046
f 3039/3331/3046 3051/3330/3045 3052/3332/3047 3040/3333/3048
f 3040/3333/3048 3052/3332/3047 3053/3334/3049 3041/3335/3050
f 3041/3335/3050 3053/3334/3049 3054/3336/3051 3042/3337/3052
f 3042/3337/3052 3054/3336/3051 3055/3338/3053 3043/3339/3054
f 3043/3339/3054 3055/3338/3053 3056/3340/3055 3044/3341/3056
f 3044/3341/3056 3056/3340/3055 3057/3342/3057 3045/3343/3058
f 3045/3343/3058 3057/3342/3057 3058/3344/3059 3046/3345/3060
f 3046/3345/3060 3058/3344/3059 3047/3323/3038 3035/3322/3037
f 3047/3323/3038 3059/3346/3061 3060/3347/3062 3048/3324/3039
f 3048/3324/3039 3060/3347/3062 3061/3348/3063 3049/3326/3041
f 3049/3326/3041 3061/3348/3063 3062/3349/3064 3050/3328/3043
f 3050/3328/3043 3062/3349/3064 3063/3350/3065 3051/3330/3045
f 3051/3330/3045 3063/3350/3065 3064/3351/3066 3052/3332/3047
f 3052/3332/3047 3064/3351/3066 3065/3352/3067 3053/3334/3049
f 3053/3334/3049 3065/3352/3067 3066/3353/3068 3054/3336/3051
f 3054/3336/3051 3066/3353/3068 3067/3354/3069 3055/3338/3053
f 3055/3338/3053 3067/3354/3069 3068/3355/3070 3056/3340/3055
f 3056/3340/3055 3068/3355/3070 3069/3356/3071 3057/3342/3057
f 3057/3342/3057 3069/3356/3071 3070/3357/3072 3058/3344/3059
f 3058/3344/3059 3070/3357/3072 3059/3346/3061 3047/3323/3038
f 3059/3346/3061 3071/3358/3073 3072/3359/3074 3060/3347/3062
f 3060/3347/3062 3072/3359/3074 3073/3360/3075 3061/3348/3063
f 3061/3348/3063 3073/3360/3075 3074/3361/3076 3062/3349/3064
f 3062/3349/3064 3074/3361/3076 3075/3362/3077 3063/3350/3065
f 3063/3350/3065 3075/3362/3077 3076/3363/3078 3064/3351/3066
f 3064/3351/3066 3076/3363/3078 3077/3364/3079 3065/3352/3067
f 3065/3352/3067 3077/3364/3079 3078/3365/3080 3066/3353/3068
f 3066/3353/3068 3078/3365/3080 3079/3366/3081 3067/3354/3069
f 3067/3354/3069 3079/3366/3081 3080/3367/3082 3068/3355/3070
f 3068/3355/3070 3080/3367/3082 3081/3368/3083 3069/3356/3071
f 3069/3356/3071 3081/3368/3083 3082/3369/3084 3070/3357/3072
f 3070/3357/3072 3082/3369/3084 3071/3358/3073 3059/3346/3061
f 3071/3358/3073 3083/3370/3085 3072/3359/3074
f 3072/3359/3074 3083/3370/3085 3073/3360/3075
f 3073/3360/3075 3083/3370/3085 3074/3361/3076
f 3074/3361/3076 3083/3370/3085 3075/3362/3077
f 3075/3362/3077 3083/3370/3085 3076/3363/3078
f 3076/3363/3078 3083/3370/3085 3077/3364/3079
f 3077/3364/3079 3083/3370/3085 3078/3365/3080
f 3078/3365/3080 3083/3370/3085 3079/3366/3081
f 3079/3366/3081 3083/3370/3085 3080/3367/3082
f 3080/3367/3082 3083/3370/3085 3081/3368/3083
f 3081/3368/3083 3083/3370/3085 3082/3369/3084
f 3082/3369/3084 3083/3370/3085 3071/3358/3073
s 60
f 3088/3371/3086 3085/3372/3087 3084/3373/3088
f 3086/3374/3089 3085/3372/3087 3088/3371/3086
f 3087/3375/3090 3088/3371/3086 3084/3373/3088
f 3086/3374/3089 3088/3371/3086 3087/3375/3090
s 61
f 3093/3376/3091 3089/3377/3092 3090/3378/3093
f 3091/3379/3094 3093/3376/3091 3090/3378/3093
f 3092/3380/3095 3089/3377/3092 3093/3376/3091
f 3091/3379/3094 3092/3380/3095 3093/3376/3091
s 62
f 3104/3381/3096 3102/3382/3097 3103/3383/3098
f 3104/3381/3096 3095/3384/3099 3094/3385/3100 3102/3382/3097
f 3105/3386/3101 3104/3381/3096 3103/3383/3098 3101/3387/3102
f 3096/3388/3103 3095/3384/3099 3104/3381/3096 3111/3389/3104
f 3111/3389/3104 3104/3381/3096 3105/3386/3101 3110/3390/3105
f 3112/3391/3106 3097/3392/3107 3096/3388/3103 3111/3389/3104
f 3113/3393/3108 3112/3391/3106 3111/3389/3104 3110/3390/3105
f 3113/3393/3108 3110/3390/3105 3105/3386/3101 3109/3394/3109
f 3098/3395/3110 3097/3392/3107 3112/3391/3106 3114/3396/3111
f 3114/3396/3111 3112/3391/3106 3113/3393/3108
f 3115/3397/3112 3114/3396/3111 3113/3393/3108 3109/3394/3109
f 3099/3398/3113 3098/3395/3110 3114/3396/3111 3115/3397/3112
f 3115/3397/3112 3109/3394/3109 3100/3399/3114
f 3105/3386/3101 3101/3387/3102 3106/3400/3115 3107/3401/3116
f 3109/3394/3109 3105/3386/3101 3107/3401/3116 3108/3402/3117
f 3100/3399/3114 3109/3394/3109 3108/3402/3117
f 3119/3403/3118 3118/3404/3119 3117/3405/3120
f 3119/3403/3118 3117/3405/3120 3094/3406/3100 3095/3407/3099
f 3120/3408/3121 3116/3409/3122 3118/3404/3119 3119/3403/3118
f 3096/3410/3103 3123/3411/3123 3119/3403/3118 3095/3407/3099
f 3123/3411/3123 3122/3412/3124 3120/3408/3121 3119/3403/3118
f 3124/3413/3125 3123/3411/3123 3096/3410/3103 3097/3414/3107
f 3125/3415/3126 3122/3412/3124 3123/3411/3123 3124/3413/3125
f 3125/3415/3126 3121/3416/3127 3120/3408/3121 3122/3412/3124
f 3098/3417/3110 3126/3418/3128 3124/3413/3125 3097/3414/3107
f 3126/3418/3128 3125/3415/3126 3124/3413/3125
f 3115/3419/3112 3121/3416/3127 3125/3415/3126 3126/3418/3128
f 3099/3420/3113 3115/3419/3112 3126/3418/3128 3098/3417/3110
f 3115/3419/3112 3100/3421/3114 3121/3416/3127
f 3120/3408/3121 3107/3422/3116 3106/3423/3115 3116/3409/3122
f 3121/3416/3127 3108/3424/3117 3107/3422/3116 3120/3408/3121
f 3100/3421/3114 3108/3424/3117 3121/3416/3127
s 64
f 3127/3425/3129 3128/3426/3130 3132/3427/3131 3131/3428/3132
f 3128/3426/3130 3129/3429/3133 3133/3430/3134 3132/3427/3131
f 3129/3429/3133 3130/3431/3135 3134/3432/3136 3133/3430/3134
f 3130/3433/3135 3127/3434/3129 3131/3435/3132 3134/3436/3136
s 65
f 3136/3437/3137 3140/3438/3138 3139/3439/3139 3135/3440/3140
f 3136/3437/3137 3137/3441/3141 3141/3442/3142 3140/3438/3138
f 3137/3443/3141 3138/3444/3143 3142/3445/3144 3141/3446/3142
f 3139/3439/3139 3142/3447/3144 3138/3448/3143 3135/3440/3140
s 66
f 3143/3449/3145 3144/3450/3146 3148/3451/3147 3147/3452/3148
f 3145/3453/3149 3149/3454/3150 3148/3451/3147 3144/3450/3146
f 3145/3455/3149 3146/3456/3151 3150/3457/3152 3149/3458/3150
f 3147/3452/3148 3150/3459/3152 3146/3460/3151 3143/3449/3145
s 67
f 3152/3461/3153 3151/3462/3154 3155/3463/3155 3156/3464/3156
f 3157/3465/3157 3153/3466/3158 3152/3461/3153 3156/3464/3156
f 3154/3467/3159 3153/3468/3158 3157/3469/3157 3158/3470/3160
f 3151/3462/3154 3154/3467/3159 3158/3470/3160 3155/3463/3155
s 68
f 3159/3471/3161 3163/3472/3162 3164/3473/3163 3160/3474/3164
f 3160/3474/3164 3164/3473/3163 3165/3475/3165 3161/3476/3166
f 3161/3476/3166 3165/3475/3165 3166/3477/3167 3162/3478/3168
f 3162/3479/3168 3166/3480/3167 3163/3481/3162 3159/3482/3161
s 69
f 3168/3483/3169 3172/3486/3170 3171/3485/3171 3167/3484/3172
f 3168/3483/3169 3169/3488/3173 3173/3487/3174 3172/3486/3170
f 3169/3489/3173 3170/3492/3175 3174/3491/3176 3173/3490/3174
f 3171/3485/3171 3174/3494/3176 3170/3493/3175 3167/3484/3172
s 70
f 3175/3495/3177 3179/3496/3178 3180/3497/3179 3176/3498/3180
f 3177/3499/3181 3176/3498/3180 3180/3497/3179 3181/3500/3182
f 3177/3501/3181 3181/3502/3182 3182/3503/3183 3178/3504/3184
f 3179/3496/3178 3175/3495/3177 3178/3505/3184 3182/3506/3183
s 71
f 3184/3507/3185 3188/3508/3186 3187/3509/3187 3183/3510/3188
f 3189/3511/3189 3188/3508/3186 3184/3507/3185 3185/3512/3190
f 3186/3513/3191 3190/3514/3192 3189/3515/3189 3185/3516/3190
f 3183/3510/3188 3187/3509/3187 3190/3514/3192 3186/3513/3191
s 72
f 3195/3517/3193 3191/3518/3194 3192/3519/3195
f 3193/3520/3196 3195/3517/3193 3192/3519/3195
f 3194/3521/3197 3191/3518/3194 3195/3517/3193
f 3193/3520/3196 3194/3521/3197 3195/3517/3193
s 73
f 3200/3522/3198 3196/3523/3199 3197/3524/3200
f 3198/3525/3201 3200/3522/3198 3197/3524/3200
f 3199/3526/3202 3196/3523/3199 3200/3522/3198
f 3198/3525/3201 3199/3526/3202 3200/3522/3198
s 74
f 3205/3527/3203 3201/3528/3204 3202/3529/3205
f 3203/3530/3206 3205/3527/3203 3202/3529/3205
f 3204/3531/3207 3201/3528/3204 3205/3527/3203
f 3203/3530/3206 3204/3531/3207 3205/3527/3203
s 75
f 3210/3532/3208 3206/3533/3209 3207/3534/3210
f 3208/3535/3211 3210/3532/3208 3207/3534/3210
f 3209/3536/3212 3206/3533/3209 3210/3532/3208
f 3208/3535/3211 3209/3536/3212 3210/3532/3208
s 76
f 3215/3537/3213 3212/3538/3214 3211/3539/3215
f 3213/3540/3216 3212/3538/3214 3215/3537/3213
f 3214/3541/3217 3215/3537/3213 3211/3539/3215
f 3213/3540/3216 3215/3537/3213 3214/3541/3217
s 77
f 3220/3542/3218 3217/3543/3219 3216/3544/3220
f 3218/3545/3221 3217/3543/3219 3220/3542/3218
f 3219/3546/3222 3220/3542/3218 3216/3544/3220
f 3218/3545/3221 3220/3542/3218 3219/3546/3222
s 78
f 3225/3547/3223 3222/3548/3224 3221/3549/3225
f 3223/3550/3226 3222/3548/3224 3225/3547/3223
f 3224/3551/3227 3225/3547/3223 3221/3549/3225
f 3223/3550/3226 3225/3547/3223 3224/3551/3227
s 79
f 3230/3552/3228 3227/3553/3229 3226/3554/3230
f 3228/3555/3231 3227/3553/3229 3230/3552/3228
f 3229/3556/3232 3230/3552/3228 3226/3554/3230
f 3228/3555/3231 3230/3552/3228 3229/3556/3232
s 80
f 3231/3557/3233 3235/3558/3234 3236/3559/3235 3237/3560/3236
f 3232/3561/3237 3268/3562/3238 3269/3563/3239 3238/3564/3240
f 3233/3565/3241 3272/3566/3242 3273/3567/3243 3239/3568/3244
f 3234/3569/3245 3276/3570/3246 3277/3571/3247 3240/3572/3248
f 3242/3573/3249 3241/3574/3250 3234/3569/3245 3240/3572/3248
f 3241/3574/3250 3242/3573/3249 3243/3575/3251
f 3244/3576/3252 3243/3575/3251 3242/3573/3249
f 3243/3575/3251 3244/3576/3252 3245/3577/3253
f 3246/3578/3254 3245/3577/3253 3244/3576/3252
f 3247/3579/3255 3245/3577/3253 3246/3578/3254
f 3248/3580/3256 3247/3579/3255 3246/3578/3254
f 3231/3557/3233 3250/3581/3257 3249/3582/3258 3235/3558/3234
f 3232/3561/3237 3251/3583/3259 3271/3584/3260 3268/3562/3238
f 3233/3565/3241 3252/3585/3261 3275/3586/3262 3272/3566/3242
f 3234/3569/3245 3253/3587/3263 3279/3588/3264 3276/3570/3246
f 3254/3589/3265 3253/3587/3263 3234/3569/3245 3241/3574/3250
f 3241/3574/3250 3243/3575/3251 3254/3589/3265
f 3255/3590/3266 3254/3589/3265 3243/3575/3251
f 3243/3575/3251 3245/3577/3253 3255/3590/3266
f 3256/3591/3267 3255/3590/3266 3245/3577/3253
f 3247/3579/3255 3256/3591/3267 3245/3577/3253
f 3257/3592/3268 3256/3591/3267 3247/3579/3255
f 3258/3593/3269 3262/3594/3270 3249/3582/3258 3250/3581/3257
f 3259/3595/3271 3270/3596/3272 3271/3584/3260 3251/3583/3259
f 3260/3597/3273 3274/3598/3274 3275/3586/3262 3252/3585/3261
f 3261/3599/3275 3278/3600/3276 3279/3588/3264 3253/3587/3263
f 3254/3589/3265 3263/3601/3277 3261/3599/3275 3253/3587/3263
f 3263/3601/3277 3254/3589/3265 3264/3602/3278
f 3255/3590/3266 3264/3602/3278 3254/3589/3265
f 3264/3602/3278 3255/3590/3266 3265/3603/3279
f 3256/3591/3267 3265/3603/3279 3255/3590/3266
f 3266/3604/3280 3265/3603/3279 3256/3591/3267
f 3257/3592/3268 3266/3604/3280 3256/3591/3267
f 3258/3605/3269 3237/3560/3236 3236/3559/3235 3262/3606/3270
f 3259/3607/3271 3238/3564/3240 3269/3563/3239 3270/3608/3272
f 3260/3609/3273 3239/3568/3244 3273/3567/3243 3274/3610/3274
f 3261/3611/3275 3240/3572/3248 3277/3571/3247 3278/3612/3276
f 3242/3573/3249 3240/3572/3248 3261/3611/3275 3263/3613/3277
f 3263/3613/3277 3264/3614/3278 3242/3573/3249
f 3244/3576/3252 3242/3573/3249 3264/3614/3278
f 3264/3614/3278 3265/3615/3279 3244/3576/3252
f 3246/3578/3254 3244/3576/3252 3265/3615/3279
f 3266/3616/3280 3246/3578/3254 3265/3615/3279
f 3248/3580/3256 3246/3578/3254 3266/3616/3280
f 3236/3559/3235 3235/3558/3234 3267/3617/3281
f 3235/3558/3234 3249/3582/3258 3267/3617/3281
f 3249/3582/3258 3262/3594/3270 3267/3617/3281
f 3262/3606/3270 3236/3559/3235 3267/3617/3281
f 3268/3562/3238 3231/3557/3233 3237/3560/3236 3269/3563/3239
f 3270/3608/3272 3269/3563/3239 3237/3560/3236 3258/3605/3269
f 3271/3584/3260 3270/3596/3272 3258/3593/3269 3250/3581/3257
f 3268/3562/3238 3271/3584/3260 3250/3581/3257 3231/3557/3233
f 3272/3566/3242 3232/3561/3237 3238/3564/3240 3273/3567/3243
f 3274/3610/3274 3273/3567/3243 3238/3564/3240 3259/3607/3271
f 3275/3586/3262 3274/3598/3274 3259/3595/3271 3251/3583/3259
f 3272/3566/3242 3275/3586/3262 3251/3583/3259 3232/3561/3237
f 3276/3570/3246 3233/3565/3241 3239/3568/3244 3277/3571/3247
f 3278/3612/3276 3277/3571/3247 3239/3568/3244 3260/3609/3273
f 3279/3588/3264 3278/3600/3276 3260/3597/3273 3252/3585/3261
f 3276/3570/3246 3279/3588/3264 3252/3585/3261 3233/3565/3241
s 84
f 3288/3618/3282 3282/3619/3283 3283/3620/3284 3289/3621/3285
f 3288/3618/3282 3289/3621/3285 3280/3622/3286 3281/3623/3287
f 3284/3624/3288 3285/3625/3289 3287/3626/3290
f 3282/3619/3283 3288/3618/3282 3281/3623/3287 3290/3627/3291
f 3287/3626/3290 3283/3620/3284 3282/3619/3283 3284/3624/3288
f 3293/3628/3292 3290/3627/3291 3292/3629/3293 3291/3630/3294
f 3284/3624/3288 3282/3619/3283 3290/3627/3291 3293/3628/3292
f 3287/3626/3290 3285/3625/3289 3286/3631/3295
f 3298/3632/3296 3289/3621/3285 3283/3620/3284 3295/3633/3297
f 3298/3632/3296 3294/3634/3298 3280/3622/3286 3289/3621/3285
f 3296/3635/3299 3287/3626/3290 3297/3636/3300
f 3295/3633/3297 3299/3637/3301 3294/3634/3298 3298/3632/3296
f 3287/3626/3290 3296/3635/3299 3295/3633/3297 3283/3620/3284
f 3302/3638/3302 3300/3639/3303 3301/3640/3304 3299/3637/3301
f 3296/3635/3299 3302/3638/3302 3299/3637/3301 3295/3633/3297
f 3287/3626/3290 3286/3631/3295 3297/3636/3300
f 3311/3641/3305 3305/3642/3306 3306/3643/3307 3312/3644/3308
f 3311/3641/3305 3312/3644/3308 3303/3645/3309 3304/3646/3310
f 3307/3647/3311 3308/3648/3312 3310/3649/3313
f 3305/3642/3306 3311/3641/3305 3304/3646/3310 3313/3650/3314
f 3310/3649/3313 3306/3643/3307 3305/3642/3306 3307/3647/3311
f 3314/3651/3315 3313/3650/3314 3301/3640/3304 3300/3639/3303
f 3307/3647/3311 3305/3642/3306 3313/3650/3314 3314/3651/3315
f 3310/3649/3313 3308/3648/3312 3309/3652/3316
f 3319/3653/3317 3312/3654/3308 3306/3655/3307 3316/3656/3318
f 3319/3653/3317 3315/3657/3319 3303/3658/3309 3312/3654/3308
f 3317/3659/3320 3310/3660/3313 3318/3661/3321
f 3316/3656/3318 3320/3662/3322 3315/3657/3319 3319/3653/3317
f 3310/3660/3313 3317/3659/3320 3316/3656/3318 3306/3655/3307
f 3321/3663/3323 3291/3630/3294 3292/3629/3293 3320/3662/3322
f 3317/3659/3320 3321/3663/3323 3320/3662/3322 3316/3656/3318
f 3310/3660/3313 3309/3664/3316 3318/3661/3321
f 3281/3623/3287 3280/3622/3286 3303/3658/3309 3315/3657/3319
f 3280/3622/3286 3294/3634/3298 3304/3646/3310 3303/3645/3309
f 3291//3294 3322//3324 3284//3288 3293//3292
f 3322//3324 3285//3289 3284//3288
f 3318//3321 3309//3316 3286//3295 3285//3289
f 3323//3325 3307//3311 3314//3315 3300//3303
f 3323//3325 3308//3312 3307//3311
f 3286//3295 3309//3316 3308//3312 3297//3300
f 3321//3323 3317//3320 3322//3324 3291//3294
f 3322//3324 3318//3321 3285//3289
f 3317//3320 3318//3321 3322//3324
f 3296//3299 3323//3325 3300//3303 3302//3302
f 3297//3300 3308//3312 3323//3325
f 3297//3300 3323//3325 3296//3299
s 89
f 3324/3665/3326 3325/3666/3327 3330/3667/3328
f 3325/3666/3327 3326/3668/3329 3330/3667/3328
f 3333/3669/3330 3330/3667/3328 3326/3668/3329 3331/3670/3331
f 3331/3670/3331 3332/3671/3332 3334/3672/3333 3333/3669/3330
f 3326/3668/3329 3325/3666/3327 3329/3673/3334
f 3329/3673/3334 3325/3666/3327 3328/3674/3335
f 3328/3674/3335 3325/3666/3327 3324/3665/3326 3327/3675/3336
f 3338/3676/3337 3337/3677/3338 3339/3678/3339 3340/3679/3340
f 3341/3680/3341 3328/3674/3335 3327/3675/3336 3342/3681/3342
f 3340/3679/3340 3339/3678/3339 3335/3682/3343 3336/3683/3344
f 3336/3683/3344 3335/3682/3343 3341/3680/3341 3342/3681/3342
f 3343/3684/3345 3347/3685/3346 3344/3686/3347
f 3344/3686/3347 3347/3685/3346 3345/3687/3348
f 3348/3688/3349 3350/3689/3350 3351/3690/3351 3349/3691/3352
f 3328/3674/3335 3344/3686/3347 3329/3673/3334
f 3329/3673/3334 3344/3686/3347 3345/3687/3348
f 3328/3674/3335 3346/3692/3353 3343/3684/3345 3344/3686/3347
f 3353/3693/3354 3354/3694/3355 3339/3678/3339 3337/3677/3338
f 3341/3680/3341 3355/3695/3356 3346/3692/3353 3328/3674/3335
f 3354/3694/3355 3352/3696/3357 3335/3682/3343 3339/3678/3339
f 3352/3696/3357 3355/3695/3356 3341/3680/3341 3335/3682/3343
f 3343/3697/3345 3356/3698/3358 3347/3699/3346
f 3356/3698/3358 3357/3700/3359 3347/3699/3346
f 3350/3701/3350 3347/3699/3346 3357/3700/3359 3360/3702/3360
f 3360/3702/3360 3361/3703/3361 3351/3704/3351 3350/3701/3350
f 3357/3700/3359 3356/3698/3358 3359/3705/3362
f 3359/3705/3362 3356/3698/3358 3358/3706/3363
f 3358/3706/3363 3356/3698/3358 3343/3697/3345 3346/3707/3353
f 3353/3708/3354 3363/3709/3364 3364/3710/3365 3354/3711/3355
f 3365/3712/3366 3358/3706/3363 3346/3707/3353 3355/3713/3356
f 3354/3711/3355 3364/3710/3365 3362/3714/3367 3352/3715/3357
f 3352/3715/3357 3362/3714/3367 3365/3712/3366 3355/3713/3356
f 3324/3665/3326 3330/3667/3328 3366/3716/3368
f 3366/3716/3368 3330/3667/3328 3367/3717/3369
f 3333/3669/3330 3368/3718/3370 3367/3717/3369 3330/3667/3328
f 3368/3718/3370 3333/3669/3330 3334/3672/3333 3369/3719/3371
f 3358/3706/3363 3366/3716/3368 3359/3705/3362
f 3359/3705/3362 3366/3716/3368 3367/3717/3369
f 3358/3706/3363 3327/3675/3336 3324/3665/3326 3366/3716/3368
f 3338/3676/3337 3340/3679/3340 3364/3710/3365 3363/3709/3364
f 3365/3712/3366 3342/3681/3342 3327/3675/3336 3358/3706/3363
f 3340/3679/3340 3336/3683/3344 3362/3714/3367 3364/3710/3365
f 3336/3683/3344 3342/3681/3342 3365/3712/3366 3362/3714/3367
f 3351/3704/3351 3361/3703/3361 3369/3719/3371 3334/3672/3333
f 3331/3670/3331 3326/3668/3329 3371/3720/3372
f 3360/3702/3360 3357/3700/3359 3370/3721/3373
f 3369/3719/3371 3370/3721/3373 3368/3718/3370
f 3370/3721/3373 3357/3700/3359 3359/3705/3362 3367/3717/3369
f 3368/3718/3370 3370/3721/3373 3367/3717/3369
f 3371/3720/3372 3326/3668/3329 3329/3673/3334 3345/3687/3348
f 3350/3689/3350 3348/3688/3349 3345/3687/3348 3347/3685/3346
f 3348/3688/3349 3371/3720/3372 3345/3687/3348
f 3349/3691/3352 3371/3720/3372 3348/3688/3349
f 3331/3670/3331 3371/3720/3372 3332/3671/3332
f 3332/3671/3332 3371/3720/3372 3349/3691/3352
f 3361/3703/3361 3370/3721/3373 3369/3719/3371
f 3360/3702/3360 3370/3721/3373 3361/3703/3361
f 3337/3722/3338 3338/3723/3337 3363/3709/3364 3353/3708/3354
f 3351//3351 3334//3333 3332//3332 3349//3352
s 92
f 3372/3724/3374 3378/3725/3375 3377/3726/3376 3376/3727/3377
f 3373/3728/3378 3379/3729/3379 3410/3730/3380 3409/3731/3381
f 3374/3732/3382 3380/3733/3383 3414/3734/3384 3413/3735/3385
f 3375/3736/3386 3381/3737/3387 3418/3738/3388 3417/3739/3389
f 3383/3740/3390 3381/3737/3387 3375/3736/3386 3382/3741/3391
f 3382/3741/3391 3384/3742/3392 3383/3740/3390
f 3385/3743/3393 3383/3740/3390 3384/3742/3392
f 3384/3742/3392 3386/3744/3394 3385/3743/3393
f 3387/3745/3395 3385/3743/3393 3386/3744/3394
f 3388/3746/3396 3387/3745/3395 3386/3744/3394
f 3389/3747/3397 3387/3745/3395 3388/3746/3396
f 3372/3724/3374 3376/3727/3377 3390/3748/3398 3391/3749/3399
f 3373/3728/3378 3409/3731/3381 3412/3750/3400 3392/3751/3401
f 3374/3732/3382 3413/3735/3385 3416/3752/3402 3393/3753/3403
f 3375/3736/3386 3417/3739/3389 3420/3754/3404 3394/3755/3405
f 3395/3756/3406 3382/3741/3391 3375/3736/3386 3394/3755/3405
f 3382/3741/3391 3395/3756/3406 3384/3742/3392
f 3396/3757/3407 3384/3742/3392 3395/3756/3406
f 3384/3742/3392 3396/3757/3407 3386/3744/3394
f 3397/3758/3408 3386/3744/3394 3396/3757/3407
f 3388/3746/3396 3386/3744/3394 3397/3758/3408
f 3398/3759/3409 3388/3746/3396 3397/3758/3408
f 3399/3760/3410 3391/3749/3399 3390/3748/3398 3403/3761/3411
f 3400/3762/3412 3392/3751/3401 3412/3750/3400 3411/3763/3413
f 3401/3764/3414 3393/3753/3403 3416/3752/3402 3415/3765/3415
f 3402/3766/3416 3394/3755/3405 3420/3754/3404 3419/3767/3417
f 3395/3756/3406 3394/3755/3405 3402/3766/3416 3404/3768/3418
f 3404/3768/3418 3405/3769/3419 3395/3756/3406
f 3396/3757/3407 3395/3756/3406 3405/3769/3419
f 3405/3769/3419 3406/3770/3420 3396/3757/3407
f 3397/3758/3408 3396/3757/3407 3406/3770/3420
f 3407/3771/3421 3397/3758/3408 3406/3770/3420
f 3398/3759/3409 3397/3758/3408 3407/3771/3421
f 3399/3772/3410 3403/3773/3411 3377/3726/3376 3378/3725/3375
f 3400/3774/3412 3411/3775/3413 3410/3730/3380 3379/3729/3379
f 3401/3776/3414 3415/3777/3415 3414/3734/3384 3380/3733/3383
f 3402/3778/3416 3419/3779/3417 3418/3738/3388 3381/3737/3387
f 3383/3740/3390 3404/3780/3418 3402/3778/3416 3381/3737/3387
f 3404/3780/3418 3383/3740/3390 3405/3781/3419
f 3385/3743/3393 3405/3781/3419 3383/3740/3390
f 3405/3781/3419 3385/3743/3393 3406/3782/3420
f 3387/3745/3395 3406/3782/3420 3385/3743/3393
f 3407/3783/3421 3406/3782/3420 3387/3745/3395
f 3389/3747/3397 3407/3783/3421 3387/3745/3395
f 3377/3726/3376 3408/3784/3422 3376/3727/3377
f 3376/3727/3377 3408/3784/3422 3390/3748/3398
f 3390/3748/3398 3408/3784/3422 3403/3761/3411
f 3403/3773/3411 3408/3784/3422 3377/3726/3376
f 3409/3731/3381 3410/3730/3380 3378/3725/3375 3372/3724/3374
f 3411/3775/3413 3399/3772/3410 3378/3725/3375 3410/3730/3380
f 3412/3750/3400 3391/3749/3399 3399/3760/3410 3411/3763/3413
f 3409/3731/3381 3372/3724/3374 3391/3749/3399 3412/3750/3400
f 3413/3735/3385 3414/3734/3384 3379/3729/3379 3373/3728/3378
f 3415/3777/3415 3400/3774/3412 3379/3729/3379 3414/3734/3384
f 3416/3752/3402 3392/3751/3401 3400/3762/3412 3415/3765/3415
f 3413/3735/3385 3373/3728/3378 3392/3751/3401 3416/3752/3402
f 3417/3739/3389 3418/3738/3388 3380/3733/3383 3374/3732/3382
f 3419/3779/3417 3401/3776/3414 3380/3733/3383 3418/3738/3388
f 3420/3754/3404 3393/3753/3403 3401/3764/3414 3419/3767/3417
f 3417/3739/3389 3374/3732/3382 3393/3753/3403 3420/3754/3404
s 96
f 3429/3785/3423 3430/3786/3424 3424/3787/3425 3423/3788/3426
f 3429/3785/3423 3422/3789/3427 3421/3790/3428 3430/3786/3424
f 3425/3791/3429 3428/3792/3430 3426/3793/3431
f 3423/3788/3426 3431/3794/3432 3422/3789/3427 3429/3785/3423
f 3428/3792/3430 3425/3791/3429 3423/3788/3426 3424/3787/3425
f 3434/3795/3433 3432/3796/3434 3433/3797/3435 3431/3794/3432
f 3425/3791/3429 3434/3795/3433 3431/3794/3432 3423/3788/3426
f 3428/3792/3430 3427/3798/3436 3426/3793/3431
f 3439/3799/3437 3436/3800/3438 3424/3787/3425 3430/3786/3424
f 3439/3799/3437 3430/3786/3424 3421/3790/3428 3435/3801/3439
f 3437/3802/3440 3438/3803/3441 3428/3792/3430
f 3436/3800/3438 3439/3799/3437 3435/3801/3439 3440/3804/3442
f 3428/3792/3430 3424/3787/3425 3436/3800/3438 3437/3802/3440
f 3443/3805/3443 3440/3804/3442 3442/3806/3444 3441/3807/3445
f 3437/3802/3440 3436/3800/3438 3440/3804/3442 3443/3805/3443
f 3428/3792/3430 3438/3803/3441 3427/3798/3436
f 3452/3808/3446 3453/3809/3447 3447/3810/3448 3446/3811/3449
f 3452/3808/3446 3445/3812/3450 3444/3813/3451 3453/3809/3447
f 3448/3814/3452 3451/3815/3453 3449/3816/3454
f 3446/3811/3449 3454/3817/3455 3445/3812/3450 3452/3808/3446
f 3451/3815/3453 3448/3814/3452 3446/3811/3449 3447/3810/3448
f 3455/3818/3456 3441/3807/3445 3442/3806/3444 3454/3817/3455
f 3448/3814/3452 3455/3818/3456 3454/3817/3455 3446/3811/3449
f 3451/3815/3453 3450/3819/3457 3449/3816/3454
f 3460/3820/3458 3457/3821/3459 3447/3822/3448 3453/3823/3447
f 3460/3820/3458 3453/3823/3447 3444/3824/3451 3456/3825/3460
f 3458/3826/3461 3459/3827/3462 3451/3828/3453
f 3457/3821/3459 3460/3820/3458 3456/3825/3460 3461/3829/3463
f 3451/3828/3453 3447/3822/3448 3457/3821/3459 3458/3826/3461
f 3462/3830/3464 3461/3829/3463 3433/3797/3435 3432/3796/3434
f 3458/3826/3461 3457/3821/3459 3461/3829/3463 3462/3830/3464
f 3451/3828/3453 3459/3827/3462 3450/3831/3457
f 3422/3789/3427 3456/3825/3460 3444/3824/3451 3421/3790/3428
f 3421/3790/3428 3444/3813/3451 3445/3812/3450 3435/3801/3439
f 3432//3434 3434//3433 3425//3429 3463//3465
f 3463//3465 3425//3429 3426//3431
f 3459//3462 3426//3431 3427//3436 3450//3457
f 3464//3466 3441//3445 3455//3456 3448//3452
f 3464//3466 3448//3452 3449//3454
f 3427//3436 3438//3441 3449//3454 3450//3457
f 3462//3464 3432//3434 3463//3465 3458//3461
f 3463//3465 3426//3431 3459//3462
f 3458//3461 3463//3465 3459//3462
f 3437//3440 3443//3443 3441//3445 3464//3466
f 3438//3441 3464//3466 3449//3454
f 3438//3441 3437//3440 3464//3466
s 101
f 3465/3832/3467 3471/3833/3468 3466/3834/3469
f 3466/3834/3469 3471/3833/3468 3467/3835/3470
f 3474/3836/3471 3472/3837/3472 3467/3835/3470 3471/3833/3468
f 3472/3837/3472 3474/3836/3471 3475/3838/3473 3473/3839/3474
f 3467/3835/3470 3470/3840/3475 3466/3834/3469
f 3470/3840/3475 3469/3841/3476 3466/3834/3469
f 3469/3841/3476 3468/3842/3477 3465/3832/3467 3466/3834/3469
f 3479/3843/3478 3481/3844/3479 3480/3845/3480 3478/3846/3481
f 3482/3847/3482 3483/3848/3483 3468/3842/3477 3469/3841/3476
f 3481/3844/3479 3477/3849/3484 3476/3850/3485 3480/3845/3480
f 3477/3849/3484 3483/3848/3483 3482/3847/3482 3476/3850/3485
f 3484/3851/3486 3485/3852/3487 3488/3853/3488
f 3485/3852/3487 3486/3854/3489 3488/3853/3488
f 3489/3855/3490 3490/3856/3491 3492/3857/3492 3491/3858/3493
f 3469/3841/3476 3470/3840/3475 3485/3852/3487
f 3470/3840/3475 3486/3854/3489 3485/3852/3487
f 3469/3841/3476 3485/3852/3487 3484/3851/3486 3487/3859/3494
f 3494/3860/3495 3478/3846/3481 3480/3845/3480 3495/3861/3496
f 3482/3847/3482 3469/3841/3476 3487/3859/3494 3496/3862/3497
f 3495/3861/3496 3480/3845/3480 3476/3850/3485 3493/3863/3498
f 3493/3863/3498 3476/3850/3485 3482/3847/3482 3496/3862/3497
f 3484/3864/3486 3488/3865/3488 3497/3866/3499
f 3497/3866/3499 3488/3865/3488 3498/3867/3500
f 3491/3868/3493 3501/3869/3501 3498/3867/3500 3488/3865/3488
f 3501/3869/3501 3491/3868/3493 3492/3870/3492 3502/3871/3502
f 3498/3867/3500 3500/3872/3503 3497/3866/3499
f 3500/3872/3503 3499/3873/3504 3497/3866/3499
f 3499/3873/3504 3487/3874/3494 3484/3864/3486 3497/3866/3499
f 3494/3875/3495 3495/3876/3496 3505/3877/3505 3504/3878/3506
f 3506/3879/3507 3496/3880/3497 3487/3874/3494 3499/3873/3504
f 3495/3876/3496 3493/3881/3498 3503/3882/3508 3505/3877/3505
f 3493/3881/3498 3496/3880/3497 3506/3879/3507 3503/3882/3508
f 3465/3832/3467 3507/3883/3509 3471/3833/3468
f 3507/3883/3509 3508/3884/3510 3471/3833/3468
f 3474/3836/3471 3471/3833/3468 3508/3884/3510 3509/3885/3511
f 3509/3885/3511 3510/3886/3512 3475/3838/3473 3474/3836/3471
f 3499/3873/3504 3500/3872/3503 3507/3883/3509
f 3500/3872/3503 3508/3884/3510 3507/3883/3509
f 3499/3873/3504 3507/3883/3509 3465/3832/3467 3468/3842/3477
f 3479/3843/3478 3504/3878/3506 3505/3877/3505 3481/3844/3479
f 3506/3879/3507 3499/3873/3504 3468/3842/3477 3483/3848/3483
f 3481/3844/3479 3505/3877/3505 3503/3882/3508 3477/3849/3484
f 3477/3849/3484 3503/3882/3508 3506/3879/3507 3483/3848/3483
f 3492/3870/3492 3475/3838/3473 3510/3886/3512 3502/3871/3502
f 3472/3837/3472 3512/3887/3513 3467/3835/3470
f 3501/3869/3501 3511/3888/3514 3498/3867/3500
f 3510/3886/3512 3509/3885/3511 3511/3888/3514
f 3511/3888/3514 3508/3884/3510 3500/3872/3503 3498/3867/3500
f 3509/3885/3511 3508/3884/3510 3511/3888/3514
f 3512/3887/3513 3486/3854/3489 3470/3840/3475 3467/3835/3470
f 3491/3858/3493 3488/3853/3488 3486/3854/3489 3489/3855/3490
f 3489/3855/3490 3486/3854/3489 3512/3887/3513
f 3490/3856/3491 3489/3855/3490 3512/3887/3513
f 3472/3837/3472 3473/3839/3474 3512/3887/3513
f 3473/3839/3474 3490/3856/3491 3512/3887/3513
f 3502/3871/3502 3510/3886/3512 3511/3888/3514
f 3501/3869/3501 3502/3871/3502 3511/3888/3514
f 3478/3889/3481 3494/3875/3495 3504/3878/3506 3479/3890/3478
f 3492//3492 3490//3491 3473//3474 3475//3473
s 105
f 3513/3891/3515 3517/3892/3516 3518/3893/3517 3519/3894/3518
f 3514/3895/3519 3550/3896/3520 3551/3897/3521 3520/3898/3522
f 3515/3899/3523 3554/3900/3524 3555/3901/3525 3521/3902/3526
f 3516/3903/3527 3558/3904/3528 3559/3905/3529 3522/3906/3530
f 3524/3907/3531 3523/3908/3532 3516/3903/3527 3522/3906/3530
f 3523/3908/3532 3524/3907/3531 3525/3909/3533
f 3526/3910/3534 3525/3909/3533 3524/3907/3531
f 3525/3909/3533 3526/3910/3534 3527/3911/3535
f 3528/3912/3536 3527/3911/3535 3526/3910/3534
f 3529/3913/3537 3527/3911/3535 3528/3912/3536
f 3530/3914/3538 3529/3913/3537 3528/3912/3536
f 3513/3891/3515 3532/3915/3539 3531/3916/3540 3517/3892/3516
f 3514/3895/3519 3533/3917/3541 3553/3918/3542 3550/3896/3520
f 3515/3899/3523 3534/3919/3543 3557/3920/3544 3554/3900/3524
f 3516/3903/3527 3535/3921/3545 3561/3922/3546 3558/3904/3528
f 3536/3923/3547 3535/3921/3545 3516/3903/3527 3523/3908/3532
f 3523/3908/3532 3525/3909/3533 3536/3923/3547
f 3537/3924/3548 3536/3923/3547 3525/3909/3533
f 3525/3909/3533 3527/3911/3535 3537/3924/3548
f 3538/3925/3549 3537/3924/3548 3527/3911/3535
f 3529/3913/3537 3538/3925/3549 3527/3911/3535
f 3539/3926/3550 3538/3925/3549 3529/3913/3537
f 3540/3927/3551 3544/3928/3552 3531/3916/3540 3532/3915/3539
f 3541/3929/3553 3552/3930/3554 3553/3918/3542 3533/3917/3541
f 3542/3931/3555 3556/3932/3556 3557/3920/3544 3534/3919/3543
f 3543/3933/3557 3560/3934/3558 3561/3922/3546 3535/3921/3545
f 3536/3923/3547 3545/3935/3559 3543/3933/3557 3535/3921/3545
f 3545/3935/3559 3536/3923/3547 3546/3936/3560
f 3537/3924/3548 3546/3936/3560 3536/3923/3547
f 3546/3936/3560 3537/3924/3548 3547/3937/3561
f 3538/3925/3549 3547/3937/3561 3537/3924/3548
f 3548/3938/3562 3547/3937/3561 3538/3925/3549
f 3539/3926/3550 3548/3938/3562 3538/3925/3549
f 3540/3939/3551 3519/3894/3518 3518/3893/3517 3544/3940/3552
f 3541/3941/3553 3520/3898/3522 3551/3897/3521 3552/3942/3554
f 3542/3943/3555 3521/3902/3526 3555/3901/3525 3556/3944/3556
f 3543/3945/3557 3522/3906/3530 3559/3905/3529 3560/3946/3558
f 3524/3907/3531 3522/3906/3530 3543/3945/3557 3545/3947/3559
f 3545/3947/3559 3546/3948/3560 3524/3907/3531
f 3526/3910/3534 3524/3907/3531 3546/3948/3560
f 3546/3948/3560 3547/3949/3561 3526/3910/3534
f 3528/3912/3536 3526/3910/3534 3547/3949/3561
f 3548/3950/3562 3528/3912/3536 3547/3949/3561
f 3530/3914/3538 3528/3912/3536 3548/3950/3562
f 3518/3893/3517 3517/3892/3516 3549/3951/3563
f 3517/3892/3516 3531/3916/3540 3549/3951/3563
f 3531/3916/3540 3544/3928/3552 3549/3951/3563
f 3544/3940/3552 3518/3893/3517 3549/3951/3563
f 3550/3896/3520 3513/3891/3515 3519/3894/3518 3551/3897/3521
f 3552/3942/3554 3551/3897/3521 3519/3894/3518 3540/3939/3551
f 3553/3918/3542 3552/3930/3554 3540/3927/3551 3532/3915/3539
f 3550/3896/3520 3553/3918/3542 3532/3915/3539 3513/3891/3515
f 3554/3900/3524 3514/3895/3519 3520/3898/3522 3555/3901/3525
f 3556/3944/3556 3555/3901/3525 3520/3898/3522 3541/3941/3553
f 3557/3920/3544 3556/3932/3556 3541/3929/3553 3533/3917/3541
f 3554/3900/3524 3557/3920/3544 3533/3917/3541 3514/3895/3519
f 3558/3904/3528 3515/3899/3523 3521/3902/3526 3559/3905/3529
f 3560/3946/3558 3559/3905/3529 3521/3902/3526 3542/3943/3555
f 3561/3922/3546 3560/3934/3558 3542/3931/3555 3534/3919/3543
f 3558/3904/3528 3561/3922/3546 3534/3919/3543 3515/3899/3523
s 109
f 3570/3952/3564 3564/3953/3565 3565/3954/3566 3571/3955/3567
f 3570/3952/3564 3571/3955/3567 3562/3956/3568 3563/3957/3569
f 3566/3958/3570 3567/3959/3571 3569/3960/3572
f 3564/3953/3565 3570/3952/3564 3563/3957/3569 3572/3961/3573
f 3569/3960/3572 3565/3954/3566 3564/3953/3565 3566/3958/3570
f 3575/3962/3574 3572/3961/3573 3574/3963/3575 3573/3964/3576
f 3566/3958/3570 3564/3953/3565 3572/3961/3573 3575/3962/3574
f 3569/3960/3572 3567/3959/3571 3568/3965/3577
f 3580/3966/3578 3571/3955/3567 3565/3954/3566 3577/3967/3579
f 3580/3966/3578 3576/3968/3580 3562/3956/3568 3571/3955/3567
f 3578/3969/3581 3569/3960/3572 3579/3970/3582
f 3577/3967/3579 3581/3971/3583 3576/3968/3580 3580/3966/3578
f 3569/3960/3572 3578/3969/3581 3577/3967/3579 3565/3954/3566
f 3584/3972/3584 3582/3973/3585 3583/3974/3586 3581/3971/3583
f 3578/3969/3581 3584/3972/3584 3581/3971/3583 3577/3967/3579
f 3569/3960/3572 3568/3965/3577 3579/3970/3582
f 3593/3975/3587 3587/3976/3588 3588/3977/3589 3594/3978/3590
f 3593/3975/3587 3594/3978/3590 3585/3979/3591 3586/3980/3592
f 3589/3981/3593 3590/3982/3594 3592/3983/3595
f 3587/3976/3588 3593/3975/3587 3586/3980/3592 3595/3984/3596
f 3592/3983/3595 3588/3977/3589 3587/3976/3588 3589/3981/3593
f 3596/3985/3597 3595/3984/3596 3583/3974/3586 3582/3973/3585
f 3589/3981/3593 3587/3976/3588 3595/3984/3596 3596/3985/3597
f 3592/3983/3595 3590/3982/3594 3591/3986/3598
f 3601/3987/3599 3594/3988/3590 3588/3989/3589 3598/3990/3600
f 3601/3987/3599 3597/3991/3601 3585/3992/3591 3594/3988/3590
f 3599/3993/3602 3592/3994/3595 3600/3995/3603
f 3598/3990/3600 3602/3996/3604 3597/3991/3601 3601/3987/3599
f 3592/3994/3595 3599/3993/3602 3598/3990/3600 3588/3989/3589
f 3603/3997/3605 3573/3964/3576 3574/3963/3575 3602/3996/3604
f 3599/3993/3602 3603/3997/3605 3602/3996/3604 3598/3990/3600
f 3592/3994/3595 3591/3998/3598 3600/3995/3603
f 3563/3957/3569 3562/3956/3568 3585/3992/3591 3597/3991/3601
f 3562/3956/3568 3576/3968/3580 3586/3980/3592 3585/3979/3591
f 3573//3576 3604//3606 3566//3570 3575//3574
f 3604//3606 3567//3571 3566//3570
f 3600//3603 3591//3598 3568//3577 3567//3571
f 3605//3607 3589//3593 3596//3597 3582//3585
f 3605//3607 3590//3594 3589//3593
f 3568//3577 3591//3598 3590//3594 3579//3582
f 3603//3605 3599//3602 3604//3606 3573//3576
f 3604//3606 3600//3603 3567//3571
f 3599//3602 3600//3603 3604//3606
f 3578//3581 3605//3607 3582//3585 3584//3584
f 3579//3582 3590//3594 3605//3607
f 3579//3582 3605//3607 3578//3581
s 114
f 3606/3999/3608 3607/4000/3609 3612/4001/3610
f 3607/4000/3609 3608/4002/3611 3612/4001/3610
f 3615/4003/3612 3612/4001/3610 3608/4002/3611 3613/4004/3613
f 3613/4004/3613 3614/4005/3614 3616/4006/3615 3615/4003/3612
f 3608/4002/3611 3607/4000/3609 3611/4007/3616
f 3611/4007/3616 3607/4000/3609 3610/4008/3617
f 3610/4008/3617 3607/4000/3609 3606/3999/3608 3609/4009/3618
f 3620/4010/3619 3619/4011/3620 3621/4012/3621 3622/4013/3622
f 3623/4014/3623 3610/4008/3617 3609/4009/3618 3624/4015/3624
f 3622/4013/3622 3621/4012/3621 3617/4016/3625 3618/4017/3626
f 3618/4017/3626 3617/4016/3625 3623/4014/3623 3624/4015/3624
f 3625/4018/3627 3629/4019/3628 3626/4020/3629
f 3626/4020/3629 3629/4019/3628 3627/4021/3630
f 3630/4022/3631 3632/4023/3632 3633/4024/3633 3631/4025/3634
f 3610/4008/3617 3626/4020/3629 3611/4007/3616
f 3611/4007/3616 3626/4020/3629 3627/4021/3630
f 3610/4008/3617 3628/4026/3635 3625/4018/3627 3626/4020/3629
f 3635/4027/3636 3636/4028/3637 3621/4012/3621 3619/4011/3620
f 3623/4014/3623 3637/4029/3638 3628/4026/3635 3610/4008/3617
f 3636/4028/3637 3634/4030/3639 3617/4016/3625 3621/4012/3621
f 3634/4030/3639 3637/4029/3638 3623/4014/3623 3617/4016/3625
f 3625/4031/3627 3638/4032/3640 3629/4033/3628
f 3638/4032/3640 3639/4034/3641 3629/4033/3628
f 3632/4035/3632 3629/4033/3628 3639/4034/3641 3642/4036/3642
f 3642/4036/3642 3643/4037/3643 3633/4038/3633 3632/4035/3632
f 3639/4034/3641 3638/4032/3640 3641/4039/3644
f 3641/4039/3644 3638/4032/3640 3640/4040/3645
f 3640/4040/3645 3638/4032/3640 3625/4031/3627 3628/4041/3635
f 3635/4042/3636 3645/4043/3646 3646/4044/3647 3636/4045/3637
f 3647/4046/3648 3640/4040/3645 3628/4041/3635 3637/4047/3638
f 3636/4045/3637 3646/4044/3647 3644/4048/3649 3634/4049/3639
f 3634/4049/3639 3644/4048/3649 3647/4046/3648 3637/4047/3638
f 3606/3999/3608 3612/4001/3610 3648/4050/3650
f 3648/4050/3650 3612/4001/3610 3649/4051/3651
f 3615/4003/3612 3650/4052/3652 3649/4051/3651 3612/4001/3610
f 3650/4052/3652 3615/4003/3612 3616/4006/3615 3651/4053/3653
f 3640/4040/3645 3648/4050/3650 3641/4039/3644
f 3641/4039/3644 3648/4050/3650 3649/4051/3651
f 3640/4040/3645 3609/4009/3618 3606/3999/3608 3648/4050/3650
f 3620/4010/3619 3622/4013/3622 3646/4044/3647 3645/4043/3646
f 3647/4046/3648 3624/4015/3624 3609/4009/3618 3640/4040/3645
f 3622/4013/3622 3618/4017/3626 3644/4048/3649 3646/4044/3647
f 3618/4017/3626 3624/4015/3624 3647/4046/3648 3644/4048/3649
f 3633/4038/3633 3643/4037/3643 3651/4053/3653 3616/4006/3615
f 3613/4004/3613 3608/4002/3611 3653/4054/3654
f 3642/4036/3642 3639/4034/3641 3652/4055/3655
f 3651/4053/3653 3652/4055/3655 3650/4052/3652
f 3652/4055/3655 3639/4034/3641 3641/4039/3644 3649/4051/3651
f 3650/4052/3652 3652/4055/3655 3649/4051/3651
f 3653/4054/3654 3608/4002/3611 3611/4007/3616 3627/4021/3630
f 3632/4023/3632 3630/4022/3631 3627/4021/3630 3629/4019/3628
f 3630/4022/3631 3653/4054/3654 3627/4021/3630
f 3631/4025/3634 3653/4054/3654 3630/4022/3631
f 3613/4004/3613 3653/4054/3654 3614/4005/3614
f 3614/4005/3614 3653/4054/3654 3631/4025/3634
f 3643/4037/3643 3652/4055/3655 3651/4053/3653
f 3642/4036/3642 3652/4055/3655 3643/4037/3643
f 3619/4056/3620 3620/4057/3619 3645/4043/3646 3635/4042/3636
f 3633//3633 3616//3615 3614//3614 3631//3634
s 117
f 3654/4058/3656 3660/4059/3657 3659/4060/3658 3658/4061/3659
f 3655/4062/3660 3661/4063/3661 3692/4064/3662 3691/4065/3663
f 3656/4066/3664 3662/4067/3665 3696/4068/3666 3695/4069/3667
f 3657/4070/3668 3663/4071/3669 3700/4072/3670 3699/4073/3671
f 3665/4074/3672 3663/4071/3669 3657/4070/3668 3664/4075/3673
f 3664/4075/3673 3666/4076/3674 3665/4074/3672
f 3667/4077/3675 3665/4074/3672 3666/4076/3674
f 3666/4076/3674 3668/4078/3676 3667/4077/3675
f 3669/4079/3677 3667/4077/3675 3668/4078/3676
f 3670/4080/3678 3669/4079/3677 3668/4078/3676
f 3671/4081/3679 3669/4079/3677 3670/4080/3678
f 3654/4058/3656 3658/4061/3659 3672/4082/3680 3673/4083/3681
f 3655/4062/3660 3691/4065/3663 3694/4084/3682 3674/4085/3683
f 3656/4066/3664 3695/4069/3667 3698/4086/3684 3675/4087/3685
f 3657/4070/3668 3699/4073/3671 3702/4088/3686 3676/4089/3687
f 3677/4090/3688 3664/4075/3673 3657/4070/3668 3676/4089/3687
f 3664/4075/3673 3677/4090/3688 3666/4076/3674
f 3678/4091/3689 3666/4076/3674 3677/4090/3688
f 3666/4076/3674 3678/4091/3689 3668/4078/3676
f 3679/4092/3690 3668/4078/3676 3678/4091/3689
f 3670/4080/3678 3668/4078/3676 3679/4092/3690
f 3680/4093/3691 3670/4080/3678 3679/4092/3690
f 3681/4094/3692 3673/4083/3681 3672/4082/3680 3685/4095/3693
f 3682/4096/3694 3674/4085/3683 3694/4084/3682 3693/4097/3695
f 3683/4098/3696 3675/4087/3685 3698/4086/3684 3697/4099/3697
f 3684/4100/3698 3676/4089/3687 3702/4088/3686 3701/4101/3699
f 3677/4090/3688 3676/4089/3687 3684/4100/3698 3686/4102/3700
f 3686/4102/3700 3687/4103/3701 3677/4090/3688
f 3678/4091/3689 3677/4090/3688 3687/4103/3701
f 3687/4103/3701 3688/4104/3702 3678/4091/3689
f 3679/4092/3690 3678/4091/3689 3688/4104/3702
f 3689/4105/3703 3679/4092/3690 3688/4104/3702
f 3680/4093/3691 3679/4092/3690 3689/4105/3703
f 3681/4106/3692 3685/4107/3693 3659/4060/3658 3660/4059/3657
f 3682/4108/3694 3693/4109/3695 3692/4064/3662 3661/4063/3661
f 3683/4110/3696 3697/4111/3697 3696/4068/3666 3662/4067/3665
f 3684/4112/3698 3701/4113/3699 3700/4072/3670 3663/4071/3669
f 3665/4074/3672 3686/4114/3700 3684/4112/3698 3663/4071/3669
f 3686/4114/3700 3665/4074/3672 3687/4115/3701
f 3667/4077/3675 3687/4115/3701 3665/4074/3672
f 3687/4115/3701 3667/4077/3675 3688/4116/3702
f 3669/4079/3677 3688/4116/3702 3667/4077/3675
f 3689/4117/3703 3688/4116/3702 3669/4079/3677
f 3671/4081/3679 3689/4117/3703 3669/4079/3677
f 3659/4060/3658 3690/4118/3704 3658/4061/3659
f 3658/4061/3659 3690/4118/3704 3672/4082/3680
f 3672/4082/3680 3690/4118/3704 3685/4095/3693
f 3685/4107/3693 3690/4118/3704 3659/4060/3658
f 3691/4065/3663 3692/4064/3662 3660/4059/3657 3654/4058/3656
f 3693/4109/3695 3681/4106/3692 3660/4059/3657 3692/4064/3662
f 3694/4084/3682 3673/4083/3681 3681/4094/3692 3693/4097/3695
f 3691/4065/3663 3654/4058/3656 3673/4083/3681 3694/4084/3682
f 3695/4069/3667 3696/4068/3666 3661/4063/3661 3655/4062/3660
f 3697/4111/3697 3682/4108/3694 3661/4063/3661 3696/4068/3666
f 3698/4086/3684 3674/4085/3683 3682/4096/3694 3697/4099/3697
f 3695/4069/3667 3655/4062/3660 3674/4085/3683 3698/4086/3684
f 3699/4073/3671 3700/4072/3670 3662/4067/3665 3656/4066/3664
f 3701/4113/3699 3683/4110/3696 3662/4067/3665 3700/4072/3670
f 3702/4088/3686 3675/4087/3685 3683/4098/3696 3701/4101/3699
f 3699/4073/3671 3656/4066/3664 3675/4087/3685 3702/4088/3686
s 121
f 3711/4119/3705 3712/4120/3706 3706/4121/3707 3705/4122/3708
f 3711/4119/3705 3704/4123/3709 3703/4124/3710 3712/4120/3706
f 3707/4125/3711 3710/4126/3712 3708/4127/3713
f 3705/4122/3708 3713/4128/3714 3704/4123/3709 3711/4119/3705
f 3710/4126/3712 3707/4125/3711 3705/4122/3708 3706/4121/3707
f 3716/4129/3715 3714/4130/3716 3715/4131/3717 3713/4128/3714
f 3707/4125/3711 3716/4129/3715 3713/4128/3714 3705/4122/3708
f 3710/4126/3712 3709/4132/3718 3708/4127/3713
f 3721/4133/3719 3718/4134/3720 3706/4121/3707 3712/4120/3706
f 3721/4133/3719 3712/4120/3706 3703/4124/3710 3717/4135/3721
f 3719/4136/3722 3720/4137/3723 3710/4126/3712
f 3718/4134/3720 3721/4133/3719 3717/4135/3721 3722/4138/3724
f 3710/4126/3712 3706/4121/3707 3718/4134/3720 3719/4136/3722
f 3725/4139/3725 3722/4138/3724 3724/4140/3726 3723/4141/3727
f 3719/4136/3722 3718/4134/3720 3722/4138/3724 3725/4139/3725
f 3710/4126/3712 3720/4137/3723 3709/4132/3718
f 3734/4142/3728 3735/4143/3729 3729/4144/3730 3728/4145/3731
f 3734/4142/3728 3727/4146/3732 3726/4147/3733 3735/4143/3729
f 3730/4148/3734 3733/4149/3735 3731/4150/3736
f 3728/4145/3731 3736/4151/3737 3727/4146/3732 3734/4142/3728
f 3733/4149/3735 3730/4148/3734 3728/4145/3731 3729/4144/3730
f 3737/4152/3738 3723/4141/3727 3724/4140/3726 3736/4151/3737
f 3730/4148/3734 3737/4152/3738 3736/4151/3737 3728/4145/3731
f 3733/4149/3735 3732/4153/3739 3731/4150/3736
f 3742/4154/3740 3739/4155/3741 3729/4156/3730 3735/4157/3729
f 3742/4154/3740 3735/4157/3729 3726/4158/3733 3738/4159/3742
f 3740/4160/3743 3741/4161/3744 3733/4162/3735
f 3739/4155/3741 3742/4154/3740 3738/4159/3742 3743/4163/3745
f 3733/4162/3735 3729/4156/3730 3739/4155/3741 3740/4160/3743
f 3744/4164/3746 3743/4163/3745 3715/4131/3717 3714/4130/3716
f 3740/4160/3743 3739/4155/3741 3743/4163/3745 3744/4164/3746
f 3733/4162/3735 3741/4161/3744 3732/4165/3739
f 3704/4123/3709 3738/4159/3742 3726/4158/3733 3703/4124/3710
f 3703/4124/3710 3726/4147/3733 3727/4146/3732 3717/4135/3721
f 3714//3716 3716//3715 3707//3711 3745//3747
f 3745//3747 3707//3711 3708//3713
f 3741//3744 3708//3713 3709//3718 3732//3739
f 3746//3748 3723//3727 3737//3738 3730//3734
f 3746//3748 3730//3734 3731//3736
f 3709//3718 3720//3723 3731//3736 3732//3739
f 3744//3746 3714//3716 3745//3747 3740//3743
f 3745//3747 3708//3713 3741//3744
f 3740//3743 3745//3747 3741//3744
f 3719//3722 3725//3725 3723//3727 3746//3748
f 3720//3723 3746//3748 3731//3736
f 3720//3723 3719//3722 3746//3748
s 126
f 3747/4166/3749 3753/4167/3750 3748/4168/3751
f 3748/4168/3751 3753/4167/3750 3749/4169/3752
f 3756/4170/3753 3754/4171/3754 3749/4169/3752 3753/4167/3750
f 3754/4171/3754 3756/4170/3753 3757/4172/3755 3755/4173/3756
f 3749/4169/3752 3752/4174/3757 3748/4168/3751
f 3752/4174/3757 3751/4175/3758 3748/4168/3751
f 3751/4175/3758 3750/4176/3759 3747/4166/3749 3748/4168/3751
f 3761/4177/3760 3763/4178/3761 3762/4179/3762 3760/4180/3763
f 3764/4181/3764 3765/4182/3765 3750/4176/3759 3751/4175/3758
f 3763/4178/3761 3759/4183/3766 3758/4184/3767 3762/4179/3762
f 3759/4183/3766 3765/4182/3765 3764/4181/3764 3758/4184/3767
f 3766/4185/3768 3767/4186/3769 3770/4187/3770
f 3767/4186/3769 3768/4188/3771 3770/4187/3770
f 3771/4189/3772 3772/4190/3773 3774/4191/3774 3773/4192/3775
f 3751/4175/3758 3752/4174/3757 3767/4186/3769
f 3752/4174/3757 3768/4188/3771 3767/4186/3769
f 3751/4175/3758 3767/4186/3769 3766/4185/3768 3769/4193/3776
f 3776/4194/3777 3760/4180/3763 3762/4179/3762 3777/4195/3778
f 3764/4181/3764 3751/4175/3758 3769/4193/3776 3778/4196/3779
f 3777/4195/3778 3762/4179/3762 3758/4184/3767 3775/4197/3780
f 3775/4197/3780 3758/4184/3767 3764/4181/3764 3778/4196/3779
f 3766/4198/3768 3770/4199/3770 3779/4200/3781
f 3779/4200/3781 3770/4199/3770 3780/4201/3782
f 3773/4202/3775 3783/4203/3783 3780/4201/3782 3770/4199/3770
f 3783/4203/3783 3773/4202/3775 3774/4204/3774 3784/4205/3784
f 3780/4201/3782 3782/4206/3785 3779/4200/3781
f 3782/4206/3785 3781/4207/3786 3779/4200/3781
f 3781/4207/3786 3769/4208/3776 3766/4198/3768 3779/4200/3781
f 3776/4209/3777 3777/4210/3778 3787/4211/3787 3786/4212/3788
f 3788/4213/3789 3778/4214/3779 3769/4208/3776 3781/4207/3786
f 3777/4210/3778 3775/4215/3780 3785/4216/3790 3787/4211/3787
f 3775/4215/3780 3778/4214/3779 3788/4213/3789 3785/4216/3790
f 3747/4166/3749 3789/4217/3791 3753/4167/3750
f 3789/4217/3791 3790/4218/3792 3753/4167/3750
f 3756/4170/3753 3753/4167/3750 3790/4218/3792 3791/4219/3793
f 3791/4219/3793 3792/4220/3794 3757/4172/3755 3756/4170/3753
f 3781/4207/3786 3782/4206/3785 3789/4217/3791
f 3782/4206/3785 3790/4218/3792 3789/4217/3791
f 3781/4207/3786 3789/4217/3791 3747/4166/3749 3750/4176/3759
f 3761/4177/3760 3786/4212/3788 3787/4211/3787 3763/4178/3761
f 3788/4213/3789 3781/4207/3786 3750/4176/3759 3765/4182/3765
f 3763/4178/3761 3787/4211/3787 3785/4216/3790 3759/4183/3766
f 3759/4183/3766 3785/4216/3790 3788/4213/3789 3765/4182/3765
f 3774/4204/3774 3757/4172/3755 3792/4220/3794 3784/4205/3784
f 3754/4171/3754 3794/4221/3795 3749/4169/3752
f 3783/4203/3783 3793/4222/3796 3780/4201/3782
f 3792/4220/3794 3791/4219/3793 3793/4222/3796
f 3793/4222/3796 3790/4218/3792 3782/4206/3785 3780/4201/3782
f 3791/4219/3793 3790/4218/3792 3793/4222/3796
f 3794/4221/3795 3768/4188/3771 3752/4174/3757 3749/4169/3752
f 3773/4192/3775 3770/4187/3770 3768/4188/3771 3771/4189/3772
f 3771/4189/3772 3768/4188/3771 3794/4221/3795
f 3772/4190/3773 3771/4189/3772 3794/4221/3795
f 3754/4171/3754 3755/4173/3756 3794/4221/3795
f 3755/4173/3756 3772/4190/3773 3794/4221/3795
f 3784/4205/3784 3792/4220/3794 3793/4222/3796
f 3783/4203/3783 3784/4205/3784 3793/4222/3796
f 3760/4223/3763 3776/4209/3777 3786/4212/3788 3761/4224/3760
f 3774//3774 3772//3773 3755//3756 3757//3755
s 130
f 3805/4225/3797 3798/4226/3798 3799/4227/3799 3804/4228/3800
f 3803/4229/3801 3804/4228/3800 3799/4227/3799 3800/4230/3802
f 3800/4230/3802 3799/4227/3799 3798/4226/3798 3797/4231/3803
f 3800/4230/3802 3797/4231/3803 3809/4232/3804
s off
f 3813/4233/3805 3795/4234/3806 3816/4235/3807
s 130
f 3809/4232/3804 3797/4231/3803 3812/4236/3808 3815/4237/3809
s off
f 3819/4238/3810 3806/4239/3811 3822/4240/3812
s 130
f 3810/4241/3813 3818/4242/3814 3821/4243/3815 3808/4244/3816
f 3805/4225/3797 3804/4228/3800 3803/4229/3801 3808/4244/3816
f 3808/4244/3816 3803/4229/3801 3810/4241/3813
f 3803/4229/3801 3800/4230/3802 3809/4232/3804 3810/4241/3813
f 3810/4241/3813 3809/4232/3804 3801/4245/3817 3802/4246/3818
f 3805/4247/3797 3808/4248/3816 3797/4231/3803 3798/4226/3798
f 3808/4248/3816 3807/4249/3819 3796/4250/3820 3797/4231/3803
s off
f 3811//3821 3820//3822 3817//3823 3814//3824
s 132
f 3833/4251/3825 3832/4252/3826 3827/4253/3827 3826/4254/3828
f 3831/4255/3829 3828/4256/3830 3827/4253/3827 3832/4252/3826
f 3828/4256/3830 3825/4257/3831 3826/4254/3828 3827/4253/3827
f 3828/4256/3830 3837/4258/3832 3825/4257/3831
s off
f 3841/4259/3833 3844/4260/3834 3823/4261/3835
s 132
f 3837/4258/3832 3843/4262/3836 3840/4263/3837 3825/4257/3831
s off
f 3847/4264/3838 3850/4265/3839 3834/4266/3840
s 132
f 3838/4267/3841 3836/4268/3842 3849/4269/3843 3846/4270/3844
f 3833/4251/3825 3836/4268/3842 3831/4255/3829 3832/4252/3826
f 3836/4268/3842 3838/4267/3841 3831/4255/3829
f 3831/4255/3829 3838/4267/3841 3837/4258/3832 3828/4256/3830
f 3838/4267/3841 3830/4271/3845 3829/4272/3846 3837/4258/3832
f 3833/4273/3825 3826/4254/3828 3825/4257/3831 3836/4274/3842
f 3836/4274/3842 3825/4257/3831 3824/4275/3847 3835/4276/3848
s off
f 3848//3849 3839//3850 3842//3851 3845//3852
s 134
f 3855/4277/3853 3851/4278/3854 3859/4279/3855 3860/4280/3856
f 3856/4281/3857 3855/4277/3853 3860/4280/3856 3861/4282/3858
f 3857/4283/3859 3856/4281/3857 3861/4282/3858 3862/4284/3860
f 3858/4285/3861 3857/4283/3859 3862/4284/3860 3863/4286/3862
f 3852/4287/3863 3865/4288/3864 3859/4279/3855 3851/4278/3854
f 3853/4289/3865 3866/4290/3866 3865/4288/3864 3852/4287/3863
f 3854/4291/3867 3867/4292/3868 3866/4290/3866 3853/4289/3865
f 3864/4293/3869 3868/4294/3870 3867/4292/3868 3854/4291/3867
s 135
f 3887/4295/3871 3894/4296/3872 3893/4297/3873
f 3882/4298/3874 3883/4299/3875 3886/4300/3876
f 3879/4301/3877 3886/4300/3876 3887/4295/3871 3888/4302/3878
f 3892/4303/3879 3889/4304/3880 3888/4302/3878
f 3893/4297/3873 3894/4296/3872 3895/4305/3881
f 3896/4306/3882 3895/4305/3881 3894/4296/3872
f 3896/4306/3882 3894/4296/3872 3887/4295/3871
f 3896/4306/3882 3887/4295/3871 3886/4300/3876 3885/4307/3883
f 3885/4307/3883 3886/4300/3876 3883/4299/3875
f 3897/4308/3884 3898/4309/3885 3901/4310/3886
f 3897/4308/3884 3901/4310/3886 3895/4305/3881 3896/4306/3882
f 3897/4308/3884 3896/4306/3882 3885/4307/3883 3912/4311/3887
f 3916/4312/3888 3912/4311/3887 3914/4313/3889
f 3914/4313/3889 3912/4311/3887 3913/4314/3890
f 3915/4315/3891 3914/4313/3889 3913/4314/3890
f 3916/4312/3888 3914/4313/3889 3915/4315/3891
f 3899/4316/3892 3898/4309/3885 3897/4308/3884
f 3899/4316/3892 3897/4308/3884 3912/4311/3887 3916/4312/3888
f 3898/4309/3885 3899/4316/3892 3900/4317/3893
f 3900/4317/3893 3901/4310/3886 3898/4309/3885
f 3921/4318/3894 3918/4319/3895 3917/4320/3896
f 3916/4312/3888 3915/4315/3891 3921/4318/3894 3917/4320/3896
f 3932/4321/3897 3899/4316/3892 3916/4312/3888 3917/4320/3896
f 3932/4321/3897 3935/4322/3898 3900/4317/3893 3899/4316/3892
f 3922/4323/3899 3921/4318/3894 3915/4315/3891 3928/4324/3900
f 3915/4315/3891 3913/4314/3890 3929/4325/3901 3928/4324/3900
f 3932/4321/3897 3936/4326/3902 3935/4322/3898
f 3905/4327/3903 3902/4328/3904 3903/4329/3905
f 3903/4329/3905 3900/4317/3893 3935/4322/3898 3942/4330/3906
f 3902/4328/3904 3901/4310/3886 3900/4317/3893 3903/4329/3905
f 3909/4331/3907 3895/4305/3881 3901/4310/3886 3902/4328/3904
f 3905/4327/3903 3906/4332/3908 3902/4328/3904
f 3888/4302/3878 3887/4295/3871 3893/4297/3873 3892/4303/3879
f 3910/4333/3909 3909/4331/3907 3908/4334/3910
f 3893/4297/3873 3895/4305/3881 3909/4331/3907 3910/4333/3909
f 3949/4335/3911 3892/4303/3879 3893/4297/3873 3910/4333/3909
f 3931/4336/3912 3928/4324/3900 3929/4325/3901
f 3884/4337/3913 3883/4299/3875 3882/4298/3874
f 3885/4307/3883 3883/4299/3875 3884/4337/3913
f 3913/4314/3890 3912/4311/3887 3885/4307/3883 3884/4337/3913
f 3939/4338/3914 3929/4325/3901 3913/4314/3890 3884/4337/3913
f 3937/4339/3915 3939/4338/3914 3940/4340/3916
f 3940/4340/3916 3939/4338/3914 3884/4337/3913 3882/4298/3874
f 3871/4341/3917 3940/4340/3916 3882/4298/3874 3880/4342/3918
f 3880/4342/3918 3879/4301/3877 3881/4343/3919
f 3882/4298/3874 3886/4300/3876 3879/4301/3877 3880/4342/3918
f 3877/4344/3920 3880/4342/3918 3881/4343/3919
f 3869/4345/3921 3871/4341/3917 3872/4346/3922
f 3872/4346/3922 3871/4341/3917 3880/4342/3918 3877/4344/3920
f 3926/4347/3923 3925/4348/3924 3922/4323/3899
f 3869/4345/3921 3872/4346/3922 3873/4349/3925
f 3871/4341/3917 3869/4345/3921 3870/4350/3926
f 3870/4350/3926 3869/4345/3921 3873/4349/3925
f 3870/4350/3926 3873/4349/3925 3952/4351/3927 3953/4352/3928
f 3937/4339/3915 3940/4340/3916 3941/4353/3929
f 3941/4353/3929 3940/4340/3916 3871/4341/3917 3870/4350/3926
f 3938/4354/3930 3937/4339/3915 3941/4353/3929
f 3939/4338/3914 3937/4339/3915 3938/4354/3930
f 3938/4354/3930 3941/4353/3929 3954/4355/3931 3955/4356/3932
f 3931/4336/3912 3929/4325/3901 3930/4357/3933
f 3930/4357/3933 3929/4325/3901 3939/4338/3914 3938/4354/3930
f 3927/4358/3934 3928/4324/3900 3931/4336/3912
f 3927/4358/3934 3931/4336/3912 3930/4357/3933
f 3927/4358/3934 3930/4357/3933 3956/4359/3935 3957/4360/3936
f 3922/4323/3899 3928/4324/3900 3927/4358/3934 3926/4347/3923
f 3878/4361/3937 3877/4344/3920 3881/4343/3919
f 3881/4343/3919 3879/4301/3877 3878/4361/3937
f 3878/4361/3937 3879/4301/3877 3888/4302/3878 3890/4362/3938
f 3888/4302/3878 3889/4304/3880 3890/4362/3938
f 3891/4363/3939 3890/4362/3938 3889/4304/3880
f 3889/4304/3880 3892/4303/3879 3891/4363/3939
f 3966/4364/3940 3965/4365/3941 3890/4362/3938 3891/4363/3939
f 3891/4363/3939 3892/4303/3879 3949/4335/3911 3947/4366/3942
f 3949/4335/3911 3948/4367/3943 3947/4366/3942
f 3967/4368/3944 3966/4364/3940 3891/4363/3939 3947/4366/3942
f 3968/4369/3945 3967/4368/3944 3947/4366/3942 3951/4370/3946
f 3947/4366/3942 3948/4367/3943 3951/4370/3946
f 3948/4367/3943 3949/4335/3911 3950/4371/3947
f 3950/4371/3947 3951/4370/3946 3948/4367/3943
f 3950/4371/3947 3949/4335/3911 3910/4333/3909 3911/4372/3948
f 3911/4372/3948 3910/4333/3909 3908/4334/3910
f 3911/4372/3948 3908/4334/3910 3907/4373/3949
f 3907/4373/3949 3908/4334/3910 3909/4331/3907
f 3957/4360/3936 3956/4359/3935 3959/4374/3950 3958/4375/3951
f 3961/4376/3952 3960/4377/3953 3955/4356/3932 3954/4355/3931
f 3971/4378/3954 3972/4379/3955 3960/4377/3953 3961/4376/3952
f 3971/4378/3954 3911/4380/3948 3907/4381/3949 3972/4379/3955
f 3969/4382/3956 3970/4383/3957 3962/4384/3958 3963/4385/3959
f 3969/4382/3956 3951/4386/3946 3950/4387/3947 3970/4383/3957
f 3906/4332/3908 3907/4373/3949 3909/4331/3907 3902/4328/3904
f 3905/4327/3903 3903/4329/3905 3904/4388/3960
f 3906/4332/3908 3905/4327/3903 3904/4388/3960
f 3974/4389/3961 3973/4390/3962 3906/4391/3908 3904/4392/3960
f 3958/4375/3951 3959/4374/3950 3973/4390/3962 3974/4389/3961
f 3942/4330/3906 3943/4393/3963 3946/4394/3964
f 3904/4388/3960 3903/4329/3905 3942/4330/3906 3946/4394/3964
f 3945/4395/3965 3946/4394/3964 3943/4393/3963
f 3945/4395/3965 3943/4393/3963 3944/4396/3966
f 3944/4396/3966 3943/4393/3963 3942/4330/3906
f 3934/4397/3967 3935/4322/3898 3936/4326/3902
f 3944/4396/3966 3942/4330/3906 3935/4322/3898 3934/4397/3967
f 3936/4326/3902 3932/4321/3897 3933/4398/3968
f 3933/4398/3968 3934/4397/3967 3936/4326/3902
f 3917/4320/3896 3918/4319/3895 3919/4399/3969
f 3933/4398/3968 3932/4321/3897 3917/4320/3896 3919/4399/3969
f 3920/4400/3970 3919/4399/3969 3918/4319/3895
f 3918/4319/3895 3921/4318/3894 3920/4400/3970
f 3920/4400/3970 3921/4318/3894 3922/4323/3899 3923/4401/3971
f 3923/4401/3971 3922/4323/3899 3925/4348/3924
f 3876/4402/3972 3875/4403/3973 3872/4346/3922 3877/4344/3920
f 3876/4402/3972 3877/4344/3920 3878/4361/3937 3964/4404/3974
f 3964/4404/3974 3878/4361/3937 3890/4362/3938 3965/4365/3941
f 3874/4405/3975 3873/4349/3925 3872/4346/3922 3875/4403/3973
f 3963/4385/3959 3962/4384/3958 3953/4352/3928 3952/4351/3927
f 3924/4406/3976 3923/4401/3971 3925/4348/3924
f 3924/4406/3976 3925/4348/3924 3926/4347/3923
f 3976/4407/3977 3975/4408/3978 3945/4395/3965 3944/4396/3966
f 3977/4409/3979 3976/4407/3977 3944/4396/3966 3934/4397/3967
f 3978/4410/3980 3977/4409/3979 3934/4397/3967 3933/4398/3968
f 3979/4411/3981 3978/4410/3980 3933/4398/3968 3919/4399/3969
f 3980/4412/3982 3979/4411/3981 3919/4399/3969 3920/4400/3970
f 3981/4413/3983 3980/4412/3982 3920/4400/3970 3923/4401/3971
f 3981/4413/3983 3923/4401/3971 3924/4406/3976 3982/4414/3984
s 145
f 3991/4415/3985 3986/4416/3986 3985/4417/3987 3990/4418/3988
f 3990/4418/3988 3985/4417/3987 3984/4419/3989 3989/4420/3990
f 3987/4421/3991 3983/4422/3992 3984/4419/3989 3985/4417/3987
f 3997/4423/3993 3983/4422/3992 3987/4421/3991 3999/4424/3994
f 3989/4420/3990 3984/4419/3989 3983/4422/3992 3997/4423/3993
f 3996/4425/3995 3989/4420/3990 3997/4423/3993 3998/4426/3996
f 3986/4416/3986 3991/4415/3985 3992/4427/3997 3993/4428/3998
f 4014/4429/3999 4013/4430/4000 3993/4428/3998 3992/4427/3997
f 3992/4427/3997 4016/4431/4001 4015/4432/4002 4014/4429/3999
f 4012/4433/4003 4014/4429/3999 4015/4432/4002 4011/4434/4004
f 4010/4435/4005 4013/4430/4000 4014/4429/3999 4012/4433/4003
f 4009/4436/4006 4002/4437/4007 4012/4438/4003 4011/4439/4004
f 4009/4440/4006 4011/4441/4004 4015/4442/4002 4016/4443/4001
f 4008/4444/4008 4009/4440/4006 4016/4443/4001 4007/4445/4009
f 3994/4446/4010 3990/4418/3988 3989/4420/3990 3996/4425/3995
f 3994/4447/4010 3996/4448/3995 3998/4449/3996 4006/4450/4011
f 3998/4426/3996 3997/4423/3993 3999/4424/3994 4006/4451/4011
f 3990/4418/3988 3994/4446/4010 3995/4452/4012
f 3995/4453/4012 3994/4447/4010 4006/4450/4011 4004/4454/4013
f 4006/4451/4011 3999/4424/3994 4004/4455/4013
f 4004/4455/4013 3999/4424/3994 4000/4456/4014 4003/4457/4015
f 4003/4457/4015 4000/4456/4014 4002/4437/4007
f 4005/4458/4016 3995/4453/4012 4004/4454/4013 4003/4459/4015
f 4002/4437/4007 4009/4436/4006 4008/4460/4008 4003/4457/4015
f 4003/4459/4015 4008/4444/4008 4007/4445/4009 4005/4458/4016
f 3991/4415/3985 3990/4418/3988 3995/4452/4012 4005/4461/4016
f 3992/4427/3997 3991/4415/3985 4005/4461/4016
f 4005/4461/4016 4007/4462/4009 4016/4431/4001 3992/4427/3997
f 3988/4463/4017 3987/4421/3991 3985/4417/3987 3986/4416/3986
f 4000/4456/4014 3999/4424/3994 3987/4421/3991 3988/4463/4017
f 4001/4464/4018 4002/4437/4007 4000/4456/4014 3988/4463/4017
f 4010/4465/4005 4012/4438/4003 4002/4437/4007 4001/4464/4018
s 146
f 4017/4466/4019 4020/4467/4020 4021/4468/4021 4022/4469/4022
f 4020/4467/4020 4017/4466/4019 4018/4470/4023 4023/4471/4024
f 4023/4471/4024 4018/4470/4023 4019/4472/4025 4024/4473/4026
f 4019/4472/4025 4025/4474/4027 4026/4475/4028 4024/4473/4026
s 147
f 4027/4476/4029 4028/4477/4030 4029/4478/4031 4030/4479/4032
f 4032/4480/4033 4031/4481/4034 4030/4479/4032 4029/4478/4031
f 4034/4482/4035 4033/4483/4036 4031/4481/4034 4032/4480/4033
f 4034/4482/4035 4035/4484/4037 4036/4485/4038 4033/4483/4036
s 148
f 4037/4486/4039 4038/4487/4040 4039/4488/4041 4040/4489/4042
f 4042/4490/4043 4041/4491/4044 4040/4489/4042 4039/4488/4041
f 4046/4492/4045 4043/4493/4046 4044/4494/4047 4045/4495/4048
f 4041/4491/4044 4042/4490/4043 4043/4493/4046 4046/4492/4045
s 149
f 4056/4496/4049 4057/4497/4050 4058/4498/4051 4047/4499/4052
f 4047/4499/4052 4058/4498/4051 4059/4500/4053 4052/4501/4054
f 4048/4502/4055 4047/4499/4052 4052/4501/4054 4051/4503/4056
f 4053/4504/4057 4060/4505/4058 4061/4506/4059 4062/4507/4060
f 4052/4501/4054 4059/4500/4053 4060/4505/4058 4053/4504/4057
f 4054/4508/4061 4053/4504/4057 4062/4507/4060 4063/4509/4062
f 4051/4503/4056 4052/4501/4054 4053/4504/4057 4054/4508/4061
f 4064/4510/4063 4056/4496/4049 4047/4499/4052 4048/4502/4055
f 4050/4511/4064 4049/4512/4065 4048/4502/4055 4051/4503/4056
f 4050/4511/4064 4051/4503/4056 4054/4508/4061 4055/4513/4066
f 4055/4513/4066 4054/4508/4061 4063/4509/4062 4065/4514/4067
f 4066/4515/4068 4064/4510/4063 4048/4502/4055 4049/4512/4065
s 150
f 4085/4516/4069 4091/4517/4070 4092/4518/4071
f 4080/4519/4072 4084/4520/4073 4081/4521/4074
f 4077/4522/4075 4086/4523/4076 4085/4516/4069 4084/4520/4073
f 4090/4524/4077 4086/4523/4076 4087/4525/4078
f 4091/4517/4070 4093/4526/4079 4092/4518/4071
f 4094/4527/4080 4092/4518/4071 4093/4526/4079
f 4094/4527/4080 4085/4516/4069 4092/4518/4071
f 4094/4527/4080 4083/4528/4081 4084/4520/4073 4085/4516/4069
f 4083/4528/4081 4081/4521/4074 4084/4520/4073
f 4095/4529/4082 4099/4530/4083 4096/4531/4084
f 4095/4529/4082 4094/4527/4080 4093/4526/4079 4099/4530/4083
f 4095/4529/4082 4110/4532/4085 4083/4528/4081 4094/4527/4080
f 4114/4533/4086 4112/4534/4087 4110/4532/4085
f 4112/4534/4087 4111/4535/4088 4110/4532/4085
f 4113/4536/4089 4111/4535/4088 4112/4534/4087
f 4114/4533/4086 4113/4536/4089 4112/4534/4087
f 4097/4537/4090 4095/4529/4082 4096/4531/4084
f 4097/4537/4090 4114/4533/4086 4110/4532/4085 4095/4529/4082
f 4096/4531/4084 4098/4538/4091 4097/4537/4090
f 4098/4538/4091 4096/4531/4084 4099/4530/4083
f 4119/4539/4092 4115/4540/4093 4116/4541/4094
f 4114/4533/4086 4115/4540/4093 4119/4539/4092 4113/4536/4089
f 4130/4542/4095 4115/4540/4093 4114/4533/4086 4097/4537/4090
f 4130/4542/4095 4097/4537/4090 4098/4538/4091 4133/4543/4096
f 4120/4544/4097 4126/4545/4098 4113/4536/4089 4119/4539/4092
f 4113/4536/4089 4126/4545/4098 4127/4546/4099 4111/4535/4088
f 4130/4542/4095 4133/4543/4096 4134/4547/4100
f 4103/4548/4101 4101/4549/4102 4100/4550/4103
f 4101/4549/4102 4140/4551/4104 4133/4543/4096 4098/4538/4091
f 4100/4550/4103 4101/4549/4102 4098/4538/4091 4099/4530/4083
f 4107/4552/4105 4100/4550/4103 4099/4530/4083 4093/4526/4079
f 4103/4548/4101 4100/4550/4103 4104/4553/4106
f 4086/4523/4076 4090/4524/4077 4091/4517/4070 4085/4516/4069
f 4108/4554/4107 4106/4555/4108 4107/4552/4105
f 4091/4517/4070 4108/4554/4107 4107/4552/4105 4093/4526/4079
f 4147/4556/4109 4108/4554/4107 4091/4517/4070 4090/4524/4077
f 4129/4557/4110 4127/4546/4099 4126/4545/4098
f 4082/4558/4111 4080/4519/4072 4081/4521/4074
f 4083/4528/4081 4082/4558/4111 4081/4521/4074
f 4111/4535/4088 4082/4558/4111 4083/4528/4081 4110/4532/4085
f 4137/4559/4112 4082/4558/4111 4111/4535/4088 4127/4546/4099
f 4135/4560/4113 4138/4561/4114 4137/4559/4112
f 4138/4561/4114 4080/4519/4072 4082/4558/4111 4137/4559/4112
f 4069/4562/4115 4078/4563/4116 4080/4519/4072 4138/4561/4114
f 4078/4563/4116 4079/4564/4117 4077/4522/4075
f 4080/4519/4072 4078/4563/4116 4077/4522/4075 4084/4520/4073
f 4075/4565/4118 4079/4564/4117 4078/4563/4116
f 4067/4566/4119 4070/4567/4120 4069/4562/4115
f 4070/4567/4120 4075/4565/4118 4078/4563/4116 4069/4562/4115
f 4124/4568/4121 4120/4544/4097 4123/4569/4122
f 4067/4566/4119 4071/4570/4123 4070/4567/4120
f 4069/4562/4115 4068/4571/4124 4067/4566/4119
f 4068/4571/4124 4071/4570/4123 4067/4566/4119
f 4068/4571/4124 4151/4572/4125 4150/4573/4126 4071/4570/4123
f 4135/4560/4113 4139/4574/4127 4138/4561/4114
f 4139/4574/4127 4068/4571/4124 4069/4562/4115 4138/4561/4114
f 4136/4575/4128 4139/4574/4127 4135/4560/4113
f 4137/4559/4112 4136/4575/4128 4135/4560/4113
f 4136/4575/4128 4153/4576/4129 4152/4577/4130 4139/4574/4127
f 4129/4557/4110 4128/4578/4131 4127/4546/4099
f 4128/4578/4131 4136/4575/4128 4137/4559/4112 4127/4546/4099
f 4125/4579/4132 4129/4557/4110 4126/4545/4098
f 4125/4579/4132 4128/4578/4131 4129/4557/4110
f 4125/4579/4132 4155/4580/4133 4154/4581/4134 4128/4578/4131
f 4120/4544/4097 4124/4568/4121 4125/4579/4132 4126/4545/4098
f 4076/4582/4135 4079/4564/4117 4075/4565/4118
f 4079/4564/4117 4076/4582/4135 4077/4522/4075
f 4076/4582/4135 4088/4583/4136 4086/4523/4076 4077/4522/4075
f 4086/4523/4076 4088/4583/4136 4087/4525/4078
f 4089/4584/4137 4087/4525/4078 4088/4583/4136
f 4087/4525/4078 4089/4584/4137 4090/4524/4077
f 4164/4585/4138 4089/4584/4137 4088/4583/4136 4163/4586/4139
f 4089/4584/4137 4145/4587/4140 4147/4556/4109 4090/4524/4077
f 4147/4556/4109 4145/4587/4140 4146/4588/4141
f 4165/4589/4142 4145/4587/4140 4089/4584/4137 4164/4585/4138
f 4166/4590/4143 4149/4591/4144 4145/4587/4140 4165/4589/4142
f 4145/4587/4140 4149/4591/4144 4146/4588/4141
f 4146/4588/4141 4148/4592/4145 4147/4556/4109
f 4148/4592/4145 4146/4588/4141 4149/4591/4144
f 4148/4592/4145 4109/4593/4146 4108/4554/4107 4147/4556/4109
f 4109/4593/4146 4106/4555/4108 4108/4554/4107
f 4109/4593/4146 4105/4594/4147 4106/4555/4108
f 4105/4594/4147 4107/4552/4105 4106/4555/4108
f 4155/4580/4133 4156/4595/4148 4157/4596/4149 4154/4581/4134
f 4159/4597/4150 4152/4577/4130 4153/4576/4129 4158/4598/4151
f 4169/4599/4152 4159/4597/4150 4158/4598/4151 4170/4600/4153
f 4169/4599/4152 4170/4600/4153 4105/4601/4147 4109/4602/4146
f 4167/4603/4154 4161/4604/4155 4160/4605/4156 4168/4606/4157
f 4167/4603/4154 4168/4606/4157 4148/4607/4145 4149/4608/4144
f 4104/4553/4106 4100/4550/4103 4107/4552/4105 4105/4594/4147
f 4103/4548/4101 4102/4609/4158 4101/4549/4102
f 4104/4553/4106 4102/4609/4158 4103/4548/4101
f 4172/4610/4159 4102/4611/4158 4104/4612/4106 4171/4613/4160
f 4156/4595/4148 4172/4610/4159 4171/4613/4160 4157/4596/4149
f 4140/4551/4104 4144/4614/4161 4141/4615/4162
f 4102/4609/4158 4144/4614/4161 4140/4551/4104 4101/4549/4102
f 4143/4616/4163 4141/4615/4162 4144/4614/4161
f 4143/4616/4163 4142/4617/4164 4141/4615/4162
f 4142/4617/4164 4140/4551/4104 4141/4615/4162
f 4132/4618/4165 4134/4547/4100 4133/4543/4096
f 4142/4617/4164 4132/4618/4165 4133/4543/4096 4140/4551/4104
f 4134/4547/4100 4131/4619/4166 4130/4542/4095
f 4131/4619/4166 4134/4547/4100 4132/4618/4165
f 4115/4540/4093 4117/4620/4167 4116/4541/4094
f 4131/4619/4166 4117/4620/4167 4115/4540/4093 4130/4542/4095
f 4118/4621/4168 4116/4541/4094 4117/4620/4167
f 4116/4541/4094 4118/4621/4168 4119/4539/4092
f 4118/4621/4168 4121/4622/4169 4120/4544/4097 4119/4539/4092
f 4121/4622/4169 4123/4569/4122 4120/4544/4097
f 4074/4623/4170 4075/4565/4118 4070/4567/4120 4073/4624/4171
f 4074/4623/4170 4162/4625/4172 4076/4582/4135 4075/4565/4118
f 4162/4625/4172 4163/4586/4139 4088/4583/4136 4076/4582/4135
f 4072/4626/4173 4073/4624/4171 4070/4567/4120 4071/4570/4123
f 4161/4604/4155 4150/4573/4126 4151/4572/4125 4160/4605/4156
f 4122/4627/4174 4123/4569/4122 4121/4622/4169
f 4122/4627/4174 4124/4568/4121 4123/4569/4122
f 4174/4628/4175 4142/4617/4164 4143/4616/4163 4173/4629/4176
f 4175/4630/4177 4132/4618/4165 4142/4617/4164 4174/4628/4175
f 4176/4631/4178 4131/4619/4166 4132/4618/4165 4175/4630/4177
f 4177/4632/4179 4117/4620/4167 4131/4619/4166 4176/4631/4178
f 4178/4633/4180 4118/4621/4168 4117/4620/4167 4177/4632/4179
f 4179/4634/4181 4121/4622/4169 4118/4621/4168 4178/4633/4180
f 4179/4634/4181 4180/4635/4182 4122/4627/4174 4121/4622/4169
s 159
f 4189/4636/4183 4188/4637/4184 4183/4638/4185 4184/4639/4186
f 4188/4637/4184 4187/4640/4187 4182/4641/4188 4183/4638/4185
f 4185/4642/4189 4183/4638/4185 4182/4641/4188 4181/4643/4190
f 4195/4644/4191 4197/4645/4192 4185/4642/4189 4181/4643/4190
f 4187/4640/4187 4195/4644/4191 4181/4643/4190 4182/4641/4188
f 4194/4646/4193 4196/4647/4194 4195/4644/4191 4187/4640/4187
f 4184/4639/4186 4191/4648/4195 4190/4649/4196 4189/4636/4183
f 4212/4650/4197 4190/4649/4196 4191/4648/4195 4211/4651/4198
f 4190/4649/4196 4212/4650/4197 4213/4652/4199 4214/4653/4200
f 4210/4654/4201 4209/4655/4202 4213/4652/4199 4212/4650/4197
f 4208/4656/4203 4210/4654/4201 4212/4650/4197 4211/4651/4198
f 4207/4657/4204 4209/4658/4202 4210/4659/4201 4200/4660/4205
f 4207/4661/4204 4214/4662/4200 4213/4663/4199 4209/4664/4202
f 4206/4665/4206 4205/4666/4207 4214/4662/4200 4207/4661/4204
f 4192/4667/4208 4194/4646/4193 4187/4640/4187 4188/4637/4184
f 4192/4668/4208 4204/4669/4209 4196/4670/4194 4194/4671/4193
f 4196/4647/4194 4204/4672/4209 4197/4645/4192 4195/4644/4191
f 4188/4637/4184 4193/4673/4210 4192/4667/4208
f 4193/4674/4210 4202/4675/4211 4204/4669/4209 4192/4668/4208
f 4204/4672/4209 4202/4676/4211 4197/4645/4192
f 4202/4676/4211 4201/4677/4212 4198/4678/4213 4197/4645/4192
f 4201/4677/4212 4200/4660/4205 4198/4678/4213
f 4203/4679/4214 4201/4680/4212 4202/4675/4211 4193/4674/4210
f 4200/4660/4205 4201/4677/4212 4206/4681/4206 4207/4657/4204
f 4201/4680/4212 4203/4679/4214 4205/4666/4207 4206/4665/4206
f 4189/4636/4183 4203/4682/4214 4193/4673/4210 4188/4637/4184
f 4190/4649/4196 4203/4682/4214 4189/4636/4183
f 4203/4682/4214 4190/4649/4196 4214/4653/4200 4205/4683/4207
f 4186/4684/4215 4184/4639/4186 4183/4638/4185 4185/4642/4189
f 4198/4678/4213 4186/4684/4215 4185/4642/4189 4197/4645/4192
f 4199/4685/4216 4186/4684/4215 4198/4678/4213 4200/4660/4205
f 4208/4686/4203 4199/4685/4216 4200/4660/4205 4210/4659/4201
s 160
f 4215/4687/4217 4216/4688/4218 4217/4689/4219 4218/4690/4220
f 4219/4691/4221 4217/4689/4219 4216/4688/4218 4220/4692/4222
f 4221/4693/4223 4219/4691/4221 4220/4692/4222 4222/4694/4224
f 4221/4693/4223 4222/4694/4224 4223/4695/4225 4224/4696/4226
s 161
f 4225/4697/4227 4226/4698/4228 4227/4699/4229 4228/4700/4230
f 4229/4701/4231 4227/4699/4229 4226/4698/4228 4230/4702/4232
f 4231/4703/4233 4232/4704/4234 4233/4705/4235 4234/4706/4236
f 4230/4702/4232 4231/4703/4233 4234/4706/4236 4229/4701/4231
s 162
f 4246/4707/4237 4235/4708/4238 4244/4709/4239 4245/4710/4240
f 4235/4708/4238 4240/4711/4241 4247/4712/4242 4244/4709/4239
f 4236/4713/4243 4239/4714/4244 4240/4711/4241 4235/4708/4238
f 4241/4715/4245 4248/4716/4246 4249/4717/4247 4250/4718/4248
f 4240/4711/4241 4241/4715/4245 4250/4718/4248 4247/4712/4242
f 4242/4719/4249 4251/4720/4250 4248/4716/4246 4241/4715/4245
f 4239/4714/4244 4242/4719/4249 4241/4715/4245 4240/4711/4241
f 4252/4721/4251 4236/4713/4243 4235/4708/4238 4246/4707/4237
f 4238/4722/4252 4239/4714/4244 4236/4713/4243 4237/4723/4253
f 4238/4722/4252 4243/4724/4254 4242/4719/4249 4239/4714/4244
f 4243/4724/4254 4253/4725/4255 4251/4720/4250 4242/4719/4249
f 4254/4726/4256 4237/4723/4253 4236/4713/4243 4252/4721/4251
s 164
f 4255/4727/4257 4258/4728/4258 4259/4729/4259 4260/4730/4260
f 4260/4730/4260 4261/4731/4261 4256/4732/4262 4255/4727/4257
f 4261/4731/4261 4262/4733/4263 4257/4734/4264 4256/4732/4262
f 4257/4734/4264 4262/4733/4263 4263/4735/4265 4264/4736/4266
